Date,Product Name,Demand,DayOfWeek,Month,IsWeekend
2025-04-01,Allegra 120mg,0.0,1,4,0
2025-04-01,Amlodipine 5mg,2.0,1,4,0
2025-04-01,Amoxicillin 250mg,0.0,1,4,0
2025-04-01,Atorvastatin 10mg,0.0,1,4,0
2025-04-01,Avil 25mg,0.0,1,4,0
2025-04-01,Azithromycin 500mg,0.0,1,4,0
2025-04-01,Bandage Roll,0.0,1,4,0
2025-04-01,Becosules,0.0,1,4,0
2025-04-01,Betadine Ointment,0.0,1,4,0
2025-04-01,Calpol 500mg,0.0,1,4,0
2025-04-01,Cetirizine 10mg,0.0,1,4,0
2025-04-01,Chlorpheniramine,0.0,1,4,0
2025-04-01,Ciprofloxacin 500mg,0.0,1,4,0
2025-04-01,Clotrimazole Cream,0.0,1,4,0
2025-04-01,Combiflam,0.0,1,4,0
2025-04-01,Crocin Advance,0.0,1,4,0
2025-04-01,Dexamethasone 4mg,0.0,1,4,0
2025-04-01,Digene,3.0,1,4,0
2025-04-01,Disprin,4.0,1,4,0
2025-04-01,Dolo 650mg,0.0,1,4,0
2025-04-01,Domperidone 10mg,0.0,1,4,0
2025-04-01,Erythromycin 250mg,7.0,1,4,0
2025-04-01,Glibenclamide 5mg,0.0,1,4,0
2025-04-01,Hand Sanitizer,0.0,1,4,0
2025-04-01,Hydroxychloroquine 200mg,0.0,1,4,0
2025-04-01,Ibuprofen 400mg,6.0,1,4,0
2025-04-01,Insulin 30/70,0.0,1,4,0
2025-04-01,Ivermectin 12mg,0.0,1,4,0
2025-04-01,Levocetirizine 5mg,0.0,1,4,0
2025-04-01,Loperamide 2mg,0.0,1,4,0
2025-04-01,Losartan 50mg,0.0,1,4,0
2025-04-01,Metformin 500mg,0.0,1,4,0
2025-04-01,Montelukast 10mg,0.0,1,4,0
2025-04-01,Multivitamin Syrup,3.0,1,4,0
2025-04-01,N95 Mask,0.0,1,4,0
2025-04-01,Nicotine Patch,0.0,1,4,0
2025-04-01,ORS Sachet,0.0,1,4,0
2025-04-01,Omeprazole 20mg,0.0,1,4,0
2025-04-01,Pantoprazole 40mg,0.0,1,4,0
2025-04-01,Paracetamol 500mg,0.0,1,4,0
2025-04-01,Prednisolone 10mg,0.0,1,4,0
2025-04-01,Ranitidine 150mg,0.0,1,4,0
2025-04-01,Salbutamol Inhaler,0.0,1,4,0
2025-04-01,Surgical Gloves,0.0,1,4,0
2025-04-01,Tetanus Toxoid,3.0,1,4,0
2025-04-01,Thermometer,0.0,1,4,0
2025-04-01,Thyroxine 50mcg,0.0,1,4,0
2025-04-01,Vitamin C Tablets,0.0,1,4,0
2025-04-01,Volini Gel,0.0,1,4,0
2025-04-01,Zincovit,0.0,1,4,0
2025-04-02,Allegra 120mg,0.0,2,4,0
2025-04-02,Amlodipine 5mg,0.0,2,4,0
2025-04-02,Amoxicillin 250mg,0.0,2,4,0
2025-04-02,Atorvastatin 10mg,0.0,2,4,0
2025-04-02,Avil 25mg,0.0,2,4,0
2025-04-02,Azithromycin 500mg,2.0,2,4,0
2025-04-02,Bandage Roll,0.0,2,4,0
2025-04-02,Becosules,0.0,2,4,0
2025-04-02,Betadine Ointment,0.0,2,4,0
2025-04-02,Calpol 500mg,0.0,2,4,0
2025-04-02,Cetirizine 10mg,0.0,2,4,0
2025-04-02,Chlorpheniramine,0.0,2,4,0
2025-04-02,Ciprofloxacin 500mg,0.0,2,4,0
2025-04-02,Clotrimazole Cream,4.0,2,4,0
2025-04-02,Combiflam,0.0,2,4,0
2025-04-02,Crocin Advance,0.0,2,4,0
2025-04-02,Dexamethasone 4mg,0.0,2,4,0
2025-04-02,Digene,0.0,2,4,0
2025-04-02,Disprin,0.0,2,4,0
2025-04-02,Dolo 650mg,0.0,2,4,0
2025-04-02,Domperidone 10mg,0.0,2,4,0
2025-04-02,Erythromycin 250mg,0.0,2,4,0
2025-04-02,Glibenclamide 5mg,0.0,2,4,0
2025-04-02,Hand Sanitizer,7.0,2,4,0
2025-04-02,Hydroxychloroquine 200mg,2.0,2,4,0
2025-04-02,Ibuprofen 400mg,0.0,2,4,0
2025-04-02,Insulin 30/70,0.0,2,4,0
2025-04-02,Ivermectin 12mg,0.0,2,4,0
2025-04-02,Levocetirizine 5mg,0.0,2,4,0
2025-04-02,Loperamide 2mg,10.0,2,4,0
2025-04-02,Losartan 50mg,0.0,2,4,0
2025-04-02,Metformin 500mg,0.0,2,4,0
2025-04-02,Montelukast 10mg,0.0,2,4,0
2025-04-02,Multivitamin Syrup,0.0,2,4,0
2025-04-02,N95 Mask,0.0,2,4,0
2025-04-02,Nicotine Patch,0.0,2,4,0
2025-04-02,ORS Sachet,0.0,2,4,0
2025-04-02,Omeprazole 20mg,0.0,2,4,0
2025-04-02,Pantoprazole 40mg,0.0,2,4,0
2025-04-02,Paracetamol 500mg,0.0,2,4,0
2025-04-02,Prednisolone 10mg,0.0,2,4,0
2025-04-02,Ranitidine 150mg,0.0,2,4,0
2025-04-02,Salbutamol Inhaler,0.0,2,4,0
2025-04-02,Surgical Gloves,0.0,2,4,0
2025-04-02,Tetanus Toxoid,5.0,2,4,0
2025-04-02,Thermometer,0.0,2,4,0
2025-04-02,Thyroxine 50mcg,0.0,2,4,0
2025-04-02,Vitamin C Tablets,0.0,2,4,0
2025-04-02,Volini Gel,4.0,2,4,0
2025-04-02,Zincovit,2.0,2,4,0
2025-04-03,Allegra 120mg,0.0,3,4,0
2025-04-03,Amlodipine 5mg,3.0,3,4,0
2025-04-03,Amoxicillin 250mg,0.0,3,4,0
2025-04-03,Atorvastatin 10mg,0.0,3,4,0
2025-04-03,Avil 25mg,0.0,3,4,0
2025-04-03,Azithromycin 500mg,0.0,3,4,0
2025-04-03,Bandage Roll,0.0,3,4,0
2025-04-03,Becosules,0.0,3,4,0
2025-04-03,Betadine Ointment,0.0,3,4,0
2025-04-03,Calpol 500mg,0.0,3,4,0
2025-04-03,Cetirizine 10mg,0.0,3,4,0
2025-04-03,Chlorpheniramine,0.0,3,4,0
2025-04-03,Ciprofloxacin 500mg,0.0,3,4,0
2025-04-03,Clotrimazole Cream,0.0,3,4,0
2025-04-03,Combiflam,3.0,3,4,0
2025-04-03,Crocin Advance,0.0,3,4,0
2025-04-03,Dexamethasone 4mg,0.0,3,4,0
2025-04-03,Digene,0.0,3,4,0
2025-04-03,Disprin,0.0,3,4,0
2025-04-03,Dolo 650mg,0.0,3,4,0
2025-04-03,Domperidone 10mg,0.0,3,4,0
2025-04-03,Erythromycin 250mg,0.0,3,4,0
2025-04-03,Glibenclamide 5mg,0.0,3,4,0
2025-04-03,Hand Sanitizer,0.0,3,4,0
2025-04-03,Hydroxychloroquine 200mg,0.0,3,4,0
2025-04-03,Ibuprofen 400mg,0.0,3,4,0
2025-04-03,Insulin 30/70,0.0,3,4,0
2025-04-03,Ivermectin 12mg,0.0,3,4,0
2025-04-03,Levocetirizine 5mg,0.0,3,4,0
2025-04-03,Loperamide 2mg,0.0,3,4,0
2025-04-03,Losartan 50mg,0.0,3,4,0
2025-04-03,Metformin 500mg,0.0,3,4,0
2025-04-03,Montelukast 10mg,2.0,3,4,0
2025-04-03,Multivitamin Syrup,0.0,3,4,0
2025-04-03,N95 Mask,0.0,3,4,0
2025-04-03,Nicotine Patch,6.0,3,4,0
2025-04-03,ORS Sachet,0.0,3,4,0
2025-04-03,Omeprazole 20mg,0.0,3,4,0
2025-04-03,Pantoprazole 40mg,0.0,3,4,0
2025-04-03,Paracetamol 500mg,0.0,3,4,0
2025-04-03,Prednisolone 10mg,0.0,3,4,0
2025-04-03,Ranitidine 150mg,0.0,3,4,0
2025-04-03,Salbutamol Inhaler,0.0,3,4,0
2025-04-03,Surgical Gloves,0.0,3,4,0
2025-04-03,Tetanus Toxoid,0.0,3,4,0
2025-04-03,Thermometer,0.0,3,4,0
2025-04-03,Thyroxine 50mcg,0.0,3,4,0
2025-04-03,Vitamin C Tablets,0.0,3,4,0
2025-04-03,Volini Gel,0.0,3,4,0
2025-04-03,Zincovit,0.0,3,4,0
2025-04-04,Allegra 120mg,0.0,4,4,0
2025-04-04,Amlodipine 5mg,0.0,4,4,0
2025-04-04,Amoxicillin 250mg,0.0,4,4,0
2025-04-04,Atorvastatin 10mg,0.0,4,4,0
2025-04-04,Avil 25mg,0.0,4,4,0
2025-04-04,Azithromycin 500mg,0.0,4,4,0
2025-04-04,Bandage Roll,0.0,4,4,0
2025-04-04,Becosules,0.0,4,4,0
2025-04-04,Betadine Ointment,0.0,4,4,0
2025-04-04,Calpol 500mg,0.0,4,4,0
2025-04-04,Cetirizine 10mg,0.0,4,4,0
2025-04-04,Chlorpheniramine,0.0,4,4,0
2025-04-04,Ciprofloxacin 500mg,0.0,4,4,0
2025-04-04,Clotrimazole Cream,2.0,4,4,0
2025-04-04,Combiflam,0.0,4,4,0
2025-04-04,Crocin Advance,0.0,4,4,0
2025-04-04,Dexamethasone 4mg,0.0,4,4,0
2025-04-04,Digene,0.0,4,4,0
2025-04-04,Disprin,4.0,4,4,0
2025-04-04,Dolo 650mg,6.0,4,4,0
2025-04-04,Domperidone 10mg,0.0,4,4,0
2025-04-04,Erythromycin 250mg,4.0,4,4,0
2025-04-04,Glibenclamide 5mg,0.0,4,4,0
2025-04-04,Hand Sanitizer,0.0,4,4,0
2025-04-04,Hydroxychloroquine 200mg,0.0,4,4,0
2025-04-04,Ibuprofen 400mg,0.0,4,4,0
2025-04-04,Insulin 30/70,0.0,4,4,0
2025-04-04,Ivermectin 12mg,0.0,4,4,0
2025-04-04,Levocetirizine 5mg,0.0,4,4,0
2025-04-04,Loperamide 2mg,0.0,4,4,0
2025-04-04,Losartan 50mg,0.0,4,4,0
2025-04-04,Metformin 500mg,0.0,4,4,0
2025-04-04,Montelukast 10mg,0.0,4,4,0
2025-04-04,Multivitamin Syrup,0.0,4,4,0
2025-04-04,N95 Mask,0.0,4,4,0
2025-04-04,Nicotine Patch,0.0,4,4,0
2025-04-04,ORS Sachet,0.0,4,4,0
2025-04-04,Omeprazole 20mg,0.0,4,4,0
2025-04-04,Pantoprazole 40mg,0.0,4,4,0
2025-04-04,Paracetamol 500mg,7.0,4,4,0
2025-04-04,Prednisolone 10mg,0.0,4,4,0
2025-04-04,Ranitidine 150mg,0.0,4,4,0
2025-04-04,Salbutamol Inhaler,0.0,4,4,0
2025-04-04,Surgical Gloves,0.0,4,4,0
2025-04-04,Tetanus Toxoid,0.0,4,4,0
2025-04-04,Thermometer,0.0,4,4,0
2025-04-04,Thyroxine 50mcg,0.0,4,4,0
2025-04-04,Vitamin C Tablets,0.0,4,4,0
2025-04-04,Volini Gel,0.0,4,4,0
2025-04-04,Zincovit,0.0,4,4,0
2025-04-05,Allegra 120mg,0.0,5,4,1
2025-04-05,Amlodipine 5mg,6.0,5,4,1
2025-04-05,Amoxicillin 250mg,0.0,5,4,1
2025-04-05,Atorvastatin 10mg,0.0,5,4,1
2025-04-05,Avil 25mg,0.0,5,4,1
2025-04-05,Azithromycin 500mg,0.0,5,4,1
2025-04-05,Bandage Roll,0.0,5,4,1
2025-04-05,Becosules,0.0,5,4,1
2025-04-05,Betadine Ointment,9.0,5,4,1
2025-04-05,Calpol 500mg,0.0,5,4,1
2025-04-05,Cetirizine 10mg,0.0,5,4,1
2025-04-05,Chlorpheniramine,0.0,5,4,1
2025-04-05,Ciprofloxacin 500mg,0.0,5,4,1
2025-04-05,Clotrimazole Cream,0.0,5,4,1
2025-04-05,Combiflam,4.0,5,4,1
2025-04-05,Crocin Advance,0.0,5,4,1
2025-04-05,Dexamethasone 4mg,0.0,5,4,1
2025-04-05,Digene,7.0,5,4,1
2025-04-05,Disprin,1.0,5,4,1
2025-04-05,Dolo 650mg,0.0,5,4,1
2025-04-05,Domperidone 10mg,0.0,5,4,1
2025-04-05,Erythromycin 250mg,0.0,5,4,1
2025-04-05,Glibenclamide 5mg,0.0,5,4,1
2025-04-05,Hand Sanitizer,0.0,5,4,1
2025-04-05,Hydroxychloroquine 200mg,5.0,5,4,1
2025-04-05,Ibuprofen 400mg,0.0,5,4,1
2025-04-05,Insulin 30/70,0.0,5,4,1
2025-04-05,Ivermectin 12mg,0.0,5,4,1
2025-04-05,Levocetirizine 5mg,0.0,5,4,1
2025-04-05,Loperamide 2mg,0.0,5,4,1
2025-04-05,Losartan 50mg,0.0,5,4,1
2025-04-05,Metformin 500mg,6.0,5,4,1
2025-04-05,Montelukast 10mg,8.0,5,4,1
2025-04-05,Multivitamin Syrup,7.0,5,4,1
2025-04-05,N95 Mask,0.0,5,4,1
2025-04-05,Nicotine Patch,0.0,5,4,1
2025-04-05,ORS Sachet,0.0,5,4,1
2025-04-05,Omeprazole 20mg,0.0,5,4,1
2025-04-05,Pantoprazole 40mg,0.0,5,4,1
2025-04-05,Paracetamol 500mg,15.0,5,4,1
2025-04-05,Prednisolone 10mg,0.0,5,4,1
2025-04-05,Ranitidine 150mg,0.0,5,4,1
2025-04-05,Salbutamol Inhaler,0.0,5,4,1
2025-04-05,Surgical Gloves,0.0,5,4,1
2025-04-05,Tetanus Toxoid,0.0,5,4,1
2025-04-05,Thermometer,0.0,5,4,1
2025-04-05,Thyroxine 50mcg,0.0,5,4,1
2025-04-05,Vitamin C Tablets,0.0,5,4,1
2025-04-05,Volini Gel,0.0,5,4,1
2025-04-05,Zincovit,0.0,5,4,1
2025-04-06,Allegra 120mg,0.0,6,4,1
2025-04-06,Amlodipine 5mg,0.0,6,4,1
2025-04-06,Amoxicillin 250mg,0.0,6,4,1
2025-04-06,Atorvastatin 10mg,0.0,6,4,1
2025-04-06,Avil 25mg,0.0,6,4,1
2025-04-06,Azithromycin 500mg,0.0,6,4,1
2025-04-06,Bandage Roll,0.0,6,4,1
2025-04-06,Becosules,0.0,6,4,1
2025-04-06,Betadine Ointment,0.0,6,4,1
2025-04-06,Calpol 500mg,0.0,6,4,1
2025-04-06,Cetirizine 10mg,0.0,6,4,1
2025-04-06,Chlorpheniramine,0.0,6,4,1
2025-04-06,Ciprofloxacin 500mg,0.0,6,4,1
2025-04-06,Clotrimazole Cream,0.0,6,4,1
2025-04-06,Combiflam,7.0,6,4,1
2025-04-06,Crocin Advance,6.0,6,4,1
2025-04-06,Dexamethasone 4mg,0.0,6,4,1
2025-04-06,Digene,0.0,6,4,1
2025-04-06,Disprin,6.0,6,4,1
2025-04-06,Dolo 650mg,3.0,6,4,1
2025-04-06,Domperidone 10mg,0.0,6,4,1
2025-04-06,Erythromycin 250mg,0.0,6,4,1
2025-04-06,Glibenclamide 5mg,0.0,6,4,1
2025-04-06,Hand Sanitizer,0.0,6,4,1
2025-04-06,Hydroxychloroquine 200mg,0.0,6,4,1
2025-04-06,Ibuprofen 400mg,0.0,6,4,1
2025-04-06,Insulin 30/70,0.0,6,4,1
2025-04-06,Ivermectin 12mg,0.0,6,4,1
2025-04-06,Levocetirizine 5mg,0.0,6,4,1
2025-04-06,Loperamide 2mg,0.0,6,4,1
2025-04-06,Losartan 50mg,0.0,6,4,1
2025-04-06,Metformin 500mg,0.0,6,4,1
2025-04-06,Montelukast 10mg,0.0,6,4,1
2025-04-06,Multivitamin Syrup,0.0,6,4,1
2025-04-06,N95 Mask,0.0,6,4,1
2025-04-06,Nicotine Patch,0.0,6,4,1
2025-04-06,ORS Sachet,0.0,6,4,1
2025-04-06,Omeprazole 20mg,0.0,6,4,1
2025-04-06,Pantoprazole 40mg,0.0,6,4,1
2025-04-06,Paracetamol 500mg,0.0,6,4,1
2025-04-06,Prednisolone 10mg,0.0,6,4,1
2025-04-06,Ranitidine 150mg,0.0,6,4,1
2025-04-06,Salbutamol Inhaler,0.0,6,4,1
2025-04-06,Surgical Gloves,0.0,6,4,1
2025-04-06,Tetanus Toxoid,0.0,6,4,1
2025-04-06,Thermometer,0.0,6,4,1
2025-04-06,Thyroxine 50mcg,0.0,6,4,1
2025-04-06,Vitamin C Tablets,8.0,6,4,1
2025-04-06,Volini Gel,0.0,6,4,1
2025-04-06,Zincovit,0.0,6,4,1
2025-04-07,Allegra 120mg,0.0,0,4,0
2025-04-07,Amlodipine 5mg,11.0,0,4,0
2025-04-07,Amoxicillin 250mg,0.0,0,4,0
2025-04-07,Atorvastatin 10mg,0.0,0,4,0
2025-04-07,Avil 25mg,0.0,0,4,0
2025-04-07,Azithromycin 500mg,0.0,0,4,0
2025-04-07,Bandage Roll,0.0,0,4,0
2025-04-07,Becosules,0.0,0,4,0
2025-04-07,Betadine Ointment,8.0,0,4,0
2025-04-07,Calpol 500mg,0.0,0,4,0
2025-04-07,Cetirizine 10mg,0.0,0,4,0
2025-04-07,Chlorpheniramine,0.0,0,4,0
2025-04-07,Ciprofloxacin 500mg,0.0,0,4,0
2025-04-07,Clotrimazole Cream,0.0,0,4,0
2025-04-07,Combiflam,0.0,0,4,0
2025-04-07,Crocin Advance,0.0,0,4,0
2025-04-07,Dexamethasone 4mg,0.0,0,4,0
2025-04-07,Digene,0.0,0,4,0
2025-04-07,Disprin,0.0,0,4,0
2025-04-07,Dolo 650mg,0.0,0,4,0
2025-04-07,Domperidone 10mg,0.0,0,4,0
2025-04-07,Erythromycin 250mg,0.0,0,4,0
2025-04-07,Glibenclamide 5mg,0.0,0,4,0
2025-04-07,Hand Sanitizer,0.0,0,4,0
2025-04-07,Hydroxychloroquine 200mg,0.0,0,4,0
2025-04-07,Ibuprofen 400mg,0.0,0,4,0
2025-04-07,Insulin 30/70,0.0,0,4,0
2025-04-07,Ivermectin 12mg,0.0,0,4,0
2025-04-07,Levocetirizine 5mg,0.0,0,4,0
2025-04-07,Loperamide 2mg,0.0,0,4,0
2025-04-07,Losartan 50mg,0.0,0,4,0
2025-04-07,Metformin 500mg,5.0,0,4,0
2025-04-07,Montelukast 10mg,0.0,0,4,0
2025-04-07,Multivitamin Syrup,0.0,0,4,0
2025-04-07,N95 Mask,0.0,0,4,0
2025-04-07,Nicotine Patch,0.0,0,4,0
2025-04-07,ORS Sachet,0.0,0,4,0
2025-04-07,Omeprazole 20mg,0.0,0,4,0
2025-04-07,Pantoprazole 40mg,0.0,0,4,0
2025-04-07,Paracetamol 500mg,0.0,0,4,0
2025-04-07,Prednisolone 10mg,0.0,0,4,0
2025-04-07,Ranitidine 150mg,0.0,0,4,0
2025-04-07,Salbutamol Inhaler,0.0,0,4,0
2025-04-07,Surgical Gloves,0.0,0,4,0
2025-04-07,Tetanus Toxoid,0.0,0,4,0
2025-04-07,Thermometer,0.0,0,4,0
2025-04-07,Thyroxine 50mcg,0.0,0,4,0
2025-04-07,Vitamin C Tablets,0.0,0,4,0
2025-04-07,Volini Gel,5.0,0,4,0
2025-04-07,Zincovit,0.0,0,4,0
2025-04-08,Allegra 120mg,0.0,1,4,0
2025-04-08,Amlodipine 5mg,0.0,1,4,0
2025-04-08,Amoxicillin 250mg,0.0,1,4,0
2025-04-08,Atorvastatin 10mg,9.0,1,4,0
2025-04-08,Avil 25mg,15.0,1,4,0
2025-04-08,Azithromycin 500mg,0.0,1,4,0
2025-04-08,Bandage Roll,0.0,1,4,0
2025-04-08,Becosules,0.0,1,4,0
2025-04-08,Betadine Ointment,0.0,1,4,0
2025-04-08,Calpol 500mg,0.0,1,4,0
2025-04-08,Cetirizine 10mg,0.0,1,4,0
2025-04-08,Chlorpheniramine,0.0,1,4,0
2025-04-08,Ciprofloxacin 500mg,0.0,1,4,0
2025-04-08,Clotrimazole Cream,0.0,1,4,0
2025-04-08,Combiflam,0.0,1,4,0
2025-04-08,Crocin Advance,0.0,1,4,0
2025-04-08,Dexamethasone 4mg,0.0,1,4,0
2025-04-08,Digene,0.0,1,4,0
2025-04-08,Disprin,7.0,1,4,0
2025-04-08,Dolo 650mg,0.0,1,4,0
2025-04-08,Domperidone 10mg,0.0,1,4,0
2025-04-08,Erythromycin 250mg,0.0,1,4,0
2025-04-08,Glibenclamide 5mg,0.0,1,4,0
2025-04-08,Hand Sanitizer,0.0,1,4,0
2025-04-08,Hydroxychloroquine 200mg,0.0,1,4,0
2025-04-08,Ibuprofen 400mg,0.0,1,4,0
2025-04-08,Insulin 30/70,0.0,1,4,0
2025-04-08,Ivermectin 12mg,0.0,1,4,0
2025-04-08,Levocetirizine 5mg,0.0,1,4,0
2025-04-08,Loperamide 2mg,0.0,1,4,0
2025-04-08,Losartan 50mg,0.0,1,4,0
2025-04-08,Metformin 500mg,0.0,1,4,0
2025-04-08,Montelukast 10mg,12.0,1,4,0
2025-04-08,Multivitamin Syrup,0.0,1,4,0
2025-04-08,N95 Mask,0.0,1,4,0
2025-04-08,Nicotine Patch,0.0,1,4,0
2025-04-08,ORS Sachet,0.0,1,4,0
2025-04-08,Omeprazole 20mg,0.0,1,4,0
2025-04-08,Pantoprazole 40mg,7.0,1,4,0
2025-04-08,Paracetamol 500mg,0.0,1,4,0
2025-04-08,Prednisolone 10mg,0.0,1,4,0
2025-04-08,Ranitidine 150mg,0.0,1,4,0
2025-04-08,Salbutamol Inhaler,0.0,1,4,0
2025-04-08,Surgical Gloves,0.0,1,4,0
2025-04-08,Tetanus Toxoid,0.0,1,4,0
2025-04-08,Thermometer,0.0,1,4,0
2025-04-08,Thyroxine 50mcg,0.0,1,4,0
2025-04-08,Vitamin C Tablets,0.0,1,4,0
2025-04-08,Volini Gel,0.0,1,4,0
2025-04-08,Zincovit,0.0,1,4,0
2025-04-09,Allegra 120mg,0.0,2,4,0
2025-04-09,Amlodipine 5mg,0.0,2,4,0
2025-04-09,Amoxicillin 250mg,0.0,2,4,0
2025-04-09,Atorvastatin 10mg,0.0,2,4,0
2025-04-09,Avil 25mg,0.0,2,4,0
2025-04-09,Azithromycin 500mg,2.0,2,4,0
2025-04-09,Bandage Roll,0.0,2,4,0
2025-04-09,Becosules,0.0,2,4,0
2025-04-09,Betadine Ointment,0.0,2,4,0
2025-04-09,Calpol 500mg,0.0,2,4,0
2025-04-09,Cetirizine 10mg,0.0,2,4,0
2025-04-09,Chlorpheniramine,2.0,2,4,0
2025-04-09,Ciprofloxacin 500mg,0.0,2,4,0
2025-04-09,Clotrimazole Cream,0.0,2,4,0
2025-04-09,Combiflam,0.0,2,4,0
2025-04-09,Crocin Advance,0.0,2,4,0
2025-04-09,Dexamethasone 4mg,2.0,2,4,0
2025-04-09,Digene,0.0,2,4,0
2025-04-09,Disprin,0.0,2,4,0
2025-04-09,Dolo 650mg,0.0,2,4,0
2025-04-09,Domperidone 10mg,0.0,2,4,0
2025-04-09,Erythromycin 250mg,0.0,2,4,0
2025-04-09,Glibenclamide 5mg,0.0,2,4,0
2025-04-09,Hand Sanitizer,0.0,2,4,0
2025-04-09,Hydroxychloroquine 200mg,0.0,2,4,0
2025-04-09,Ibuprofen 400mg,0.0,2,4,0
2025-04-09,Insulin 30/70,0.0,2,4,0
2025-04-09,Ivermectin 12mg,0.0,2,4,0
2025-04-09,Levocetirizine 5mg,0.0,2,4,0
2025-04-09,Loperamide 2mg,1.0,2,4,0
2025-04-09,Losartan 50mg,0.0,2,4,0
2025-04-09,Metformin 500mg,0.0,2,4,0
2025-04-09,Montelukast 10mg,0.0,2,4,0
2025-04-09,Multivitamin Syrup,8.0,2,4,0
2025-04-09,N95 Mask,0.0,2,4,0
2025-04-09,Nicotine Patch,0.0,2,4,0
2025-04-09,ORS Sachet,0.0,2,4,0
2025-04-09,Omeprazole 20mg,0.0,2,4,0
2025-04-09,Pantoprazole 40mg,0.0,2,4,0
2025-04-09,Paracetamol 500mg,0.0,2,4,0
2025-04-09,Prednisolone 10mg,0.0,2,4,0
2025-04-09,Ranitidine 150mg,0.0,2,4,0
2025-04-09,Salbutamol Inhaler,0.0,2,4,0
2025-04-09,Surgical Gloves,0.0,2,4,0
2025-04-09,Tetanus Toxoid,0.0,2,4,0
2025-04-09,Thermometer,0.0,2,4,0
2025-04-09,Thyroxine 50mcg,0.0,2,4,0
2025-04-09,Vitamin C Tablets,0.0,2,4,0
2025-04-09,Volini Gel,0.0,2,4,0
2025-04-09,Zincovit,0.0,2,4,0
2025-04-10,Allegra 120mg,0.0,3,4,0
2025-04-10,Amlodipine 5mg,0.0,3,4,0
2025-04-10,Amoxicillin 250mg,4.0,3,4,0
2025-04-10,Atorvastatin 10mg,4.0,3,4,0
2025-04-10,Avil 25mg,0.0,3,4,0
2025-04-10,Azithromycin 500mg,14.0,3,4,0
2025-04-10,Bandage Roll,0.0,3,4,0
2025-04-10,Becosules,0.0,3,4,0
2025-04-10,Betadine Ointment,0.0,3,4,0
2025-04-10,Calpol 500mg,0.0,3,4,0
2025-04-10,Cetirizine 10mg,0.0,3,4,0
2025-04-10,Chlorpheniramine,0.0,3,4,0
2025-04-10,Ciprofloxacin 500mg,0.0,3,4,0
2025-04-10,Clotrimazole Cream,0.0,3,4,0
2025-04-10,Combiflam,0.0,3,4,0
2025-04-10,Crocin Advance,0.0,3,4,0
2025-04-10,Dexamethasone 4mg,0.0,3,4,0
2025-04-10,Digene,0.0,3,4,0
2025-04-10,Disprin,0.0,3,4,0
2025-04-10,Dolo 650mg,0.0,3,4,0
2025-04-10,Domperidone 10mg,0.0,3,4,0
2025-04-10,Erythromycin 250mg,1.0,3,4,0
2025-04-10,Glibenclamide 5mg,0.0,3,4,0
2025-04-10,Hand Sanitizer,0.0,3,4,0
2025-04-10,Hydroxychloroquine 200mg,0.0,3,4,0
2025-04-10,Ibuprofen 400mg,0.0,3,4,0
2025-04-10,Insulin 30/70,0.0,3,4,0
2025-04-10,Ivermectin 12mg,0.0,3,4,0
2025-04-10,Levocetirizine 5mg,0.0,3,4,0
2025-04-10,Loperamide 2mg,0.0,3,4,0
2025-04-10,Losartan 50mg,0.0,3,4,0
2025-04-10,Metformin 500mg,0.0,3,4,0
2025-04-10,Montelukast 10mg,12.0,3,4,0
2025-04-10,Multivitamin Syrup,6.0,3,4,0
2025-04-10,N95 Mask,0.0,3,4,0
2025-04-10,Nicotine Patch,0.0,3,4,0
2025-04-10,ORS Sachet,0.0,3,4,0
2025-04-10,Omeprazole 20mg,0.0,3,4,0
2025-04-10,Pantoprazole 40mg,0.0,3,4,0
2025-04-10,Paracetamol 500mg,0.0,3,4,0
2025-04-10,Prednisolone 10mg,0.0,3,4,0
2025-04-10,Ranitidine 150mg,8.0,3,4,0
2025-04-10,Salbutamol Inhaler,0.0,3,4,0
2025-04-10,Surgical Gloves,0.0,3,4,0
2025-04-10,Tetanus Toxoid,0.0,3,4,0
2025-04-10,Thermometer,0.0,3,4,0
2025-04-10,Thyroxine 50mcg,8.0,3,4,0
2025-04-10,Vitamin C Tablets,0.0,3,4,0
2025-04-10,Volini Gel,3.0,3,4,0
2025-04-10,Zincovit,0.0,3,4,0
2025-04-11,Allegra 120mg,0.0,4,4,0
2025-04-11,Amlodipine 5mg,0.0,4,4,0
2025-04-11,Amoxicillin 250mg,0.0,4,4,0
2025-04-11,Atorvastatin 10mg,0.0,4,4,0
2025-04-11,Avil 25mg,0.0,4,4,0
2025-04-11,Azithromycin 500mg,0.0,4,4,0
2025-04-11,Bandage Roll,0.0,4,4,0
2025-04-11,Becosules,10.0,4,4,0
2025-04-11,Betadine Ointment,0.0,4,4,0
2025-04-11,Calpol 500mg,0.0,4,4,0
2025-04-11,Cetirizine 10mg,0.0,4,4,0
2025-04-11,Chlorpheniramine,0.0,4,4,0
2025-04-11,Ciprofloxacin 500mg,6.0,4,4,0
2025-04-11,Clotrimazole Cream,0.0,4,4,0
2025-04-11,Combiflam,0.0,4,4,0
2025-04-11,Crocin Advance,5.0,4,4,0
2025-04-11,Dexamethasone 4mg,0.0,4,4,0
2025-04-11,Digene,0.0,4,4,0
2025-04-11,Disprin,0.0,4,4,0
2025-04-11,Dolo 650mg,0.0,4,4,0
2025-04-11,Domperidone 10mg,0.0,4,4,0
2025-04-11,Erythromycin 250mg,0.0,4,4,0
2025-04-11,Glibenclamide 5mg,0.0,4,4,0
2025-04-11,Hand Sanitizer,8.0,4,4,0
2025-04-11,Hydroxychloroquine 200mg,0.0,4,4,0
2025-04-11,Ibuprofen 400mg,0.0,4,4,0
2025-04-11,Insulin 30/70,0.0,4,4,0
2025-04-11,Ivermectin 12mg,10.0,4,4,0
2025-04-11,Levocetirizine 5mg,0.0,4,4,0
2025-04-11,Loperamide 2mg,0.0,4,4,0
2025-04-11,Losartan 50mg,0.0,4,4,0
2025-04-11,Metformin 500mg,0.0,4,4,0
2025-04-11,Montelukast 10mg,0.0,4,4,0
2025-04-11,Multivitamin Syrup,6.0,4,4,0
2025-04-11,N95 Mask,0.0,4,4,0
2025-04-11,Nicotine Patch,4.0,4,4,0
2025-04-11,ORS Sachet,0.0,4,4,0
2025-04-11,Omeprazole 20mg,1.0,4,4,0
2025-04-11,Pantoprazole 40mg,0.0,4,4,0
2025-04-11,Paracetamol 500mg,0.0,4,4,0
2025-04-11,Prednisolone 10mg,0.0,4,4,0
2025-04-11,Ranitidine 150mg,0.0,4,4,0
2025-04-11,Salbutamol Inhaler,0.0,4,4,0
2025-04-11,Surgical Gloves,3.0,4,4,0
2025-04-11,Tetanus Toxoid,0.0,4,4,0
2025-04-11,Thermometer,0.0,4,4,0
2025-04-11,Thyroxine 50mcg,5.0,4,4,0
2025-04-11,Vitamin C Tablets,0.0,4,4,0
2025-04-11,Volini Gel,0.0,4,4,0
2025-04-11,Zincovit,0.0,4,4,0
2025-04-12,Allegra 120mg,0.0,5,4,1
2025-04-12,Amlodipine 5mg,0.0,5,4,1
2025-04-12,Amoxicillin 250mg,0.0,5,4,1
2025-04-12,Atorvastatin 10mg,0.0,5,4,1
2025-04-12,Avil 25mg,0.0,5,4,1
2025-04-12,Azithromycin 500mg,0.0,5,4,1
2025-04-12,Bandage Roll,7.0,5,4,1
2025-04-12,Becosules,0.0,5,4,1
2025-04-12,Betadine Ointment,0.0,5,4,1
2025-04-12,Calpol 500mg,0.0,5,4,1
2025-04-12,Cetirizine 10mg,0.0,5,4,1
2025-04-12,Chlorpheniramine,9.0,5,4,1
2025-04-12,Ciprofloxacin 500mg,0.0,5,4,1
2025-04-12,Clotrimazole Cream,1.0,5,4,1
2025-04-12,Combiflam,0.0,5,4,1
2025-04-12,Crocin Advance,0.0,5,4,1
2025-04-12,Dexamethasone 4mg,0.0,5,4,1
2025-04-12,Digene,0.0,5,4,1
2025-04-12,Disprin,0.0,5,4,1
2025-04-12,Dolo 650mg,0.0,5,4,1
2025-04-12,Domperidone 10mg,0.0,5,4,1
2025-04-12,Erythromycin 250mg,0.0,5,4,1
2025-04-12,Glibenclamide 5mg,3.0,5,4,1
2025-04-12,Hand Sanitizer,0.0,5,4,1
2025-04-12,Hydroxychloroquine 200mg,0.0,5,4,1
2025-04-12,Ibuprofen 400mg,0.0,5,4,1
2025-04-12,Insulin 30/70,9.0,5,4,1
2025-04-12,Ivermectin 12mg,0.0,5,4,1
2025-04-12,Levocetirizine 5mg,0.0,5,4,1
2025-04-12,Loperamide 2mg,0.0,5,4,1
2025-04-12,Losartan 50mg,1.0,5,4,1
2025-04-12,Metformin 500mg,0.0,5,4,1
2025-04-12,Montelukast 10mg,0.0,5,4,1
2025-04-12,Multivitamin Syrup,0.0,5,4,1
2025-04-12,N95 Mask,0.0,5,4,1
2025-04-12,Nicotine Patch,0.0,5,4,1
2025-04-12,ORS Sachet,0.0,5,4,1
2025-04-12,Omeprazole 20mg,0.0,5,4,1
2025-04-12,Pantoprazole 40mg,0.0,5,4,1
2025-04-12,Paracetamol 500mg,0.0,5,4,1
2025-04-12,Prednisolone 10mg,9.0,5,4,1
2025-04-12,Ranitidine 150mg,0.0,5,4,1
2025-04-12,Salbutamol Inhaler,0.0,5,4,1
2025-04-12,Surgical Gloves,0.0,5,4,1
2025-04-12,Tetanus Toxoid,0.0,5,4,1
2025-04-12,Thermometer,0.0,5,4,1
2025-04-12,Thyroxine 50mcg,0.0,5,4,1
2025-04-12,Vitamin C Tablets,0.0,5,4,1
2025-04-12,Volini Gel,0.0,5,4,1
2025-04-12,Zincovit,0.0,5,4,1
2025-04-13,Allegra 120mg,5.0,6,4,1
2025-04-13,Amlodipine 5mg,0.0,6,4,1
2025-04-13,Amoxicillin 250mg,0.0,6,4,1
2025-04-13,Atorvastatin 10mg,0.0,6,4,1
2025-04-13,Avil 25mg,0.0,6,4,1
2025-04-13,Azithromycin 500mg,0.0,6,4,1
2025-04-13,Bandage Roll,0.0,6,4,1
2025-04-13,Becosules,0.0,6,4,1
2025-04-13,Betadine Ointment,0.0,6,4,1
2025-04-13,Calpol 500mg,0.0,6,4,1
2025-04-13,Cetirizine 10mg,0.0,6,4,1
2025-04-13,Chlorpheniramine,4.0,6,4,1
2025-04-13,Ciprofloxacin 500mg,0.0,6,4,1
2025-04-13,Clotrimazole Cream,10.0,6,4,1
2025-04-13,Combiflam,9.0,6,4,1
2025-04-13,Crocin Advance,0.0,6,4,1
2025-04-13,Dexamethasone 4mg,0.0,6,4,1
2025-04-13,Digene,7.0,6,4,1
2025-04-13,Disprin,0.0,6,4,1
2025-04-13,Dolo 650mg,0.0,6,4,1
2025-04-13,Domperidone 10mg,0.0,6,4,1
2025-04-13,Erythromycin 250mg,8.0,6,4,1
2025-04-13,Glibenclamide 5mg,0.0,6,4,1
2025-04-13,Hand Sanitizer,0.0,6,4,1
2025-04-13,Hydroxychloroquine 200mg,3.0,6,4,1
2025-04-13,Ibuprofen 400mg,0.0,6,4,1
2025-04-13,Insulin 30/70,0.0,6,4,1
2025-04-13,Ivermectin 12mg,0.0,6,4,1
2025-04-13,Levocetirizine 5mg,0.0,6,4,1
2025-04-13,Loperamide 2mg,0.0,6,4,1
2025-04-13,Losartan 50mg,0.0,6,4,1
2025-04-13,Metformin 500mg,0.0,6,4,1
2025-04-13,Montelukast 10mg,0.0,6,4,1
2025-04-13,Multivitamin Syrup,0.0,6,4,1
2025-04-13,N95 Mask,2.0,6,4,1
2025-04-13,Nicotine Patch,0.0,6,4,1
2025-04-13,ORS Sachet,0.0,6,4,1
2025-04-13,Omeprazole 20mg,0.0,6,4,1
2025-04-13,Pantoprazole 40mg,0.0,6,4,1
2025-04-13,Paracetamol 500mg,0.0,6,4,1
2025-04-13,Prednisolone 10mg,0.0,6,4,1
2025-04-13,Ranitidine 150mg,0.0,6,4,1
2025-04-13,Salbutamol Inhaler,9.0,6,4,1
2025-04-13,Surgical Gloves,0.0,6,4,1
2025-04-13,Tetanus Toxoid,0.0,6,4,1
2025-04-13,Thermometer,0.0,6,4,1
2025-04-13,Thyroxine 50mcg,0.0,6,4,1
2025-04-13,Vitamin C Tablets,0.0,6,4,1
2025-04-13,Volini Gel,0.0,6,4,1
2025-04-13,Zincovit,0.0,6,4,1
2025-04-14,Allegra 120mg,0.0,0,4,0
2025-04-14,Amlodipine 5mg,0.0,0,4,0
2025-04-14,Amoxicillin 250mg,5.0,0,4,0
2025-04-14,Atorvastatin 10mg,0.0,0,4,0
2025-04-14,Avil 25mg,0.0,0,4,0
2025-04-14,Azithromycin 500mg,0.0,0,4,0
2025-04-14,Bandage Roll,0.0,0,4,0
2025-04-14,Becosules,0.0,0,4,0
2025-04-14,Betadine Ointment,0.0,0,4,0
2025-04-14,Calpol 500mg,0.0,0,4,0
2025-04-14,Cetirizine 10mg,0.0,0,4,0
2025-04-14,Chlorpheniramine,0.0,0,4,0
2025-04-14,Ciprofloxacin 500mg,0.0,0,4,0
2025-04-14,Clotrimazole Cream,5.0,0,4,0
2025-04-14,Combiflam,0.0,0,4,0
2025-04-14,Crocin Advance,0.0,0,4,0
2025-04-14,Dexamethasone 4mg,0.0,0,4,0
2025-04-14,Digene,0.0,0,4,0
2025-04-14,Disprin,0.0,0,4,0
2025-04-14,Dolo 650mg,0.0,0,4,0
2025-04-14,Domperidone 10mg,0.0,0,4,0
2025-04-14,Erythromycin 250mg,0.0,0,4,0
2025-04-14,Glibenclamide 5mg,8.0,0,4,0
2025-04-14,Hand Sanitizer,0.0,0,4,0
2025-04-14,Hydroxychloroquine 200mg,0.0,0,4,0
2025-04-14,Ibuprofen 400mg,0.0,0,4,0
2025-04-14,Insulin 30/70,0.0,0,4,0
2025-04-14,Ivermectin 12mg,0.0,0,4,0
2025-04-14,Levocetirizine 5mg,0.0,0,4,0
2025-04-14,Loperamide 2mg,0.0,0,4,0
2025-04-14,Losartan 50mg,9.0,0,4,0
2025-04-14,Metformin 500mg,11.0,0,4,0
2025-04-14,Montelukast 10mg,0.0,0,4,0
2025-04-14,Multivitamin Syrup,0.0,0,4,0
2025-04-14,N95 Mask,0.0,0,4,0
2025-04-14,Nicotine Patch,0.0,0,4,0
2025-04-14,ORS Sachet,0.0,0,4,0
2025-04-14,Omeprazole 20mg,0.0,0,4,0
2025-04-14,Pantoprazole 40mg,0.0,0,4,0
2025-04-14,Paracetamol 500mg,0.0,0,4,0
2025-04-14,Prednisolone 10mg,0.0,0,4,0
2025-04-14,Ranitidine 150mg,0.0,0,4,0
2025-04-14,Salbutamol Inhaler,0.0,0,4,0
2025-04-14,Surgical Gloves,0.0,0,4,0
2025-04-14,Tetanus Toxoid,0.0,0,4,0
2025-04-14,Thermometer,0.0,0,4,0
2025-04-14,Thyroxine 50mcg,0.0,0,4,0
2025-04-14,Vitamin C Tablets,0.0,0,4,0
2025-04-14,Volini Gel,0.0,0,4,0
2025-04-14,Zincovit,0.0,0,4,0
2025-04-15,Allegra 120mg,0.0,1,4,0
2025-04-15,Amlodipine 5mg,0.0,1,4,0
2025-04-15,Amoxicillin 250mg,0.0,1,4,0
2025-04-15,Atorvastatin 10mg,0.0,1,4,0
2025-04-15,Avil 25mg,0.0,1,4,0
2025-04-15,Azithromycin 500mg,3.0,1,4,0
2025-04-15,Bandage Roll,0.0,1,4,0
2025-04-15,Becosules,0.0,1,4,0
2025-04-15,Betadine Ointment,0.0,1,4,0
2025-04-15,Calpol 500mg,6.0,1,4,0
2025-04-15,Cetirizine 10mg,0.0,1,4,0
2025-04-15,Chlorpheniramine,0.0,1,4,0
2025-04-15,Ciprofloxacin 500mg,0.0,1,4,0
2025-04-15,Clotrimazole Cream,0.0,1,4,0
2025-04-15,Combiflam,8.0,1,4,0
2025-04-15,Crocin Advance,0.0,1,4,0
2025-04-15,Dexamethasone 4mg,6.0,1,4,0
2025-04-15,Digene,6.0,1,4,0
2025-04-15,Disprin,1.0,1,4,0
2025-04-15,Dolo 650mg,0.0,1,4,0
2025-04-15,Domperidone 10mg,6.0,1,4,0
2025-04-15,Erythromycin 250mg,0.0,1,4,0
2025-04-15,Glibenclamide 5mg,0.0,1,4,0
2025-04-15,Hand Sanitizer,0.0,1,4,0
2025-04-15,Hydroxychloroquine 200mg,0.0,1,4,0
2025-04-15,Ibuprofen 400mg,0.0,1,4,0
2025-04-15,Insulin 30/70,0.0,1,4,0
2025-04-15,Ivermectin 12mg,0.0,1,4,0
2025-04-15,Levocetirizine 5mg,0.0,1,4,0
2025-04-15,Loperamide 2mg,0.0,1,4,0
2025-04-15,Losartan 50mg,0.0,1,4,0
2025-04-15,Metformin 500mg,8.0,1,4,0
2025-04-15,Montelukast 10mg,0.0,1,4,0
2025-04-15,Multivitamin Syrup,0.0,1,4,0
2025-04-15,N95 Mask,0.0,1,4,0
2025-04-15,Nicotine Patch,3.0,1,4,0
2025-04-15,ORS Sachet,0.0,1,4,0
2025-04-15,Omeprazole 20mg,0.0,1,4,0
2025-04-15,Pantoprazole 40mg,0.0,1,4,0
2025-04-15,Paracetamol 500mg,0.0,1,4,0
2025-04-15,Prednisolone 10mg,0.0,1,4,0
2025-04-15,Ranitidine 150mg,0.0,1,4,0
2025-04-15,Salbutamol Inhaler,0.0,1,4,0
2025-04-15,Surgical Gloves,0.0,1,4,0
2025-04-15,Tetanus Toxoid,0.0,1,4,0
2025-04-15,Thermometer,0.0,1,4,0
2025-04-15,Thyroxine 50mcg,0.0,1,4,0
2025-04-15,Vitamin C Tablets,0.0,1,4,0
2025-04-15,Volini Gel,0.0,1,4,0
2025-04-15,Zincovit,0.0,1,4,0
2025-04-16,Allegra 120mg,0.0,2,4,0
2025-04-16,Amlodipine 5mg,0.0,2,4,0
2025-04-16,Amoxicillin 250mg,0.0,2,4,0
2025-04-16,Atorvastatin 10mg,8.0,2,4,0
2025-04-16,Avil 25mg,0.0,2,4,0
2025-04-16,Azithromycin 500mg,0.0,2,4,0
2025-04-16,Bandage Roll,15.0,2,4,0
2025-04-16,Becosules,0.0,2,4,0
2025-04-16,Betadine Ointment,0.0,2,4,0
2025-04-16,Calpol 500mg,0.0,2,4,0
2025-04-16,Cetirizine 10mg,0.0,2,4,0
2025-04-16,Chlorpheniramine,0.0,2,4,0
2025-04-16,Ciprofloxacin 500mg,0.0,2,4,0
2025-04-16,Clotrimazole Cream,0.0,2,4,0
2025-04-16,Combiflam,0.0,2,4,0
2025-04-16,Crocin Advance,0.0,2,4,0
2025-04-16,Dexamethasone 4mg,0.0,2,4,0
2025-04-16,Digene,0.0,2,4,0
2025-04-16,Disprin,0.0,2,4,0
2025-04-16,Dolo 650mg,0.0,2,4,0
2025-04-16,Domperidone 10mg,0.0,2,4,0
2025-04-16,Erythromycin 250mg,0.0,2,4,0
2025-04-16,Glibenclamide 5mg,0.0,2,4,0
2025-04-16,Hand Sanitizer,6.0,2,4,0
2025-04-16,Hydroxychloroquine 200mg,0.0,2,4,0
2025-04-16,Ibuprofen 400mg,0.0,2,4,0
2025-04-16,Insulin 30/70,0.0,2,4,0
2025-04-16,Ivermectin 12mg,0.0,2,4,0
2025-04-16,Levocetirizine 5mg,0.0,2,4,0
2025-04-16,Loperamide 2mg,0.0,2,4,0
2025-04-16,Losartan 50mg,0.0,2,4,0
2025-04-16,Metformin 500mg,0.0,2,4,0
2025-04-16,Montelukast 10mg,0.0,2,4,0
2025-04-16,Multivitamin Syrup,10.0,2,4,0
2025-04-16,N95 Mask,0.0,2,4,0
2025-04-16,Nicotine Patch,3.0,2,4,0
2025-04-16,ORS Sachet,0.0,2,4,0
2025-04-16,Omeprazole 20mg,0.0,2,4,0
2025-04-16,Pantoprazole 40mg,0.0,2,4,0
2025-04-16,Paracetamol 500mg,0.0,2,4,0
2025-04-16,Prednisolone 10mg,0.0,2,4,0
2025-04-16,Ranitidine 150mg,0.0,2,4,0
2025-04-16,Salbutamol Inhaler,0.0,2,4,0
2025-04-16,Surgical Gloves,0.0,2,4,0
2025-04-16,Tetanus Toxoid,0.0,2,4,0
2025-04-16,Thermometer,0.0,2,4,0
2025-04-16,Thyroxine 50mcg,0.0,2,4,0
2025-04-16,Vitamin C Tablets,0.0,2,4,0
2025-04-16,Volini Gel,0.0,2,4,0
2025-04-16,Zincovit,0.0,2,4,0
2025-04-17,Allegra 120mg,0.0,3,4,0
2025-04-17,Amlodipine 5mg,0.0,3,4,0
2025-04-17,Amoxicillin 250mg,0.0,3,4,0
2025-04-17,Atorvastatin 10mg,0.0,3,4,0
2025-04-17,Avil 25mg,0.0,3,4,0
2025-04-17,Azithromycin 500mg,0.0,3,4,0
2025-04-17,Bandage Roll,0.0,3,4,0
2025-04-17,Becosules,0.0,3,4,0
2025-04-17,Betadine Ointment,0.0,3,4,0
2025-04-17,Calpol 500mg,0.0,3,4,0
2025-04-17,Cetirizine 10mg,0.0,3,4,0
2025-04-17,Chlorpheniramine,0.0,3,4,0
2025-04-17,Ciprofloxacin 500mg,0.0,3,4,0
2025-04-17,Clotrimazole Cream,0.0,3,4,0
2025-04-17,Combiflam,7.0,3,4,0
2025-04-17,Crocin Advance,0.0,3,4,0
2025-04-17,Dexamethasone 4mg,0.0,3,4,0
2025-04-17,Digene,0.0,3,4,0
2025-04-17,Disprin,9.0,3,4,0
2025-04-17,Dolo 650mg,6.0,3,4,0
2025-04-17,Domperidone 10mg,0.0,3,4,0
2025-04-17,Erythromycin 250mg,0.0,3,4,0
2025-04-17,Glibenclamide 5mg,7.0,3,4,0
2025-04-17,Hand Sanitizer,5.0,3,4,0
2025-04-17,Hydroxychloroquine 200mg,0.0,3,4,0
2025-04-17,Ibuprofen 400mg,0.0,3,4,0
2025-04-17,Insulin 30/70,0.0,3,4,0
2025-04-17,Ivermectin 12mg,0.0,3,4,0
2025-04-17,Levocetirizine 5mg,0.0,3,4,0
2025-04-17,Loperamide 2mg,0.0,3,4,0
2025-04-17,Losartan 50mg,0.0,3,4,0
2025-04-17,Metformin 500mg,0.0,3,4,0
2025-04-17,Montelukast 10mg,0.0,3,4,0
2025-04-17,Multivitamin Syrup,5.0,3,4,0
2025-04-17,N95 Mask,0.0,3,4,0
2025-04-17,Nicotine Patch,0.0,3,4,0
2025-04-17,ORS Sachet,0.0,3,4,0
2025-04-17,Omeprazole 20mg,0.0,3,4,0
2025-04-17,Pantoprazole 40mg,0.0,3,4,0
2025-04-17,Paracetamol 500mg,0.0,3,4,0
2025-04-17,Prednisolone 10mg,0.0,3,4,0
2025-04-17,Ranitidine 150mg,0.0,3,4,0
2025-04-17,Salbutamol Inhaler,0.0,3,4,0
2025-04-17,Surgical Gloves,4.0,3,4,0
2025-04-17,Tetanus Toxoid,0.0,3,4,0
2025-04-17,Thermometer,0.0,3,4,0
2025-04-17,Thyroxine 50mcg,0.0,3,4,0
2025-04-17,Vitamin C Tablets,0.0,3,4,0
2025-04-17,Volini Gel,0.0,3,4,0
2025-04-17,Zincovit,0.0,3,4,0
2025-04-18,Allegra 120mg,0.0,4,4,0
2025-04-18,Amlodipine 5mg,0.0,4,4,0
2025-04-18,Amoxicillin 250mg,0.0,4,4,0
2025-04-18,Atorvastatin 10mg,0.0,4,4,0
2025-04-18,Avil 25mg,8.0,4,4,0
2025-04-18,Azithromycin 500mg,0.0,4,4,0
2025-04-18,Bandage Roll,0.0,4,4,0
2025-04-18,Becosules,0.0,4,4,0
2025-04-18,Betadine Ointment,3.0,4,4,0
2025-04-18,Calpol 500mg,0.0,4,4,0
2025-04-18,Cetirizine 10mg,0.0,4,4,0
2025-04-18,Chlorpheniramine,0.0,4,4,0
2025-04-18,Ciprofloxacin 500mg,4.0,4,4,0
2025-04-18,Clotrimazole Cream,0.0,4,4,0
2025-04-18,Combiflam,0.0,4,4,0
2025-04-18,Crocin Advance,2.0,4,4,0
2025-04-18,Dexamethasone 4mg,0.0,4,4,0
2025-04-18,Digene,0.0,4,4,0
2025-04-18,Disprin,0.0,4,4,0
2025-04-18,Dolo 650mg,0.0,4,4,0
2025-04-18,Domperidone 10mg,0.0,4,4,0
2025-04-18,Erythromycin 250mg,7.0,4,4,0
2025-04-18,Glibenclamide 5mg,0.0,4,4,0
2025-04-18,Hand Sanitizer,0.0,4,4,0
2025-04-18,Hydroxychloroquine 200mg,0.0,4,4,0
2025-04-18,Ibuprofen 400mg,0.0,4,4,0
2025-04-18,Insulin 30/70,0.0,4,4,0
2025-04-18,Ivermectin 12mg,6.0,4,4,0
2025-04-18,Levocetirizine 5mg,0.0,4,4,0
2025-04-18,Loperamide 2mg,0.0,4,4,0
2025-04-18,Losartan 50mg,0.0,4,4,0
2025-04-18,Metformin 500mg,0.0,4,4,0
2025-04-18,Montelukast 10mg,0.0,4,4,0
2025-04-18,Multivitamin Syrup,0.0,4,4,0
2025-04-18,N95 Mask,0.0,4,4,0
2025-04-18,Nicotine Patch,0.0,4,4,0
2025-04-18,ORS Sachet,0.0,4,4,0
2025-04-18,Omeprazole 20mg,8.0,4,4,0
2025-04-18,Pantoprazole 40mg,0.0,4,4,0
2025-04-18,Paracetamol 500mg,0.0,4,4,0
2025-04-18,Prednisolone 10mg,0.0,4,4,0
2025-04-18,Ranitidine 150mg,0.0,4,4,0
2025-04-18,Salbutamol Inhaler,0.0,4,4,0
2025-04-18,Surgical Gloves,0.0,4,4,0
2025-04-18,Tetanus Toxoid,10.0,4,4,0
2025-04-18,Thermometer,0.0,4,4,0
2025-04-18,Thyroxine 50mcg,6.0,4,4,0
2025-04-18,Vitamin C Tablets,0.0,4,4,0
2025-04-18,Volini Gel,0.0,4,4,0
2025-04-18,Zincovit,0.0,4,4,0
2025-04-19,Allegra 120mg,1.0,5,4,1
2025-04-19,Amlodipine 5mg,0.0,5,4,1
2025-04-19,Amoxicillin 250mg,0.0,5,4,1
2025-04-19,Atorvastatin 10mg,0.0,5,4,1
2025-04-19,Avil 25mg,0.0,5,4,1
2025-04-19,Azithromycin 500mg,0.0,5,4,1
2025-04-19,Bandage Roll,0.0,5,4,1
2025-04-19,Becosules,0.0,5,4,1
2025-04-19,Betadine Ointment,0.0,5,4,1
2025-04-19,Calpol 500mg,0.0,5,4,1
2025-04-19,Cetirizine 10mg,4.0,5,4,1
2025-04-19,Chlorpheniramine,0.0,5,4,1
2025-04-19,Ciprofloxacin 500mg,0.0,5,4,1
2025-04-19,Clotrimazole Cream,0.0,5,4,1
2025-04-19,Combiflam,0.0,5,4,1
2025-04-19,Crocin Advance,0.0,5,4,1
2025-04-19,Dexamethasone 4mg,7.0,5,4,1
2025-04-19,Digene,0.0,5,4,1
2025-04-19,Disprin,0.0,5,4,1
2025-04-19,Dolo 650mg,0.0,5,4,1
2025-04-19,Domperidone 10mg,0.0,5,4,1
2025-04-19,Erythromycin 250mg,0.0,5,4,1
2025-04-19,Glibenclamide 5mg,0.0,5,4,1
2025-04-19,Hand Sanitizer,2.0,5,4,1
2025-04-19,Hydroxychloroquine 200mg,0.0,5,4,1
2025-04-19,Ibuprofen 400mg,0.0,5,4,1
2025-04-19,Insulin 30/70,0.0,5,4,1
2025-04-19,Ivermectin 12mg,0.0,5,4,1
2025-04-19,Levocetirizine 5mg,0.0,5,4,1
2025-04-19,Loperamide 2mg,0.0,5,4,1
2025-04-19,Losartan 50mg,0.0,5,4,1
2025-04-19,Metformin 500mg,0.0,5,4,1
2025-04-19,Montelukast 10mg,0.0,5,4,1
2025-04-19,Multivitamin Syrup,0.0,5,4,1
2025-04-19,N95 Mask,0.0,5,4,1
2025-04-19,Nicotine Patch,0.0,5,4,1
2025-04-19,ORS Sachet,0.0,5,4,1
2025-04-19,Omeprazole 20mg,0.0,5,4,1
2025-04-19,Pantoprazole 40mg,0.0,5,4,1
2025-04-19,Paracetamol 500mg,0.0,5,4,1
2025-04-19,Prednisolone 10mg,6.0,5,4,1
2025-04-19,Ranitidine 150mg,0.0,5,4,1
2025-04-19,Salbutamol Inhaler,0.0,5,4,1
2025-04-19,Surgical Gloves,3.0,5,4,1
2025-04-19,Tetanus Toxoid,0.0,5,4,1
2025-04-19,Thermometer,0.0,5,4,1
2025-04-19,Thyroxine 50mcg,0.0,5,4,1
2025-04-19,Vitamin C Tablets,5.0,5,4,1
2025-04-19,Volini Gel,0.0,5,4,1
2025-04-19,Zincovit,0.0,5,4,1
2025-04-20,Allegra 120mg,7.0,6,4,1
2025-04-20,Amlodipine 5mg,0.0,6,4,1
2025-04-20,Amoxicillin 250mg,0.0,6,4,1
2025-04-20,Atorvastatin 10mg,0.0,6,4,1
2025-04-20,Avil 25mg,0.0,6,4,1
2025-04-20,Azithromycin 500mg,0.0,6,4,1
2025-04-20,Bandage Roll,0.0,6,4,1
2025-04-20,Becosules,0.0,6,4,1
2025-04-20,Betadine Ointment,0.0,6,4,1
2025-04-20,Calpol 500mg,0.0,6,4,1
2025-04-20,Cetirizine 10mg,0.0,6,4,1
2025-04-20,Chlorpheniramine,0.0,6,4,1
2025-04-20,Ciprofloxacin 500mg,0.0,6,4,1
2025-04-20,Clotrimazole Cream,0.0,6,4,1
2025-04-20,Combiflam,0.0,6,4,1
2025-04-20,Crocin Advance,0.0,6,4,1
2025-04-20,Dexamethasone 4mg,0.0,6,4,1
2025-04-20,Digene,0.0,6,4,1
2025-04-20,Disprin,6.0,6,4,1
2025-04-20,Dolo 650mg,0.0,6,4,1
2025-04-20,Domperidone 10mg,0.0,6,4,1
2025-04-20,Erythromycin 250mg,0.0,6,4,1
2025-04-20,Glibenclamide 5mg,0.0,6,4,1
2025-04-20,Hand Sanitizer,0.0,6,4,1
2025-04-20,Hydroxychloroquine 200mg,0.0,6,4,1
2025-04-20,Ibuprofen 400mg,0.0,6,4,1
2025-04-20,Insulin 30/70,13.0,6,4,1
2025-04-20,Ivermectin 12mg,5.0,6,4,1
2025-04-20,Levocetirizine 5mg,4.0,6,4,1
2025-04-20,Loperamide 2mg,0.0,6,4,1
2025-04-20,Losartan 50mg,0.0,6,4,1
2025-04-20,Metformin 500mg,0.0,6,4,1
2025-04-20,Montelukast 10mg,0.0,6,4,1
2025-04-20,Multivitamin Syrup,0.0,6,4,1
2025-04-20,N95 Mask,0.0,6,4,1
2025-04-20,Nicotine Patch,0.0,6,4,1
2025-04-20,ORS Sachet,0.0,6,4,1
2025-04-20,Omeprazole 20mg,0.0,6,4,1
2025-04-20,Pantoprazole 40mg,0.0,6,4,1
2025-04-20,Paracetamol 500mg,0.0,6,4,1
2025-04-20,Prednisolone 10mg,0.0,6,4,1
2025-04-20,Ranitidine 150mg,0.0,6,4,1
2025-04-20,Salbutamol Inhaler,7.0,6,4,1
2025-04-20,Surgical Gloves,0.0,6,4,1
2025-04-20,Tetanus Toxoid,9.0,6,4,1
2025-04-20,Thermometer,0.0,6,4,1
2025-04-20,Thyroxine 50mcg,0.0,6,4,1
2025-04-20,Vitamin C Tablets,0.0,6,4,1
2025-04-20,Volini Gel,0.0,6,4,1
2025-04-20,Zincovit,0.0,6,4,1
2025-04-21,Allegra 120mg,0.0,0,4,0
2025-04-21,Amlodipine 5mg,0.0,0,4,0
2025-04-21,Amoxicillin 250mg,0.0,0,4,0
2025-04-21,Atorvastatin 10mg,0.0,0,4,0
2025-04-21,Avil 25mg,4.0,0,4,0
2025-04-21,Azithromycin 500mg,0.0,0,4,0
2025-04-21,Bandage Roll,0.0,0,4,0
2025-04-21,Becosules,2.0,0,4,0
2025-04-21,Betadine Ointment,0.0,0,4,0
2025-04-21,Calpol 500mg,0.0,0,4,0
2025-04-21,Cetirizine 10mg,0.0,0,4,0
2025-04-21,Chlorpheniramine,7.0,0,4,0
2025-04-21,Ciprofloxacin 500mg,4.0,0,4,0
2025-04-21,Clotrimazole Cream,0.0,0,4,0
2025-04-21,Combiflam,0.0,0,4,0
2025-04-21,Crocin Advance,0.0,0,4,0
2025-04-21,Dexamethasone 4mg,0.0,0,4,0
2025-04-21,Digene,0.0,0,4,0
2025-04-21,Disprin,0.0,0,4,0
2025-04-21,Dolo 650mg,9.0,0,4,0
2025-04-21,Domperidone 10mg,0.0,0,4,0
2025-04-21,Erythromycin 250mg,0.0,0,4,0
2025-04-21,Glibenclamide 5mg,0.0,0,4,0
2025-04-21,Hand Sanitizer,0.0,0,4,0
2025-04-21,Hydroxychloroquine 200mg,0.0,0,4,0
2025-04-21,Ibuprofen 400mg,0.0,0,4,0
2025-04-21,Insulin 30/70,0.0,0,4,0
2025-04-21,Ivermectin 12mg,0.0,0,4,0
2025-04-21,Levocetirizine 5mg,0.0,0,4,0
2025-04-21,Loperamide 2mg,0.0,0,4,0
2025-04-21,Losartan 50mg,0.0,0,4,0
2025-04-21,Metformin 500mg,0.0,0,4,0
2025-04-21,Montelukast 10mg,0.0,0,4,0
2025-04-21,Multivitamin Syrup,0.0,0,4,0
2025-04-21,N95 Mask,0.0,0,4,0
2025-04-21,Nicotine Patch,0.0,0,4,0
2025-04-21,ORS Sachet,0.0,0,4,0
2025-04-21,Omeprazole 20mg,0.0,0,4,0
2025-04-21,Pantoprazole 40mg,0.0,0,4,0
2025-04-21,Paracetamol 500mg,0.0,0,4,0
2025-04-21,Prednisolone 10mg,0.0,0,4,0
2025-04-21,Ranitidine 150mg,0.0,0,4,0
2025-04-21,Salbutamol Inhaler,0.0,0,4,0
2025-04-21,Surgical Gloves,5.0,0,4,0
2025-04-21,Tetanus Toxoid,0.0,0,4,0
2025-04-21,Thermometer,0.0,0,4,0
2025-04-21,Thyroxine 50mcg,0.0,0,4,0
2025-04-21,Vitamin C Tablets,0.0,0,4,0
2025-04-21,Volini Gel,0.0,0,4,0
2025-04-21,Zincovit,0.0,0,4,0
2025-04-22,Allegra 120mg,0.0,1,4,0
2025-04-22,Amlodipine 5mg,0.0,1,4,0
2025-04-22,Amoxicillin 250mg,0.0,1,4,0
2025-04-22,Atorvastatin 10mg,0.0,1,4,0
2025-04-22,Avil 25mg,0.0,1,4,0
2025-04-22,Azithromycin 500mg,0.0,1,4,0
2025-04-22,Bandage Roll,0.0,1,4,0
2025-04-22,Becosules,8.0,1,4,0
2025-04-22,Betadine Ointment,0.0,1,4,0
2025-04-22,Calpol 500mg,0.0,1,4,0
2025-04-22,Cetirizine 10mg,0.0,1,4,0
2025-04-22,Chlorpheniramine,0.0,1,4,0
2025-04-22,Ciprofloxacin 500mg,0.0,1,4,0
2025-04-22,Clotrimazole Cream,0.0,1,4,0
2025-04-22,Combiflam,5.0,1,4,0
2025-04-22,Crocin Advance,0.0,1,4,0
2025-04-22,Dexamethasone 4mg,0.0,1,4,0
2025-04-22,Digene,0.0,1,4,0
2025-04-22,Disprin,0.0,1,4,0
2025-04-22,Dolo 650mg,0.0,1,4,0
2025-04-22,Domperidone 10mg,0.0,1,4,0
2025-04-22,Erythromycin 250mg,7.0,1,4,0
2025-04-22,Glibenclamide 5mg,0.0,1,4,0
2025-04-22,Hand Sanitizer,0.0,1,4,0
2025-04-22,Hydroxychloroquine 200mg,0.0,1,4,0
2025-04-22,Ibuprofen 400mg,0.0,1,4,0
2025-04-22,Insulin 30/70,0.0,1,4,0
2025-04-22,Ivermectin 12mg,0.0,1,4,0
2025-04-22,Levocetirizine 5mg,0.0,1,4,0
2025-04-22,Loperamide 2mg,0.0,1,4,0
2025-04-22,Losartan 50mg,0.0,1,4,0
2025-04-22,Metformin 500mg,0.0,1,4,0
2025-04-22,Montelukast 10mg,0.0,1,4,0
2025-04-22,Multivitamin Syrup,0.0,1,4,0
2025-04-22,N95 Mask,0.0,1,4,0
2025-04-22,Nicotine Patch,0.0,1,4,0
2025-04-22,ORS Sachet,0.0,1,4,0
2025-04-22,Omeprazole 20mg,0.0,1,4,0
2025-04-22,Pantoprazole 40mg,1.0,1,4,0
2025-04-22,Paracetamol 500mg,0.0,1,4,0
2025-04-22,Prednisolone 10mg,0.0,1,4,0
2025-04-22,Ranitidine 150mg,0.0,1,4,0
2025-04-22,Salbutamol Inhaler,0.0,1,4,0
2025-04-22,Surgical Gloves,5.0,1,4,0
2025-04-22,Tetanus Toxoid,0.0,1,4,0
2025-04-22,Thermometer,0.0,1,4,0
2025-04-22,Thyroxine 50mcg,0.0,1,4,0
2025-04-22,Vitamin C Tablets,0.0,1,4,0
2025-04-22,Volini Gel,8.0,1,4,0
2025-04-22,Zincovit,8.0,1,4,0
2025-04-23,Allegra 120mg,0.0,2,4,0
2025-04-23,Amlodipine 5mg,0.0,2,4,0
2025-04-23,Amoxicillin 250mg,0.0,2,4,0
2025-04-23,Atorvastatin 10mg,0.0,2,4,0
2025-04-23,Avil 25mg,9.0,2,4,0
2025-04-23,Azithromycin 500mg,0.0,2,4,0
2025-04-23,Bandage Roll,0.0,2,4,0
2025-04-23,Becosules,0.0,2,4,0
2025-04-23,Betadine Ointment,0.0,2,4,0
2025-04-23,Calpol 500mg,0.0,2,4,0
2025-04-23,Cetirizine 10mg,6.0,2,4,0
2025-04-23,Chlorpheniramine,0.0,2,4,0
2025-04-23,Ciprofloxacin 500mg,0.0,2,4,0
2025-04-23,Clotrimazole Cream,0.0,2,4,0
2025-04-23,Combiflam,0.0,2,4,0
2025-04-23,Crocin Advance,0.0,2,4,0
2025-04-23,Dexamethasone 4mg,0.0,2,4,0
2025-04-23,Digene,0.0,2,4,0
2025-04-23,Disprin,0.0,2,4,0
2025-04-23,Dolo 650mg,0.0,2,4,0
2025-04-23,Domperidone 10mg,0.0,2,4,0
2025-04-23,Erythromycin 250mg,0.0,2,4,0
2025-04-23,Glibenclamide 5mg,0.0,2,4,0
2025-04-23,Hand Sanitizer,9.0,2,4,0
2025-04-23,Hydroxychloroquine 200mg,0.0,2,4,0
2025-04-23,Ibuprofen 400mg,0.0,2,4,0
2025-04-23,Insulin 30/70,0.0,2,4,0
2025-04-23,Ivermectin 12mg,8.0,2,4,0
2025-04-23,Levocetirizine 5mg,0.0,2,4,0
2025-04-23,Loperamide 2mg,0.0,2,4,0
2025-04-23,Losartan 50mg,0.0,2,4,0
2025-04-23,Metformin 500mg,0.0,2,4,0
2025-04-23,Montelukast 10mg,0.0,2,4,0
2025-04-23,Multivitamin Syrup,0.0,2,4,0
2025-04-23,N95 Mask,0.0,2,4,0
2025-04-23,Nicotine Patch,0.0,2,4,0
2025-04-23,ORS Sachet,0.0,2,4,0
2025-04-23,Omeprazole 20mg,0.0,2,4,0
2025-04-23,Pantoprazole 40mg,2.0,2,4,0
2025-04-23,Paracetamol 500mg,0.0,2,4,0
2025-04-23,Prednisolone 10mg,0.0,2,4,0
2025-04-23,Ranitidine 150mg,0.0,2,4,0
2025-04-23,Salbutamol Inhaler,0.0,2,4,0
2025-04-23,Surgical Gloves,8.0,2,4,0
2025-04-23,Tetanus Toxoid,0.0,2,4,0
2025-04-23,Thermometer,0.0,2,4,0
2025-04-23,Thyroxine 50mcg,0.0,2,4,0
2025-04-23,Vitamin C Tablets,0.0,2,4,0
2025-04-23,Volini Gel,4.0,2,4,0
2025-04-23,Zincovit,0.0,2,4,0
2025-04-24,Allegra 120mg,0.0,3,4,0
2025-04-24,Amlodipine 5mg,0.0,3,4,0
2025-04-24,Amoxicillin 250mg,0.0,3,4,0
2025-04-24,Atorvastatin 10mg,9.0,3,4,0
2025-04-24,Avil 25mg,0.0,3,4,0
2025-04-24,Azithromycin 500mg,0.0,3,4,0
2025-04-24,Bandage Roll,0.0,3,4,0
2025-04-24,Becosules,0.0,3,4,0
2025-04-24,Betadine Ointment,0.0,3,4,0
2025-04-24,Calpol 500mg,3.0,3,4,0
2025-04-24,Cetirizine 10mg,0.0,3,4,0
2025-04-24,Chlorpheniramine,0.0,3,4,0
2025-04-24,Ciprofloxacin 500mg,2.0,3,4,0
2025-04-24,Clotrimazole Cream,0.0,3,4,0
2025-04-24,Combiflam,0.0,3,4,0
2025-04-24,Crocin Advance,0.0,3,4,0
2025-04-24,Dexamethasone 4mg,0.0,3,4,0
2025-04-24,Digene,0.0,3,4,0
2025-04-24,Disprin,0.0,3,4,0
2025-04-24,Dolo 650mg,0.0,3,4,0
2025-04-24,Domperidone 10mg,0.0,3,4,0
2025-04-24,Erythromycin 250mg,0.0,3,4,0
2025-04-24,Glibenclamide 5mg,0.0,3,4,0
2025-04-24,Hand Sanitizer,0.0,3,4,0
2025-04-24,Hydroxychloroquine 200mg,0.0,3,4,0
2025-04-24,Ibuprofen 400mg,0.0,3,4,0
2025-04-24,Insulin 30/70,0.0,3,4,0
2025-04-24,Ivermectin 12mg,0.0,3,4,0
2025-04-24,Levocetirizine 5mg,0.0,3,4,0
2025-04-24,Loperamide 2mg,0.0,3,4,0
2025-04-24,Losartan 50mg,0.0,3,4,0
2025-04-24,Metformin 500mg,0.0,3,4,0
2025-04-24,Montelukast 10mg,0.0,3,4,0
2025-04-24,Multivitamin Syrup,0.0,3,4,0
2025-04-24,N95 Mask,0.0,3,4,0
2025-04-24,Nicotine Patch,0.0,3,4,0
2025-04-24,ORS Sachet,0.0,3,4,0
2025-04-24,Omeprazole 20mg,0.0,3,4,0
2025-04-24,Pantoprazole 40mg,0.0,3,4,0
2025-04-24,Paracetamol 500mg,0.0,3,4,0
2025-04-24,Prednisolone 10mg,5.0,3,4,0
2025-04-24,Ranitidine 150mg,0.0,3,4,0
2025-04-24,Salbutamol Inhaler,0.0,3,4,0
2025-04-24,Surgical Gloves,0.0,3,4,0
2025-04-24,Tetanus Toxoid,0.0,3,4,0
2025-04-24,Thermometer,0.0,3,4,0
2025-04-24,Thyroxine 50mcg,0.0,3,4,0
2025-04-24,Vitamin C Tablets,9.0,3,4,0
2025-04-24,Volini Gel,5.0,3,4,0
2025-04-24,Zincovit,0.0,3,4,0
2025-04-25,Allegra 120mg,0.0,4,4,0
2025-04-25,Amlodipine 5mg,0.0,4,4,0
2025-04-25,Amoxicillin 250mg,0.0,4,4,0
2025-04-25,Atorvastatin 10mg,0.0,4,4,0
2025-04-25,Avil 25mg,8.0,4,4,0
2025-04-25,Azithromycin 500mg,0.0,4,4,0
2025-04-25,Bandage Roll,0.0,4,4,0
2025-04-25,Becosules,0.0,4,4,0
2025-04-25,Betadine Ointment,0.0,4,4,0
2025-04-25,Calpol 500mg,0.0,4,4,0
2025-04-25,Cetirizine 10mg,0.0,4,4,0
2025-04-25,Chlorpheniramine,0.0,4,4,0
2025-04-25,Ciprofloxacin 500mg,0.0,4,4,0
2025-04-25,Clotrimazole Cream,3.0,4,4,0
2025-04-25,Combiflam,9.0,4,4,0
2025-04-25,Crocin Advance,0.0,4,4,0
2025-04-25,Dexamethasone 4mg,0.0,4,4,0
2025-04-25,Digene,6.0,4,4,0
2025-04-25,Disprin,0.0,4,4,0
2025-04-25,Dolo 650mg,0.0,4,4,0
2025-04-25,Domperidone 10mg,3.0,4,4,0
2025-04-25,Erythromycin 250mg,0.0,4,4,0
2025-04-25,Glibenclamide 5mg,0.0,4,4,0
2025-04-25,Hand Sanitizer,0.0,4,4,0
2025-04-25,Hydroxychloroquine 200mg,0.0,4,4,0
2025-04-25,Ibuprofen 400mg,0.0,4,4,0
2025-04-25,Insulin 30/70,0.0,4,4,0
2025-04-25,Ivermectin 12mg,0.0,4,4,0
2025-04-25,Levocetirizine 5mg,0.0,4,4,0
2025-04-25,Loperamide 2mg,0.0,4,4,0
2025-04-25,Losartan 50mg,0.0,4,4,0
2025-04-25,Metformin 500mg,0.0,4,4,0
2025-04-25,Montelukast 10mg,0.0,4,4,0
2025-04-25,Multivitamin Syrup,0.0,4,4,0
2025-04-25,N95 Mask,0.0,4,4,0
2025-04-25,Nicotine Patch,8.0,4,4,0
2025-04-25,ORS Sachet,0.0,4,4,0
2025-04-25,Omeprazole 20mg,0.0,4,4,0
2025-04-25,Pantoprazole 40mg,0.0,4,4,0
2025-04-25,Paracetamol 500mg,0.0,4,4,0
2025-04-25,Prednisolone 10mg,0.0,4,4,0
2025-04-25,Ranitidine 150mg,10.0,4,4,0
2025-04-25,Salbutamol Inhaler,0.0,4,4,0
2025-04-25,Surgical Gloves,0.0,4,4,0
2025-04-25,Tetanus Toxoid,6.0,4,4,0
2025-04-25,Thermometer,0.0,4,4,0
2025-04-25,Thyroxine 50mcg,0.0,4,4,0
2025-04-25,Vitamin C Tablets,0.0,4,4,0
2025-04-25,Volini Gel,0.0,4,4,0
2025-04-25,Zincovit,0.0,4,4,0
2025-04-26,Allegra 120mg,0.0,5,4,1
2025-04-26,Amlodipine 5mg,0.0,5,4,1
2025-04-26,Amoxicillin 250mg,0.0,5,4,1
2025-04-26,Atorvastatin 10mg,0.0,5,4,1
2025-04-26,Avil 25mg,0.0,5,4,1
2025-04-26,Azithromycin 500mg,0.0,5,4,1
2025-04-26,Bandage Roll,0.0,5,4,1
2025-04-26,Becosules,0.0,5,4,1
2025-04-26,Betadine Ointment,0.0,5,4,1
2025-04-26,Calpol 500mg,0.0,5,4,1
2025-04-26,Cetirizine 10mg,0.0,5,4,1
2025-04-26,Chlorpheniramine,2.0,5,4,1
2025-04-26,Ciprofloxacin 500mg,0.0,5,4,1
2025-04-26,Clotrimazole Cream,0.0,5,4,1
2025-04-26,Combiflam,0.0,5,4,1
2025-04-26,Crocin Advance,0.0,5,4,1
2025-04-26,Dexamethasone 4mg,0.0,5,4,1
2025-04-26,Digene,0.0,5,4,1
2025-04-26,Disprin,0.0,5,4,1
2025-04-26,Dolo 650mg,0.0,5,4,1
2025-04-26,Domperidone 10mg,6.0,5,4,1
2025-04-26,Erythromycin 250mg,0.0,5,4,1
2025-04-26,Glibenclamide 5mg,0.0,5,4,1
2025-04-26,Hand Sanitizer,0.0,5,4,1
2025-04-26,Hydroxychloroquine 200mg,0.0,5,4,1
2025-04-26,Ibuprofen 400mg,0.0,5,4,1
2025-04-26,Insulin 30/70,0.0,5,4,1
2025-04-26,Ivermectin 12mg,0.0,5,4,1
2025-04-26,Levocetirizine 5mg,0.0,5,4,1
2025-04-26,Loperamide 2mg,0.0,5,4,1
2025-04-26,Losartan 50mg,0.0,5,4,1
2025-04-26,Metformin 500mg,0.0,5,4,1
2025-04-26,Montelukast 10mg,0.0,5,4,1
2025-04-26,Multivitamin Syrup,0.0,5,4,1
2025-04-26,N95 Mask,0.0,5,4,1
2025-04-26,Nicotine Patch,0.0,5,4,1
2025-04-26,ORS Sachet,0.0,5,4,1
2025-04-26,Omeprazole 20mg,0.0,5,4,1
2025-04-26,Pantoprazole 40mg,0.0,5,4,1
2025-04-26,Paracetamol 500mg,0.0,5,4,1
2025-04-26,Prednisolone 10mg,9.0,5,4,1
2025-04-26,Ranitidine 150mg,0.0,5,4,1
2025-04-26,Salbutamol Inhaler,0.0,5,4,1
2025-04-26,Surgical Gloves,0.0,5,4,1
2025-04-26,Tetanus Toxoid,0.0,5,4,1
2025-04-26,Thermometer,5.0,5,4,1
2025-04-26,Thyroxine 50mcg,5.0,5,4,1
2025-04-26,Vitamin C Tablets,0.0,5,4,1
2025-04-26,Volini Gel,0.0,5,4,1
2025-04-26,Zincovit,0.0,5,4,1
2025-04-27,Allegra 120mg,0.0,6,4,1
2025-04-27,Amlodipine 5mg,0.0,6,4,1
2025-04-27,Amoxicillin 250mg,0.0,6,4,1
2025-04-27,Atorvastatin 10mg,0.0,6,4,1
2025-04-27,Avil 25mg,0.0,6,4,1
2025-04-27,Azithromycin 500mg,2.0,6,4,1
2025-04-27,Bandage Roll,0.0,6,4,1
2025-04-27,Becosules,0.0,6,4,1
2025-04-27,Betadine Ointment,0.0,6,4,1
2025-04-27,Calpol 500mg,0.0,6,4,1
2025-04-27,Cetirizine 10mg,0.0,6,4,1
2025-04-27,Chlorpheniramine,0.0,6,4,1
2025-04-27,Ciprofloxacin 500mg,10.0,6,4,1
2025-04-27,Clotrimazole Cream,0.0,6,4,1
2025-04-27,Combiflam,0.0,6,4,1
2025-04-27,Crocin Advance,0.0,6,4,1
2025-04-27,Dexamethasone 4mg,0.0,6,4,1
2025-04-27,Digene,0.0,6,4,1
2025-04-27,Disprin,6.0,6,4,1
2025-04-27,Dolo 650mg,0.0,6,4,1
2025-04-27,Domperidone 10mg,3.0,6,4,1
2025-04-27,Erythromycin 250mg,0.0,6,4,1
2025-04-27,Glibenclamide 5mg,0.0,6,4,1
2025-04-27,Hand Sanitizer,10.0,6,4,1
2025-04-27,Hydroxychloroquine 200mg,0.0,6,4,1
2025-04-27,Ibuprofen 400mg,0.0,6,4,1
2025-04-27,Insulin 30/70,0.0,6,4,1
2025-04-27,Ivermectin 12mg,0.0,6,4,1
2025-04-27,Levocetirizine 5mg,0.0,6,4,1
2025-04-27,Loperamide 2mg,0.0,6,4,1
2025-04-27,Losartan 50mg,0.0,6,4,1
2025-04-27,Metformin 500mg,0.0,6,4,1
2025-04-27,Montelukast 10mg,0.0,6,4,1
2025-04-27,Multivitamin Syrup,0.0,6,4,1
2025-04-27,N95 Mask,0.0,6,4,1
2025-04-27,Nicotine Patch,0.0,6,4,1
2025-04-27,ORS Sachet,0.0,6,4,1
2025-04-27,Omeprazole 20mg,0.0,6,4,1
2025-04-27,Pantoprazole 40mg,9.0,6,4,1
2025-04-27,Paracetamol 500mg,0.0,6,4,1
2025-04-27,Prednisolone 10mg,0.0,6,4,1
2025-04-27,Ranitidine 150mg,0.0,6,4,1
2025-04-27,Salbutamol Inhaler,0.0,6,4,1
2025-04-27,Surgical Gloves,0.0,6,4,1
2025-04-27,Tetanus Toxoid,0.0,6,4,1
2025-04-27,Thermometer,0.0,6,4,1
2025-04-27,Thyroxine 50mcg,6.0,6,4,1
2025-04-27,Vitamin C Tablets,0.0,6,4,1
2025-04-27,Volini Gel,0.0,6,4,1
2025-04-27,Zincovit,0.0,6,4,1
2025-04-28,Allegra 120mg,0.0,0,4,0
2025-04-28,Amlodipine 5mg,0.0,0,4,0
2025-04-28,Amoxicillin 250mg,3.0,0,4,0
2025-04-28,Atorvastatin 10mg,0.0,0,4,0
2025-04-28,Avil 25mg,0.0,0,4,0
2025-04-28,Azithromycin 500mg,0.0,0,4,0
2025-04-28,Bandage Roll,13.0,0,4,0
2025-04-28,Becosules,0.0,0,4,0
2025-04-28,Betadine Ointment,0.0,0,4,0
2025-04-28,Calpol 500mg,0.0,0,4,0
2025-04-28,Cetirizine 10mg,0.0,0,4,0
2025-04-28,Chlorpheniramine,0.0,0,4,0
2025-04-28,Ciprofloxacin 500mg,0.0,0,4,0
2025-04-28,Clotrimazole Cream,7.0,0,4,0
2025-04-28,Combiflam,0.0,0,4,0
2025-04-28,Crocin Advance,0.0,0,4,0
2025-04-28,Dexamethasone 4mg,10.0,0,4,0
2025-04-28,Digene,0.0,0,4,0
2025-04-28,Disprin,0.0,0,4,0
2025-04-28,Dolo 650mg,0.0,0,4,0
2025-04-28,Domperidone 10mg,0.0,0,4,0
2025-04-28,Erythromycin 250mg,0.0,0,4,0
2025-04-28,Glibenclamide 5mg,0.0,0,4,0
2025-04-28,Hand Sanitizer,0.0,0,4,0
2025-04-28,Hydroxychloroquine 200mg,7.0,0,4,0
2025-04-28,Ibuprofen 400mg,0.0,0,4,0
2025-04-28,Insulin 30/70,0.0,0,4,0
2025-04-28,Ivermectin 12mg,0.0,0,4,0
2025-04-28,Levocetirizine 5mg,0.0,0,4,0
2025-04-28,Loperamide 2mg,0.0,0,4,0
2025-04-28,Losartan 50mg,6.0,0,4,0
2025-04-28,Metformin 500mg,0.0,0,4,0
2025-04-28,Montelukast 10mg,0.0,0,4,0
2025-04-28,Multivitamin Syrup,0.0,0,4,0
2025-04-28,N95 Mask,1.0,0,4,0
2025-04-28,Nicotine Patch,0.0,0,4,0
2025-04-28,ORS Sachet,0.0,0,4,0
2025-04-28,Omeprazole 20mg,0.0,0,4,0
2025-04-28,Pantoprazole 40mg,0.0,0,4,0
2025-04-28,Paracetamol 500mg,15.0,0,4,0
2025-04-28,Prednisolone 10mg,0.0,0,4,0
2025-04-28,Ranitidine 150mg,0.0,0,4,0
2025-04-28,Salbutamol Inhaler,0.0,0,4,0
2025-04-28,Surgical Gloves,0.0,0,4,0
2025-04-28,Tetanus Toxoid,0.0,0,4,0
2025-04-28,Thermometer,0.0,0,4,0
2025-04-28,Thyroxine 50mcg,0.0,0,4,0
2025-04-28,Vitamin C Tablets,0.0,0,4,0
2025-04-28,Volini Gel,0.0,0,4,0
2025-04-28,Zincovit,0.0,0,4,0
2025-04-29,Allegra 120mg,0.0,1,4,0
2025-04-29,Amlodipine 5mg,0.0,1,4,0
2025-04-29,Amoxicillin 250mg,0.0,1,4,0
2025-04-29,Atorvastatin 10mg,0.0,1,4,0
2025-04-29,Avil 25mg,0.0,1,4,0
2025-04-29,Azithromycin 500mg,0.0,1,4,0
2025-04-29,Bandage Roll,18.0,1,4,0
2025-04-29,Becosules,8.0,1,4,0
2025-04-29,Betadine Ointment,0.0,1,4,0
2025-04-29,Calpol 500mg,0.0,1,4,0
2025-04-29,Cetirizine 10mg,0.0,1,4,0
2025-04-29,Chlorpheniramine,8.0,1,4,0
2025-04-29,Ciprofloxacin 500mg,0.0,1,4,0
2025-04-29,Clotrimazole Cream,8.0,1,4,0
2025-04-29,Combiflam,0.0,1,4,0
2025-04-29,Crocin Advance,0.0,1,4,0
2025-04-29,Dexamethasone 4mg,7.0,1,4,0
2025-04-29,Digene,0.0,1,4,0
2025-04-29,Disprin,0.0,1,4,0
2025-04-29,Dolo 650mg,0.0,1,4,0
2025-04-29,Domperidone 10mg,0.0,1,4,0
2025-04-29,Erythromycin 250mg,0.0,1,4,0
2025-04-29,Glibenclamide 5mg,0.0,1,4,0
2025-04-29,Hand Sanitizer,0.0,1,4,0
2025-04-29,Hydroxychloroquine 200mg,0.0,1,4,0
2025-04-29,Ibuprofen 400mg,0.0,1,4,0
2025-04-29,Insulin 30/70,0.0,1,4,0
2025-04-29,Ivermectin 12mg,9.0,1,4,0
2025-04-29,Levocetirizine 5mg,0.0,1,4,0
2025-04-29,Loperamide 2mg,0.0,1,4,0
2025-04-29,Losartan 50mg,0.0,1,4,0
2025-04-29,Metformin 500mg,0.0,1,4,0
2025-04-29,Montelukast 10mg,0.0,1,4,0
2025-04-29,Multivitamin Syrup,0.0,1,4,0
2025-04-29,N95 Mask,0.0,1,4,0
2025-04-29,Nicotine Patch,0.0,1,4,0
2025-04-29,ORS Sachet,0.0,1,4,0
2025-04-29,Omeprazole 20mg,7.0,1,4,0
2025-04-29,Pantoprazole 40mg,0.0,1,4,0
2025-04-29,Paracetamol 500mg,0.0,1,4,0
2025-04-29,Prednisolone 10mg,0.0,1,4,0
2025-04-29,Ranitidine 150mg,0.0,1,4,0
2025-04-29,Salbutamol Inhaler,5.0,1,4,0
2025-04-29,Surgical Gloves,0.0,1,4,0
2025-04-29,Tetanus Toxoid,0.0,1,4,0
2025-04-29,Thermometer,0.0,1,4,0
2025-04-29,Thyroxine 50mcg,0.0,1,4,0
2025-04-29,Vitamin C Tablets,0.0,1,4,0
2025-04-29,Volini Gel,0.0,1,4,0
2025-04-29,Zincovit,0.0,1,4,0
2025-04-30,Allegra 120mg,0.0,2,4,0
2025-04-30,Amlodipine 5mg,0.0,2,4,0
2025-04-30,Amoxicillin 250mg,0.0,2,4,0
2025-04-30,Atorvastatin 10mg,0.0,2,4,0
2025-04-30,Avil 25mg,0.0,2,4,0
2025-04-30,Azithromycin 500mg,6.0,2,4,0
2025-04-30,Bandage Roll,0.0,2,4,0
2025-04-30,Becosules,0.0,2,4,0
2025-04-30,Betadine Ointment,0.0,2,4,0
2025-04-30,Calpol 500mg,0.0,2,4,0
2025-04-30,Cetirizine 10mg,0.0,2,4,0
2025-04-30,Chlorpheniramine,5.0,2,4,0
2025-04-30,Ciprofloxacin 500mg,0.0,2,4,0
2025-04-30,Clotrimazole Cream,0.0,2,4,0
2025-04-30,Combiflam,0.0,2,4,0
2025-04-30,Crocin Advance,0.0,2,4,0
2025-04-30,Dexamethasone 4mg,0.0,2,4,0
2025-04-30,Digene,8.0,2,4,0
2025-04-30,Disprin,0.0,2,4,0
2025-04-30,Dolo 650mg,0.0,2,4,0
2025-04-30,Domperidone 10mg,0.0,2,4,0
2025-04-30,Erythromycin 250mg,0.0,2,4,0
2025-04-30,Glibenclamide 5mg,5.0,2,4,0
2025-04-30,Hand Sanitizer,0.0,2,4,0
2025-04-30,Hydroxychloroquine 200mg,8.0,2,4,0
2025-04-30,Ibuprofen 400mg,0.0,2,4,0
2025-04-30,Insulin 30/70,0.0,2,4,0
2025-04-30,Ivermectin 12mg,0.0,2,4,0
2025-04-30,Levocetirizine 5mg,0.0,2,4,0
2025-04-30,Loperamide 2mg,0.0,2,4,0
2025-04-30,Losartan 50mg,0.0,2,4,0
2025-04-30,Metformin 500mg,0.0,2,4,0
2025-04-30,Montelukast 10mg,0.0,2,4,0
2025-04-30,Multivitamin Syrup,0.0,2,4,0
2025-04-30,N95 Mask,5.0,2,4,0
2025-04-30,Nicotine Patch,0.0,2,4,0
2025-04-30,ORS Sachet,10.0,2,4,0
2025-04-30,Omeprazole 20mg,0.0,2,4,0
2025-04-30,Pantoprazole 40mg,0.0,2,4,0
2025-04-30,Paracetamol 500mg,0.0,2,4,0
2025-04-30,Prednisolone 10mg,0.0,2,4,0
2025-04-30,Ranitidine 150mg,0.0,2,4,0
2025-04-30,Salbutamol Inhaler,4.0,2,4,0
2025-04-30,Surgical Gloves,0.0,2,4,0
2025-04-30,Tetanus Toxoid,0.0,2,4,0
2025-04-30,Thermometer,0.0,2,4,0
2025-04-30,Thyroxine 50mcg,0.0,2,4,0
2025-04-30,Vitamin C Tablets,0.0,2,4,0
2025-04-30,Volini Gel,7.0,2,4,0
2025-04-30,Zincovit,0.0,2,4,0
2025-05-01,Allegra 120mg,0.0,3,5,0
2025-05-01,Amlodipine 5mg,0.0,3,5,0
2025-05-01,Amoxicillin 250mg,0.0,3,5,0
2025-05-01,Atorvastatin 10mg,0.0,3,5,0
2025-05-01,Avil 25mg,0.0,3,5,0
2025-05-01,Azithromycin 500mg,0.0,3,5,0
2025-05-01,Bandage Roll,0.0,3,5,0
2025-05-01,Becosules,0.0,3,5,0
2025-05-01,Betadine Ointment,0.0,3,5,0
2025-05-01,Calpol 500mg,0.0,3,5,0
2025-05-01,Cetirizine 10mg,0.0,3,5,0
2025-05-01,Chlorpheniramine,0.0,3,5,0
2025-05-01,Ciprofloxacin 500mg,0.0,3,5,0
2025-05-01,Clotrimazole Cream,9.0,3,5,0
2025-05-01,Combiflam,0.0,3,5,0
2025-05-01,Crocin Advance,0.0,3,5,0
2025-05-01,Dexamethasone 4mg,0.0,3,5,0
2025-05-01,Digene,0.0,3,5,0
2025-05-01,Disprin,0.0,3,5,0
2025-05-01,Dolo 650mg,0.0,3,5,0
2025-05-01,Domperidone 10mg,0.0,3,5,0
2025-05-01,Erythromycin 250mg,0.0,3,5,0
2025-05-01,Glibenclamide 5mg,0.0,3,5,0
2025-05-01,Hand Sanitizer,0.0,3,5,0
2025-05-01,Hydroxychloroquine 200mg,9.0,3,5,0
2025-05-01,Ibuprofen 400mg,0.0,3,5,0
2025-05-01,Insulin 30/70,0.0,3,5,0
2025-05-01,Ivermectin 12mg,0.0,3,5,0
2025-05-01,Levocetirizine 5mg,0.0,3,5,0
2025-05-01,Loperamide 2mg,0.0,3,5,0
2025-05-01,Losartan 50mg,0.0,3,5,0
2025-05-01,Metformin 500mg,0.0,3,5,0
2025-05-01,Montelukast 10mg,18.0,3,5,0
2025-05-01,Multivitamin Syrup,0.0,3,5,0
2025-05-01,N95 Mask,0.0,3,5,0
2025-05-01,Nicotine Patch,6.0,3,5,0
2025-05-01,ORS Sachet,0.0,3,5,0
2025-05-01,Omeprazole 20mg,2.0,3,5,0
2025-05-01,Pantoprazole 40mg,0.0,3,5,0
2025-05-01,Paracetamol 500mg,0.0,3,5,0
2025-05-01,Prednisolone 10mg,0.0,3,5,0
2025-05-01,Ranitidine 150mg,0.0,3,5,0
2025-05-01,Salbutamol Inhaler,0.0,3,5,0
2025-05-01,Surgical Gloves,4.0,3,5,0
2025-05-01,Tetanus Toxoid,8.0,3,5,0
2025-05-01,Thermometer,0.0,3,5,0
2025-05-01,Thyroxine 50mcg,0.0,3,5,0
2025-05-01,Vitamin C Tablets,4.0,3,5,0
2025-05-01,Volini Gel,0.0,3,5,0
2025-05-01,Zincovit,0.0,3,5,0
2025-05-02,Allegra 120mg,0.0,4,5,0
2025-05-02,Amlodipine 5mg,0.0,4,5,0
2025-05-02,Amoxicillin 250mg,0.0,4,5,0
2025-05-02,Atorvastatin 10mg,0.0,4,5,0
2025-05-02,Avil 25mg,0.0,4,5,0
2025-05-02,Azithromycin 500mg,0.0,4,5,0
2025-05-02,Bandage Roll,6.0,4,5,0
2025-05-02,Becosules,0.0,4,5,0
2025-05-02,Betadine Ointment,0.0,4,5,0
2025-05-02,Calpol 500mg,0.0,4,5,0
2025-05-02,Cetirizine 10mg,0.0,4,5,0
2025-05-02,Chlorpheniramine,0.0,4,5,0
2025-05-02,Ciprofloxacin 500mg,0.0,4,5,0
2025-05-02,Clotrimazole Cream,0.0,4,5,0
2025-05-02,Combiflam,2.0,4,5,0
2025-05-02,Crocin Advance,0.0,4,5,0
2025-05-02,Dexamethasone 4mg,0.0,4,5,0
2025-05-02,Digene,0.0,4,5,0
2025-05-02,Disprin,0.0,4,5,0
2025-05-02,Dolo 650mg,0.0,4,5,0
2025-05-02,Domperidone 10mg,0.0,4,5,0
2025-05-02,Erythromycin 250mg,0.0,4,5,0
2025-05-02,Glibenclamide 5mg,0.0,4,5,0
2025-05-02,Hand Sanitizer,0.0,4,5,0
2025-05-02,Hydroxychloroquine 200mg,0.0,4,5,0
2025-05-02,Ibuprofen 400mg,0.0,4,5,0
2025-05-02,Insulin 30/70,0.0,4,5,0
2025-05-02,Ivermectin 12mg,0.0,4,5,0
2025-05-02,Levocetirizine 5mg,10.0,4,5,0
2025-05-02,Loperamide 2mg,0.0,4,5,0
2025-05-02,Losartan 50mg,0.0,4,5,0
2025-05-02,Metformin 500mg,0.0,4,5,0
2025-05-02,Montelukast 10mg,0.0,4,5,0
2025-05-02,Multivitamin Syrup,0.0,4,5,0
2025-05-02,N95 Mask,0.0,4,5,0
2025-05-02,Nicotine Patch,0.0,4,5,0
2025-05-02,ORS Sachet,0.0,4,5,0
2025-05-02,Omeprazole 20mg,0.0,4,5,0
2025-05-02,Pantoprazole 40mg,0.0,4,5,0
2025-05-02,Paracetamol 500mg,0.0,4,5,0
2025-05-02,Prednisolone 10mg,0.0,4,5,0
2025-05-02,Ranitidine 150mg,0.0,4,5,0
2025-05-02,Salbutamol Inhaler,0.0,4,5,0
2025-05-02,Surgical Gloves,8.0,4,5,0
2025-05-02,Tetanus Toxoid,0.0,4,5,0
2025-05-02,Thermometer,2.0,4,5,0
2025-05-02,Thyroxine 50mcg,0.0,4,5,0
2025-05-02,Vitamin C Tablets,0.0,4,5,0
2025-05-02,Volini Gel,0.0,4,5,0
2025-05-02,Zincovit,0.0,4,5,0
2025-05-03,Allegra 120mg,0.0,5,5,1
2025-05-03,Amlodipine 5mg,0.0,5,5,1
2025-05-03,Amoxicillin 250mg,6.0,5,5,1
2025-05-03,Atorvastatin 10mg,0.0,5,5,1
2025-05-03,Avil 25mg,0.0,5,5,1
2025-05-03,Azithromycin 500mg,0.0,5,5,1
2025-05-03,Bandage Roll,0.0,5,5,1
2025-05-03,Becosules,0.0,5,5,1
2025-05-03,Betadine Ointment,0.0,5,5,1
2025-05-03,Calpol 500mg,0.0,5,5,1
2025-05-03,Cetirizine 10mg,0.0,5,5,1
2025-05-03,Chlorpheniramine,0.0,5,5,1
2025-05-03,Ciprofloxacin 500mg,0.0,5,5,1
2025-05-03,Clotrimazole Cream,0.0,5,5,1
2025-05-03,Combiflam,0.0,5,5,1
2025-05-03,Crocin Advance,0.0,5,5,1
2025-05-03,Dexamethasone 4mg,0.0,5,5,1
2025-05-03,Digene,0.0,5,5,1
2025-05-03,Disprin,6.0,5,5,1
2025-05-03,Dolo 650mg,0.0,5,5,1
2025-05-03,Domperidone 10mg,0.0,5,5,1
2025-05-03,Erythromycin 250mg,0.0,5,5,1
2025-05-03,Glibenclamide 5mg,0.0,5,5,1
2025-05-03,Hand Sanitizer,0.0,5,5,1
2025-05-03,Hydroxychloroquine 200mg,0.0,5,5,1
2025-05-03,Ibuprofen 400mg,0.0,5,5,1
2025-05-03,Insulin 30/70,12.0,5,5,1
2025-05-03,Ivermectin 12mg,0.0,5,5,1
2025-05-03,Levocetirizine 5mg,0.0,5,5,1
2025-05-03,Loperamide 2mg,0.0,5,5,1
2025-05-03,Losartan 50mg,0.0,5,5,1
2025-05-03,Metformin 500mg,0.0,5,5,1
2025-05-03,Montelukast 10mg,0.0,5,5,1
2025-05-03,Multivitamin Syrup,0.0,5,5,1
2025-05-03,N95 Mask,0.0,5,5,1
2025-05-03,Nicotine Patch,0.0,5,5,1
2025-05-03,ORS Sachet,0.0,5,5,1
2025-05-03,Omeprazole 20mg,0.0,5,5,1
2025-05-03,Pantoprazole 40mg,0.0,5,5,1
2025-05-03,Paracetamol 500mg,0.0,5,5,1
2025-05-03,Prednisolone 10mg,0.0,5,5,1
2025-05-03,Ranitidine 150mg,11.0,5,5,1
2025-05-03,Salbutamol Inhaler,6.0,5,5,1
2025-05-03,Surgical Gloves,0.0,5,5,1
2025-05-03,Tetanus Toxoid,0.0,5,5,1
2025-05-03,Thermometer,0.0,5,5,1
2025-05-03,Thyroxine 50mcg,0.0,5,5,1
2025-05-03,Vitamin C Tablets,0.0,5,5,1
2025-05-03,Volini Gel,0.0,5,5,1
2025-05-03,Zincovit,0.0,5,5,1
2025-05-04,Allegra 120mg,0.0,6,5,1
2025-05-04,Amlodipine 5mg,0.0,6,5,1
2025-05-04,Amoxicillin 250mg,0.0,6,5,1
2025-05-04,Atorvastatin 10mg,0.0,6,5,1
2025-05-04,Avil 25mg,0.0,6,5,1
2025-05-04,Azithromycin 500mg,0.0,6,5,1
2025-05-04,Bandage Roll,0.0,6,5,1
2025-05-04,Becosules,0.0,6,5,1
2025-05-04,Betadine Ointment,0.0,6,5,1
2025-05-04,Calpol 500mg,0.0,6,5,1
2025-05-04,Cetirizine 10mg,5.0,6,5,1
2025-05-04,Chlorpheniramine,0.0,6,5,1
2025-05-04,Ciprofloxacin 500mg,0.0,6,5,1
2025-05-04,Clotrimazole Cream,0.0,6,5,1
2025-05-04,Combiflam,0.0,6,5,1
2025-05-04,Crocin Advance,0.0,6,5,1
2025-05-04,Dexamethasone 4mg,0.0,6,5,1
2025-05-04,Digene,0.0,6,5,1
2025-05-04,Disprin,0.0,6,5,1
2025-05-04,Dolo 650mg,4.0,6,5,1
2025-05-04,Domperidone 10mg,0.0,6,5,1
2025-05-04,Erythromycin 250mg,0.0,6,5,1
2025-05-04,Glibenclamide 5mg,0.0,6,5,1
2025-05-04,Hand Sanitizer,0.0,6,5,1
2025-05-04,Hydroxychloroquine 200mg,0.0,6,5,1
2025-05-04,Ibuprofen 400mg,10.0,6,5,1
2025-05-04,Insulin 30/70,0.0,6,5,1
2025-05-04,Ivermectin 12mg,6.0,6,5,1
2025-05-04,Levocetirizine 5mg,0.0,6,5,1
2025-05-04,Loperamide 2mg,0.0,6,5,1
2025-05-04,Losartan 50mg,0.0,6,5,1
2025-05-04,Metformin 500mg,0.0,6,5,1
2025-05-04,Montelukast 10mg,0.0,6,5,1
2025-05-04,Multivitamin Syrup,0.0,6,5,1
2025-05-04,N95 Mask,0.0,6,5,1
2025-05-04,Nicotine Patch,0.0,6,5,1
2025-05-04,ORS Sachet,6.0,6,5,1
2025-05-04,Omeprazole 20mg,0.0,6,5,1
2025-05-04,Pantoprazole 40mg,0.0,6,5,1
2025-05-04,Paracetamol 500mg,0.0,6,5,1
2025-05-04,Prednisolone 10mg,7.0,6,5,1
2025-05-04,Ranitidine 150mg,0.0,6,5,1
2025-05-04,Salbutamol Inhaler,0.0,6,5,1
2025-05-04,Surgical Gloves,0.0,6,5,1
2025-05-04,Tetanus Toxoid,0.0,6,5,1
2025-05-04,Thermometer,0.0,6,5,1
2025-05-04,Thyroxine 50mcg,0.0,6,5,1
2025-05-04,Vitamin C Tablets,0.0,6,5,1
2025-05-04,Volini Gel,0.0,6,5,1
2025-05-04,Zincovit,0.0,6,5,1
2025-05-05,Allegra 120mg,0.0,0,5,0
2025-05-05,Amlodipine 5mg,0.0,0,5,0
2025-05-05,Amoxicillin 250mg,0.0,0,5,0
2025-05-05,Atorvastatin 10mg,0.0,0,5,0
2025-05-05,Avil 25mg,0.0,0,5,0
2025-05-05,Azithromycin 500mg,7.0,0,5,0
2025-05-05,Bandage Roll,0.0,0,5,0
2025-05-05,Becosules,0.0,0,5,0
2025-05-05,Betadine Ointment,0.0,0,5,0
2025-05-05,Calpol 500mg,3.0,0,5,0
2025-05-05,Cetirizine 10mg,0.0,0,5,0
2025-05-05,Chlorpheniramine,0.0,0,5,0
2025-05-05,Ciprofloxacin 500mg,0.0,0,5,0
2025-05-05,Clotrimazole Cream,0.0,0,5,0
2025-05-05,Combiflam,4.0,0,5,0
2025-05-05,Crocin Advance,5.0,0,5,0
2025-05-05,Dexamethasone 4mg,0.0,0,5,0
2025-05-05,Digene,0.0,0,5,0
2025-05-05,Disprin,0.0,0,5,0
2025-05-05,Dolo 650mg,0.0,0,5,0
2025-05-05,Domperidone 10mg,0.0,0,5,0
2025-05-05,Erythromycin 250mg,8.0,0,5,0
2025-05-05,Glibenclamide 5mg,0.0,0,5,0
2025-05-05,Hand Sanitizer,0.0,0,5,0
2025-05-05,Hydroxychloroquine 200mg,0.0,0,5,0
2025-05-05,Ibuprofen 400mg,0.0,0,5,0
2025-05-05,Insulin 30/70,0.0,0,5,0
2025-05-05,Ivermectin 12mg,0.0,0,5,0
2025-05-05,Levocetirizine 5mg,0.0,0,5,0
2025-05-05,Loperamide 2mg,0.0,0,5,0
2025-05-05,Losartan 50mg,0.0,0,5,0
2025-05-05,Metformin 500mg,0.0,0,5,0
2025-05-05,Montelukast 10mg,0.0,0,5,0
2025-05-05,Multivitamin Syrup,0.0,0,5,0
2025-05-05,N95 Mask,0.0,0,5,0
2025-05-05,Nicotine Patch,4.0,0,5,0
2025-05-05,ORS Sachet,0.0,0,5,0
2025-05-05,Omeprazole 20mg,3.0,0,5,0
2025-05-05,Pantoprazole 40mg,0.0,0,5,0
2025-05-05,Paracetamol 500mg,0.0,0,5,0
2025-05-05,Prednisolone 10mg,0.0,0,5,0
2025-05-05,Ranitidine 150mg,2.0,0,5,0
2025-05-05,Salbutamol Inhaler,4.0,0,5,0
2025-05-05,Surgical Gloves,0.0,0,5,0
2025-05-05,Tetanus Toxoid,0.0,0,5,0
2025-05-05,Thermometer,0.0,0,5,0
2025-05-05,Thyroxine 50mcg,0.0,0,5,0
2025-05-05,Vitamin C Tablets,0.0,0,5,0
2025-05-05,Volini Gel,7.0,0,5,0
2025-05-05,Zincovit,0.0,0,5,0
2025-05-06,Allegra 120mg,0.0,1,5,0
2025-05-06,Amlodipine 5mg,0.0,1,5,0
2025-05-06,Amoxicillin 250mg,0.0,1,5,0
2025-05-06,Atorvastatin 10mg,0.0,1,5,0
2025-05-06,Avil 25mg,0.0,1,5,0
2025-05-06,Azithromycin 500mg,0.0,1,5,0
2025-05-06,Bandage Roll,0.0,1,5,0
2025-05-06,Becosules,0.0,1,5,0
2025-05-06,Betadine Ointment,0.0,1,5,0
2025-05-06,Calpol 500mg,0.0,1,5,0
2025-05-06,Cetirizine 10mg,0.0,1,5,0
2025-05-06,Chlorpheniramine,0.0,1,5,0
2025-05-06,Ciprofloxacin 500mg,0.0,1,5,0
2025-05-06,Clotrimazole Cream,0.0,1,5,0
2025-05-06,Combiflam,0.0,1,5,0
2025-05-06,Crocin Advance,0.0,1,5,0
2025-05-06,Dexamethasone 4mg,8.0,1,5,0
2025-05-06,Digene,0.0,1,5,0
2025-05-06,Disprin,0.0,1,5,0
2025-05-06,Dolo 650mg,0.0,1,5,0
2025-05-06,Domperidone 10mg,0.0,1,5,0
2025-05-06,Erythromycin 250mg,7.0,1,5,0
2025-05-06,Glibenclamide 5mg,0.0,1,5,0
2025-05-06,Hand Sanitizer,0.0,1,5,0
2025-05-06,Hydroxychloroquine 200mg,0.0,1,5,0
2025-05-06,Ibuprofen 400mg,0.0,1,5,0
2025-05-06,Insulin 30/70,9.0,1,5,0
2025-05-06,Ivermectin 12mg,0.0,1,5,0
2025-05-06,Levocetirizine 5mg,0.0,1,5,0
2025-05-06,Loperamide 2mg,0.0,1,5,0
2025-05-06,Losartan 50mg,0.0,1,5,0
2025-05-06,Metformin 500mg,16.0,1,5,0
2025-05-06,Montelukast 10mg,0.0,1,5,0
2025-05-06,Multivitamin Syrup,0.0,1,5,0
2025-05-06,N95 Mask,0.0,1,5,0
2025-05-06,Nicotine Patch,0.0,1,5,0
2025-05-06,ORS Sachet,0.0,1,5,0
2025-05-06,Omeprazole 20mg,0.0,1,5,0
2025-05-06,Pantoprazole 40mg,7.0,1,5,0
2025-05-06,Paracetamol 500mg,0.0,1,5,0
2025-05-06,Prednisolone 10mg,0.0,1,5,0
2025-05-06,Ranitidine 150mg,0.0,1,5,0
2025-05-06,Salbutamol Inhaler,4.0,1,5,0
2025-05-06,Surgical Gloves,0.0,1,5,0
2025-05-06,Tetanus Toxoid,0.0,1,5,0
2025-05-06,Thermometer,0.0,1,5,0
2025-05-06,Thyroxine 50mcg,0.0,1,5,0
2025-05-06,Vitamin C Tablets,0.0,1,5,0
2025-05-06,Volini Gel,0.0,1,5,0
2025-05-06,Zincovit,0.0,1,5,0
2025-05-07,Allegra 120mg,0.0,2,5,0
2025-05-07,Amlodipine 5mg,5.0,2,5,0
2025-05-07,Amoxicillin 250mg,9.0,2,5,0
2025-05-07,Atorvastatin 10mg,0.0,2,5,0
2025-05-07,Avil 25mg,0.0,2,5,0
2025-05-07,Azithromycin 500mg,0.0,2,5,0
2025-05-07,Bandage Roll,0.0,2,5,0
2025-05-07,Becosules,0.0,2,5,0
2025-05-07,Betadine Ointment,3.0,2,5,0
2025-05-07,Calpol 500mg,0.0,2,5,0
2025-05-07,Cetirizine 10mg,0.0,2,5,0
2025-05-07,Chlorpheniramine,0.0,2,5,0
2025-05-07,Ciprofloxacin 500mg,0.0,2,5,0
2025-05-07,Clotrimazole Cream,0.0,2,5,0
2025-05-07,Combiflam,0.0,2,5,0
2025-05-07,Crocin Advance,4.0,2,5,0
2025-05-07,Dexamethasone 4mg,0.0,2,5,0
2025-05-07,Digene,0.0,2,5,0
2025-05-07,Disprin,0.0,2,5,0
2025-05-07,Dolo 650mg,0.0,2,5,0
2025-05-07,Domperidone 10mg,0.0,2,5,0
2025-05-07,Erythromycin 250mg,0.0,2,5,0
2025-05-07,Glibenclamide 5mg,0.0,2,5,0
2025-05-07,Hand Sanitizer,0.0,2,5,0
2025-05-07,Hydroxychloroquine 200mg,0.0,2,5,0
2025-05-07,Ibuprofen 400mg,0.0,2,5,0
2025-05-07,Insulin 30/70,0.0,2,5,0
2025-05-07,Ivermectin 12mg,0.0,2,5,0
2025-05-07,Levocetirizine 5mg,0.0,2,5,0
2025-05-07,Loperamide 2mg,0.0,2,5,0
2025-05-07,Losartan 50mg,0.0,2,5,0
2025-05-07,Metformin 500mg,0.0,2,5,0
2025-05-07,Montelukast 10mg,0.0,2,5,0
2025-05-07,Multivitamin Syrup,0.0,2,5,0
2025-05-07,N95 Mask,0.0,2,5,0
2025-05-07,Nicotine Patch,0.0,2,5,0
2025-05-07,ORS Sachet,0.0,2,5,0
2025-05-07,Omeprazole 20mg,5.0,2,5,0
2025-05-07,Pantoprazole 40mg,0.0,2,5,0
2025-05-07,Paracetamol 500mg,0.0,2,5,0
2025-05-07,Prednisolone 10mg,0.0,2,5,0
2025-05-07,Ranitidine 150mg,0.0,2,5,0
2025-05-07,Salbutamol Inhaler,3.0,2,5,0
2025-05-07,Surgical Gloves,0.0,2,5,0
2025-05-07,Tetanus Toxoid,0.0,2,5,0
2025-05-07,Thermometer,3.0,2,5,0
2025-05-07,Thyroxine 50mcg,0.0,2,5,0
2025-05-07,Vitamin C Tablets,4.0,2,5,0
2025-05-07,Volini Gel,0.0,2,5,0
2025-05-07,Zincovit,7.0,2,5,0
2025-05-08,Allegra 120mg,9.0,3,5,0
2025-05-08,Amlodipine 5mg,0.0,3,5,0
2025-05-08,Amoxicillin 250mg,0.0,3,5,0
2025-05-08,Atorvastatin 10mg,0.0,3,5,0
2025-05-08,Avil 25mg,0.0,3,5,0
2025-05-08,Azithromycin 500mg,0.0,3,5,0
2025-05-08,Bandage Roll,0.0,3,5,0
2025-05-08,Becosules,0.0,3,5,0
2025-05-08,Betadine Ointment,0.0,3,5,0
2025-05-08,Calpol 500mg,0.0,3,5,0
2025-05-08,Cetirizine 10mg,3.0,3,5,0
2025-05-08,Chlorpheniramine,0.0,3,5,0
2025-05-08,Ciprofloxacin 500mg,0.0,3,5,0
2025-05-08,Clotrimazole Cream,0.0,3,5,0
2025-05-08,Combiflam,0.0,3,5,0
2025-05-08,Crocin Advance,0.0,3,5,0
2025-05-08,Dexamethasone 4mg,5.0,3,5,0
2025-05-08,Digene,0.0,3,5,0
2025-05-08,Disprin,0.0,3,5,0
2025-05-08,Dolo 650mg,0.0,3,5,0
2025-05-08,Domperidone 10mg,0.0,3,5,0
2025-05-08,Erythromycin 250mg,0.0,3,5,0
2025-05-08,Glibenclamide 5mg,0.0,3,5,0
2025-05-08,Hand Sanitizer,0.0,3,5,0
2025-05-08,Hydroxychloroquine 200mg,8.0,3,5,0
2025-05-08,Ibuprofen 400mg,7.0,3,5,0
2025-05-08,Insulin 30/70,0.0,3,5,0
2025-05-08,Ivermectin 12mg,0.0,3,5,0
2025-05-08,Levocetirizine 5mg,0.0,3,5,0
2025-05-08,Loperamide 2mg,0.0,3,5,0
2025-05-08,Losartan 50mg,14.0,3,5,0
2025-05-08,Metformin 500mg,0.0,3,5,0
2025-05-08,Montelukast 10mg,0.0,3,5,0
2025-05-08,Multivitamin Syrup,0.0,3,5,0
2025-05-08,N95 Mask,0.0,3,5,0
2025-05-08,Nicotine Patch,0.0,3,5,0
2025-05-08,ORS Sachet,0.0,3,5,0
2025-05-08,Omeprazole 20mg,0.0,3,5,0
2025-05-08,Pantoprazole 40mg,0.0,3,5,0
2025-05-08,Paracetamol 500mg,6.0,3,5,0
2025-05-08,Prednisolone 10mg,0.0,3,5,0
2025-05-08,Ranitidine 150mg,0.0,3,5,0
2025-05-08,Salbutamol Inhaler,0.0,3,5,0
2025-05-08,Surgical Gloves,0.0,3,5,0
2025-05-08,Tetanus Toxoid,0.0,3,5,0
2025-05-08,Thermometer,0.0,3,5,0
2025-05-08,Thyroxine 50mcg,8.0,3,5,0
2025-05-08,Vitamin C Tablets,0.0,3,5,0
2025-05-08,Volini Gel,0.0,3,5,0
2025-05-08,Zincovit,0.0,3,5,0
2025-05-09,Allegra 120mg,0.0,4,5,0
2025-05-09,Amlodipine 5mg,0.0,4,5,0
2025-05-09,Amoxicillin 250mg,0.0,4,5,0
2025-05-09,Atorvastatin 10mg,0.0,4,5,0
2025-05-09,Avil 25mg,0.0,4,5,0
2025-05-09,Azithromycin 500mg,0.0,4,5,0
2025-05-09,Bandage Roll,0.0,4,5,0
2025-05-09,Becosules,0.0,4,5,0
2025-05-09,Betadine Ointment,5.0,4,5,0
2025-05-09,Calpol 500mg,0.0,4,5,0
2025-05-09,Cetirizine 10mg,0.0,4,5,0
2025-05-09,Chlorpheniramine,3.0,4,5,0
2025-05-09,Ciprofloxacin 500mg,0.0,4,5,0
2025-05-09,Clotrimazole Cream,0.0,4,5,0
2025-05-09,Combiflam,0.0,4,5,0
2025-05-09,Crocin Advance,10.0,4,5,0
2025-05-09,Dexamethasone 4mg,0.0,4,5,0
2025-05-09,Digene,0.0,4,5,0
2025-05-09,Disprin,0.0,4,5,0
2025-05-09,Dolo 650mg,0.0,4,5,0
2025-05-09,Domperidone 10mg,0.0,4,5,0
2025-05-09,Erythromycin 250mg,0.0,4,5,0
2025-05-09,Glibenclamide 5mg,0.0,4,5,0
2025-05-09,Hand Sanitizer,0.0,4,5,0
2025-05-09,Hydroxychloroquine 200mg,6.0,4,5,0
2025-05-09,Ibuprofen 400mg,0.0,4,5,0
2025-05-09,Insulin 30/70,11.0,4,5,0
2025-05-09,Ivermectin 12mg,0.0,4,5,0
2025-05-09,Levocetirizine 5mg,0.0,4,5,0
2025-05-09,Loperamide 2mg,0.0,4,5,0
2025-05-09,Losartan 50mg,0.0,4,5,0
2025-05-09,Metformin 500mg,0.0,4,5,0
2025-05-09,Montelukast 10mg,0.0,4,5,0
2025-05-09,Multivitamin Syrup,7.0,4,5,0
2025-05-09,N95 Mask,0.0,4,5,0
2025-05-09,Nicotine Patch,8.0,4,5,0
2025-05-09,ORS Sachet,8.0,4,5,0
2025-05-09,Omeprazole 20mg,0.0,4,5,0
2025-05-09,Pantoprazole 40mg,0.0,4,5,0
2025-05-09,Paracetamol 500mg,0.0,4,5,0
2025-05-09,Prednisolone 10mg,0.0,4,5,0
2025-05-09,Ranitidine 150mg,0.0,4,5,0
2025-05-09,Salbutamol Inhaler,0.0,4,5,0
2025-05-09,Surgical Gloves,0.0,4,5,0
2025-05-09,Tetanus Toxoid,5.0,4,5,0
2025-05-09,Thermometer,0.0,4,5,0
2025-05-09,Thyroxine 50mcg,0.0,4,5,0
2025-05-09,Vitamin C Tablets,0.0,4,5,0
2025-05-09,Volini Gel,0.0,4,5,0
2025-05-09,Zincovit,0.0,4,5,0
2025-05-10,Allegra 120mg,0.0,5,5,1
2025-05-10,Amlodipine 5mg,8.0,5,5,1
2025-05-10,Amoxicillin 250mg,0.0,5,5,1
2025-05-10,Atorvastatin 10mg,0.0,5,5,1
2025-05-10,Avil 25mg,0.0,5,5,1
2025-05-10,Azithromycin 500mg,0.0,5,5,1
2025-05-10,Bandage Roll,0.0,5,5,1
2025-05-10,Becosules,0.0,5,5,1
2025-05-10,Betadine Ointment,0.0,5,5,1
2025-05-10,Calpol 500mg,0.0,5,5,1
2025-05-10,Cetirizine 10mg,0.0,5,5,1
2025-05-10,Chlorpheniramine,0.0,5,5,1
2025-05-10,Ciprofloxacin 500mg,0.0,5,5,1
2025-05-10,Clotrimazole Cream,0.0,5,5,1
2025-05-10,Combiflam,0.0,5,5,1
2025-05-10,Crocin Advance,0.0,5,5,1
2025-05-10,Dexamethasone 4mg,8.0,5,5,1
2025-05-10,Digene,0.0,5,5,1
2025-05-10,Disprin,0.0,5,5,1
2025-05-10,Dolo 650mg,0.0,5,5,1
2025-05-10,Domperidone 10mg,0.0,5,5,1
2025-05-10,Erythromycin 250mg,0.0,5,5,1
2025-05-10,Glibenclamide 5mg,0.0,5,5,1
2025-05-10,Hand Sanitizer,0.0,5,5,1
2025-05-10,Hydroxychloroquine 200mg,0.0,5,5,1
2025-05-10,Ibuprofen 400mg,0.0,5,5,1
2025-05-10,Insulin 30/70,0.0,5,5,1
2025-05-10,Ivermectin 12mg,0.0,5,5,1
2025-05-10,Levocetirizine 5mg,0.0,5,5,1
2025-05-10,Loperamide 2mg,0.0,5,5,1
2025-05-10,Losartan 50mg,6.0,5,5,1
2025-05-10,Metformin 500mg,0.0,5,5,1
2025-05-10,Montelukast 10mg,0.0,5,5,1
2025-05-10,Multivitamin Syrup,6.0,5,5,1
2025-05-10,N95 Mask,0.0,5,5,1
2025-05-10,Nicotine Patch,0.0,5,5,1
2025-05-10,ORS Sachet,8.0,5,5,1
2025-05-10,Omeprazole 20mg,0.0,5,5,1
2025-05-10,Pantoprazole 40mg,0.0,5,5,1
2025-05-10,Paracetamol 500mg,0.0,5,5,1
2025-05-10,Prednisolone 10mg,0.0,5,5,1
2025-05-10,Ranitidine 150mg,0.0,5,5,1
2025-05-10,Salbutamol Inhaler,0.0,5,5,1
2025-05-10,Surgical Gloves,0.0,5,5,1
2025-05-10,Tetanus Toxoid,0.0,5,5,1
2025-05-10,Thermometer,0.0,5,5,1
2025-05-10,Thyroxine 50mcg,0.0,5,5,1
2025-05-10,Vitamin C Tablets,8.0,5,5,1
2025-05-10,Volini Gel,0.0,5,5,1
2025-05-10,Zincovit,1.0,5,5,1
2025-05-11,Allegra 120mg,0.0,6,5,1
2025-05-11,Amlodipine 5mg,0.0,6,5,1
2025-05-11,Amoxicillin 250mg,7.0,6,5,1
2025-05-11,Atorvastatin 10mg,0.0,6,5,1
2025-05-11,Avil 25mg,0.0,6,5,1
2025-05-11,Azithromycin 500mg,0.0,6,5,1
2025-05-11,Bandage Roll,0.0,6,5,1
2025-05-11,Becosules,0.0,6,5,1
2025-05-11,Betadine Ointment,0.0,6,5,1
2025-05-11,Calpol 500mg,0.0,6,5,1
2025-05-11,Cetirizine 10mg,0.0,6,5,1
2025-05-11,Chlorpheniramine,0.0,6,5,1
2025-05-11,Ciprofloxacin 500mg,0.0,6,5,1
2025-05-11,Clotrimazole Cream,0.0,6,5,1
2025-05-11,Combiflam,0.0,6,5,1
2025-05-11,Crocin Advance,0.0,6,5,1
2025-05-11,Dexamethasone 4mg,0.0,6,5,1
2025-05-11,Digene,8.0,6,5,1
2025-05-11,Disprin,0.0,6,5,1
2025-05-11,Dolo 650mg,7.0,6,5,1
2025-05-11,Domperidone 10mg,0.0,6,5,1
2025-05-11,Erythromycin 250mg,0.0,6,5,1
2025-05-11,Glibenclamide 5mg,0.0,6,5,1
2025-05-11,Hand Sanitizer,0.0,6,5,1
2025-05-11,Hydroxychloroquine 200mg,5.0,6,5,1
2025-05-11,Ibuprofen 400mg,0.0,6,5,1
2025-05-11,Insulin 30/70,0.0,6,5,1
2025-05-11,Ivermectin 12mg,0.0,6,5,1
2025-05-11,Levocetirizine 5mg,10.0,6,5,1
2025-05-11,Loperamide 2mg,0.0,6,5,1
2025-05-11,Losartan 50mg,9.0,6,5,1
2025-05-11,Metformin 500mg,0.0,6,5,1
2025-05-11,Montelukast 10mg,0.0,6,5,1
2025-05-11,Multivitamin Syrup,0.0,6,5,1
2025-05-11,N95 Mask,0.0,6,5,1
2025-05-11,Nicotine Patch,9.0,6,5,1
2025-05-11,ORS Sachet,6.0,6,5,1
2025-05-11,Omeprazole 20mg,0.0,6,5,1
2025-05-11,Pantoprazole 40mg,0.0,6,5,1
2025-05-11,Paracetamol 500mg,0.0,6,5,1
2025-05-11,Prednisolone 10mg,0.0,6,5,1
2025-05-11,Ranitidine 150mg,0.0,6,5,1
2025-05-11,Salbutamol Inhaler,0.0,6,5,1
2025-05-11,Surgical Gloves,0.0,6,5,1
2025-05-11,Tetanus Toxoid,0.0,6,5,1
2025-05-11,Thermometer,0.0,6,5,1
2025-05-11,Thyroxine 50mcg,0.0,6,5,1
2025-05-11,Vitamin C Tablets,0.0,6,5,1
2025-05-11,Volini Gel,0.0,6,5,1
2025-05-11,Zincovit,0.0,6,5,1
2025-05-12,Allegra 120mg,0.0,0,5,0
2025-05-12,Amlodipine 5mg,0.0,0,5,0
2025-05-12,Amoxicillin 250mg,0.0,0,5,0
2025-05-12,Atorvastatin 10mg,0.0,0,5,0
2025-05-12,Avil 25mg,0.0,0,5,0
2025-05-12,Azithromycin 500mg,5.0,0,5,0
2025-05-12,Bandage Roll,13.0,0,5,0
2025-05-12,Becosules,6.0,0,5,0
2025-05-12,Betadine Ointment,0.0,0,5,0
2025-05-12,Calpol 500mg,0.0,0,5,0
2025-05-12,Cetirizine 10mg,0.0,0,5,0
2025-05-12,Chlorpheniramine,0.0,0,5,0
2025-05-12,Ciprofloxacin 500mg,0.0,0,5,0
2025-05-12,Clotrimazole Cream,0.0,0,5,0
2025-05-12,Combiflam,0.0,0,5,0
2025-05-12,Crocin Advance,1.0,0,5,0
2025-05-12,Dexamethasone 4mg,0.0,0,5,0
2025-05-12,Digene,0.0,0,5,0
2025-05-12,Disprin,0.0,0,5,0
2025-05-12,Dolo 650mg,0.0,0,5,0
2025-05-12,Domperidone 10mg,0.0,0,5,0
2025-05-12,Erythromycin 250mg,0.0,0,5,0
2025-05-12,Glibenclamide 5mg,0.0,0,5,0
2025-05-12,Hand Sanitizer,9.0,0,5,0
2025-05-12,Hydroxychloroquine 200mg,0.0,0,5,0
2025-05-12,Ibuprofen 400mg,0.0,0,5,0
2025-05-12,Insulin 30/70,0.0,0,5,0
2025-05-12,Ivermectin 12mg,0.0,0,5,0
2025-05-12,Levocetirizine 5mg,0.0,0,5,0
2025-05-12,Loperamide 2mg,4.0,0,5,0
2025-05-12,Losartan 50mg,0.0,0,5,0
2025-05-12,Metformin 500mg,0.0,0,5,0
2025-05-12,Montelukast 10mg,0.0,0,5,0
2025-05-12,Multivitamin Syrup,0.0,0,5,0
2025-05-12,N95 Mask,0.0,0,5,0
2025-05-12,Nicotine Patch,5.0,0,5,0
2025-05-12,ORS Sachet,0.0,0,5,0
2025-05-12,Omeprazole 20mg,0.0,0,5,0
2025-05-12,Pantoprazole 40mg,0.0,0,5,0
2025-05-12,Paracetamol 500mg,10.0,0,5,0
2025-05-12,Prednisolone 10mg,0.0,0,5,0
2025-05-12,Ranitidine 150mg,0.0,0,5,0
2025-05-12,Salbutamol Inhaler,0.0,0,5,0
2025-05-12,Surgical Gloves,0.0,0,5,0
2025-05-12,Tetanus Toxoid,0.0,0,5,0
2025-05-12,Thermometer,0.0,0,5,0
2025-05-12,Thyroxine 50mcg,0.0,0,5,0
2025-05-12,Vitamin C Tablets,0.0,0,5,0
2025-05-12,Volini Gel,5.0,0,5,0
2025-05-12,Zincovit,0.0,0,5,0
2025-05-13,Allegra 120mg,0.0,1,5,0
2025-05-13,Amlodipine 5mg,0.0,1,5,0
2025-05-13,Amoxicillin 250mg,0.0,1,5,0
2025-05-13,Atorvastatin 10mg,0.0,1,5,0
2025-05-13,Avil 25mg,0.0,1,5,0
2025-05-13,Azithromycin 500mg,0.0,1,5,0
2025-05-13,Bandage Roll,9.0,1,5,0
2025-05-13,Becosules,8.0,1,5,0
2025-05-13,Betadine Ointment,0.0,1,5,0
2025-05-13,Calpol 500mg,0.0,1,5,0
2025-05-13,Cetirizine 10mg,0.0,1,5,0
2025-05-13,Chlorpheniramine,0.0,1,5,0
2025-05-13,Ciprofloxacin 500mg,0.0,1,5,0
2025-05-13,Clotrimazole Cream,0.0,1,5,0
2025-05-13,Combiflam,0.0,1,5,0
2025-05-13,Crocin Advance,3.0,1,5,0
2025-05-13,Dexamethasone 4mg,3.0,1,5,0
2025-05-13,Digene,3.0,1,5,0
2025-05-13,Disprin,7.0,1,5,0
2025-05-13,Dolo 650mg,0.0,1,5,0
2025-05-13,Domperidone 10mg,0.0,1,5,0
2025-05-13,Erythromycin 250mg,0.0,1,5,0
2025-05-13,Glibenclamide 5mg,0.0,1,5,0
2025-05-13,Hand Sanitizer,0.0,1,5,0
2025-05-13,Hydroxychloroquine 200mg,0.0,1,5,0
2025-05-13,Ibuprofen 400mg,0.0,1,5,0
2025-05-13,Insulin 30/70,0.0,1,5,0
2025-05-13,Ivermectin 12mg,0.0,1,5,0
2025-05-13,Levocetirizine 5mg,0.0,1,5,0
2025-05-13,Loperamide 2mg,0.0,1,5,0
2025-05-13,Losartan 50mg,0.0,1,5,0
2025-05-13,Metformin 500mg,0.0,1,5,0
2025-05-13,Montelukast 10mg,0.0,1,5,0
2025-05-13,Multivitamin Syrup,0.0,1,5,0
2025-05-13,N95 Mask,0.0,1,5,0
2025-05-13,Nicotine Patch,0.0,1,5,0
2025-05-13,ORS Sachet,0.0,1,5,0
2025-05-13,Omeprazole 20mg,0.0,1,5,0
2025-05-13,Pantoprazole 40mg,0.0,1,5,0
2025-05-13,Paracetamol 500mg,0.0,1,5,0
2025-05-13,Prednisolone 10mg,0.0,1,5,0
2025-05-13,Ranitidine 150mg,0.0,1,5,0
2025-05-13,Salbutamol Inhaler,0.0,1,5,0
2025-05-13,Surgical Gloves,0.0,1,5,0
2025-05-13,Tetanus Toxoid,0.0,1,5,0
2025-05-13,Thermometer,0.0,1,5,0
2025-05-13,Thyroxine 50mcg,0.0,1,5,0
2025-05-13,Vitamin C Tablets,7.0,1,5,0
2025-05-13,Volini Gel,0.0,1,5,0
2025-05-13,Zincovit,0.0,1,5,0
2025-05-14,Allegra 120mg,0.0,2,5,0
2025-05-14,Amlodipine 5mg,0.0,2,5,0
2025-05-14,Amoxicillin 250mg,0.0,2,5,0
2025-05-14,Atorvastatin 10mg,1.0,2,5,0
2025-05-14,Avil 25mg,0.0,2,5,0
2025-05-14,Azithromycin 500mg,0.0,2,5,0
2025-05-14,Bandage Roll,0.0,2,5,0
2025-05-14,Becosules,0.0,2,5,0
2025-05-14,Betadine Ointment,0.0,2,5,0
2025-05-14,Calpol 500mg,5.0,2,5,0
2025-05-14,Cetirizine 10mg,0.0,2,5,0
2025-05-14,Chlorpheniramine,0.0,2,5,0
2025-05-14,Ciprofloxacin 500mg,0.0,2,5,0
2025-05-14,Clotrimazole Cream,0.0,2,5,0
2025-05-14,Combiflam,0.0,2,5,0
2025-05-14,Crocin Advance,0.0,2,5,0
2025-05-14,Dexamethasone 4mg,0.0,2,5,0
2025-05-14,Digene,0.0,2,5,0
2025-05-14,Disprin,0.0,2,5,0
2025-05-14,Dolo 650mg,0.0,2,5,0
2025-05-14,Domperidone 10mg,0.0,2,5,0
2025-05-14,Erythromycin 250mg,0.0,2,5,0
2025-05-14,Glibenclamide 5mg,0.0,2,5,0
2025-05-14,Hand Sanitizer,0.0,2,5,0
2025-05-14,Hydroxychloroquine 200mg,8.0,2,5,0
2025-05-14,Ibuprofen 400mg,0.0,2,5,0
2025-05-14,Insulin 30/70,0.0,2,5,0
2025-05-14,Ivermectin 12mg,0.0,2,5,0
2025-05-14,Levocetirizine 5mg,0.0,2,5,0
2025-05-14,Loperamide 2mg,0.0,2,5,0
2025-05-14,Losartan 50mg,0.0,2,5,0
2025-05-14,Metformin 500mg,0.0,2,5,0
2025-05-14,Montelukast 10mg,0.0,2,5,0
2025-05-14,Multivitamin Syrup,9.0,2,5,0
2025-05-14,N95 Mask,0.0,2,5,0
2025-05-14,Nicotine Patch,0.0,2,5,0
2025-05-14,ORS Sachet,0.0,2,5,0
2025-05-14,Omeprazole 20mg,2.0,2,5,0
2025-05-14,Pantoprazole 40mg,0.0,2,5,0
2025-05-14,Paracetamol 500mg,14.0,2,5,0
2025-05-14,Prednisolone 10mg,0.0,2,5,0
2025-05-14,Ranitidine 150mg,0.0,2,5,0
2025-05-14,Salbutamol Inhaler,0.0,2,5,0
2025-05-14,Surgical Gloves,0.0,2,5,0
2025-05-14,Tetanus Toxoid,0.0,2,5,0
2025-05-14,Thermometer,0.0,2,5,0
2025-05-14,Thyroxine 50mcg,0.0,2,5,0
2025-05-14,Vitamin C Tablets,0.0,2,5,0
2025-05-14,Volini Gel,2.0,2,5,0
2025-05-14,Zincovit,0.0,2,5,0
2025-05-15,Allegra 120mg,0.0,3,5,0
2025-05-15,Amlodipine 5mg,0.0,3,5,0
2025-05-15,Amoxicillin 250mg,0.0,3,5,0
2025-05-15,Atorvastatin 10mg,0.0,3,5,0
2025-05-15,Avil 25mg,3.0,3,5,0
2025-05-15,Azithromycin 500mg,0.0,3,5,0
2025-05-15,Bandage Roll,0.0,3,5,0
2025-05-15,Becosules,0.0,3,5,0
2025-05-15,Betadine Ointment,0.0,3,5,0
2025-05-15,Calpol 500mg,0.0,3,5,0
2025-05-15,Cetirizine 10mg,0.0,3,5,0
2025-05-15,Chlorpheniramine,3.0,3,5,0
2025-05-15,Ciprofloxacin 500mg,0.0,3,5,0
2025-05-15,Clotrimazole Cream,0.0,3,5,0
2025-05-15,Combiflam,0.0,3,5,0
2025-05-15,Crocin Advance,0.0,3,5,0
2025-05-15,Dexamethasone 4mg,0.0,3,5,0
2025-05-15,Digene,0.0,3,5,0
2025-05-15,Disprin,6.0,3,5,0
2025-05-15,Dolo 650mg,0.0,3,5,0
2025-05-15,Domperidone 10mg,0.0,3,5,0
2025-05-15,Erythromycin 250mg,0.0,3,5,0
2025-05-15,Glibenclamide 5mg,0.0,3,5,0
2025-05-15,Hand Sanitizer,0.0,3,5,0
2025-05-15,Hydroxychloroquine 200mg,0.0,3,5,0
2025-05-15,Ibuprofen 400mg,0.0,3,5,0
2025-05-15,Insulin 30/70,0.0,3,5,0
2025-05-15,Ivermectin 12mg,5.0,3,5,0
2025-05-15,Levocetirizine 5mg,0.0,3,5,0
2025-05-15,Loperamide 2mg,0.0,3,5,0
2025-05-15,Losartan 50mg,0.0,3,5,0
2025-05-15,Metformin 500mg,0.0,3,5,0
2025-05-15,Montelukast 10mg,0.0,3,5,0
2025-05-15,Multivitamin Syrup,0.0,3,5,0
2025-05-15,N95 Mask,1.0,3,5,0
2025-05-15,Nicotine Patch,0.0,3,5,0
2025-05-15,ORS Sachet,4.0,3,5,0
2025-05-15,Omeprazole 20mg,0.0,3,5,0
2025-05-15,Pantoprazole 40mg,0.0,3,5,0
2025-05-15,Paracetamol 500mg,0.0,3,5,0
2025-05-15,Prednisolone 10mg,0.0,3,5,0
2025-05-15,Ranitidine 150mg,10.0,3,5,0
2025-05-15,Salbutamol Inhaler,0.0,3,5,0
2025-05-15,Surgical Gloves,0.0,3,5,0
2025-05-15,Tetanus Toxoid,0.0,3,5,0
2025-05-15,Thermometer,0.0,3,5,0
2025-05-15,Thyroxine 50mcg,4.0,3,5,0
2025-05-15,Vitamin C Tablets,8.0,3,5,0
2025-05-15,Volini Gel,8.0,3,5,0
2025-05-15,Zincovit,0.0,3,5,0
2025-05-16,Allegra 120mg,0.0,4,5,0
2025-05-16,Amlodipine 5mg,0.0,4,5,0
2025-05-16,Amoxicillin 250mg,0.0,4,5,0
2025-05-16,Atorvastatin 10mg,0.0,4,5,0
2025-05-16,Avil 25mg,0.0,4,5,0
2025-05-16,Azithromycin 500mg,0.0,4,5,0
2025-05-16,Bandage Roll,0.0,4,5,0
2025-05-16,Becosules,0.0,4,5,0
2025-05-16,Betadine Ointment,2.0,4,5,0
2025-05-16,Calpol 500mg,0.0,4,5,0
2025-05-16,Cetirizine 10mg,4.0,4,5,0
2025-05-16,Chlorpheniramine,0.0,4,5,0
2025-05-16,Ciprofloxacin 500mg,9.0,4,5,0
2025-05-16,Clotrimazole Cream,0.0,4,5,0
2025-05-16,Combiflam,0.0,4,5,0
2025-05-16,Crocin Advance,15.0,4,5,0
2025-05-16,Dexamethasone 4mg,0.0,4,5,0
2025-05-16,Digene,0.0,4,5,0
2025-05-16,Disprin,0.0,4,5,0
2025-05-16,Dolo 650mg,5.0,4,5,0
2025-05-16,Domperidone 10mg,0.0,4,5,0
2025-05-16,Erythromycin 250mg,0.0,4,5,0
2025-05-16,Glibenclamide 5mg,0.0,4,5,0
2025-05-16,Hand Sanitizer,0.0,4,5,0
2025-05-16,Hydroxychloroquine 200mg,0.0,4,5,0
2025-05-16,Ibuprofen 400mg,0.0,4,5,0
2025-05-16,Insulin 30/70,0.0,4,5,0
2025-05-16,Ivermectin 12mg,0.0,4,5,0
2025-05-16,Levocetirizine 5mg,0.0,4,5,0
2025-05-16,Loperamide 2mg,0.0,4,5,0
2025-05-16,Losartan 50mg,0.0,4,5,0
2025-05-16,Metformin 500mg,0.0,4,5,0
2025-05-16,Montelukast 10mg,0.0,4,5,0
2025-05-16,Multivitamin Syrup,5.0,4,5,0
2025-05-16,N95 Mask,0.0,4,5,0
2025-05-16,Nicotine Patch,0.0,4,5,0
2025-05-16,ORS Sachet,0.0,4,5,0
2025-05-16,Omeprazole 20mg,0.0,4,5,0
2025-05-16,Pantoprazole 40mg,0.0,4,5,0
2025-05-16,Paracetamol 500mg,12.0,4,5,0
2025-05-16,Prednisolone 10mg,0.0,4,5,0
2025-05-16,Ranitidine 150mg,0.0,4,5,0
2025-05-16,Salbutamol Inhaler,0.0,4,5,0
2025-05-16,Surgical Gloves,0.0,4,5,0
2025-05-16,Tetanus Toxoid,0.0,4,5,0
2025-05-16,Thermometer,0.0,4,5,0
2025-05-16,Thyroxine 50mcg,0.0,4,5,0
2025-05-16,Vitamin C Tablets,0.0,4,5,0
2025-05-16,Volini Gel,6.0,4,5,0
2025-05-16,Zincovit,7.0,4,5,0
2025-05-17,Allegra 120mg,0.0,5,5,1
2025-05-17,Amlodipine 5mg,9.0,5,5,1
2025-05-17,Amoxicillin 250mg,0.0,5,5,1
2025-05-17,Atorvastatin 10mg,0.0,5,5,1
2025-05-17,Avil 25mg,5.0,5,5,1
2025-05-17,Azithromycin 500mg,3.0,5,5,1
2025-05-17,Bandage Roll,0.0,5,5,1
2025-05-17,Becosules,0.0,5,5,1
2025-05-17,Betadine Ointment,0.0,5,5,1
2025-05-17,Calpol 500mg,3.0,5,5,1
2025-05-17,Cetirizine 10mg,3.0,5,5,1
2025-05-17,Chlorpheniramine,0.0,5,5,1
2025-05-17,Ciprofloxacin 500mg,0.0,5,5,1
2025-05-17,Clotrimazole Cream,0.0,5,5,1
2025-05-17,Combiflam,0.0,5,5,1
2025-05-17,Crocin Advance,8.0,5,5,1
2025-05-17,Dexamethasone 4mg,6.0,5,5,1
2025-05-17,Digene,7.0,5,5,1
2025-05-17,Disprin,0.0,5,5,1
2025-05-17,Dolo 650mg,0.0,5,5,1
2025-05-17,Domperidone 10mg,0.0,5,5,1
2025-05-17,Erythromycin 250mg,4.0,5,5,1
2025-05-17,Glibenclamide 5mg,0.0,5,5,1
2025-05-17,Hand Sanitizer,0.0,5,5,1
2025-05-17,Hydroxychloroquine 200mg,0.0,5,5,1
2025-05-17,Ibuprofen 400mg,6.0,5,5,1
2025-05-17,Insulin 30/70,0.0,5,5,1
2025-05-17,Ivermectin 12mg,0.0,5,5,1
2025-05-17,Levocetirizine 5mg,10.0,5,5,1
2025-05-17,Loperamide 2mg,0.0,5,5,1
2025-05-17,Losartan 50mg,0.0,5,5,1
2025-05-17,Metformin 500mg,0.0,5,5,1
2025-05-17,Montelukast 10mg,0.0,5,5,1
2025-05-17,Multivitamin Syrup,0.0,5,5,1
2025-05-17,N95 Mask,0.0,5,5,1
2025-05-17,Nicotine Patch,0.0,5,5,1
2025-05-17,ORS Sachet,0.0,5,5,1
2025-05-17,Omeprazole 20mg,0.0,5,5,1
2025-05-17,Pantoprazole 40mg,0.0,5,5,1
2025-05-17,Paracetamol 500mg,0.0,5,5,1
2025-05-17,Prednisolone 10mg,7.0,5,5,1
2025-05-17,Ranitidine 150mg,0.0,5,5,1
2025-05-17,Salbutamol Inhaler,0.0,5,5,1
2025-05-17,Surgical Gloves,0.0,5,5,1
2025-05-17,Tetanus Toxoid,0.0,5,5,1
2025-05-17,Thermometer,0.0,5,5,1
2025-05-17,Thyroxine 50mcg,0.0,5,5,1
2025-05-17,Vitamin C Tablets,0.0,5,5,1
2025-05-17,Volini Gel,0.0,5,5,1
2025-05-17,Zincovit,0.0,5,5,1
2025-05-18,Allegra 120mg,0.0,6,5,1
2025-05-18,Amlodipine 5mg,0.0,6,5,1
2025-05-18,Amoxicillin 250mg,0.0,6,5,1
2025-05-18,Atorvastatin 10mg,0.0,6,5,1
2025-05-18,Avil 25mg,0.0,6,5,1
2025-05-18,Azithromycin 500mg,0.0,6,5,1
2025-05-18,Bandage Roll,0.0,6,5,1
2025-05-18,Becosules,0.0,6,5,1
2025-05-18,Betadine Ointment,0.0,6,5,1
2025-05-18,Calpol 500mg,0.0,6,5,1
2025-05-18,Cetirizine 10mg,0.0,6,5,1
2025-05-18,Chlorpheniramine,0.0,6,5,1
2025-05-18,Ciprofloxacin 500mg,0.0,6,5,1
2025-05-18,Clotrimazole Cream,0.0,6,5,1
2025-05-18,Combiflam,0.0,6,5,1
2025-05-18,Crocin Advance,0.0,6,5,1
2025-05-18,Dexamethasone 4mg,0.0,6,5,1
2025-05-18,Digene,0.0,6,5,1
2025-05-18,Disprin,0.0,6,5,1
2025-05-18,Dolo 650mg,0.0,6,5,1
2025-05-18,Domperidone 10mg,0.0,6,5,1
2025-05-18,Erythromycin 250mg,0.0,6,5,1
2025-05-18,Glibenclamide 5mg,0.0,6,5,1
2025-05-18,Hand Sanitizer,0.0,6,5,1
2025-05-18,Hydroxychloroquine 200mg,0.0,6,5,1
2025-05-18,Ibuprofen 400mg,0.0,6,5,1
2025-05-18,Insulin 30/70,13.0,6,5,1
2025-05-18,Ivermectin 12mg,0.0,6,5,1
2025-05-18,Levocetirizine 5mg,0.0,6,5,1
2025-05-18,Loperamide 2mg,0.0,6,5,1
2025-05-18,Losartan 50mg,0.0,6,5,1
2025-05-18,Metformin 500mg,0.0,6,5,1
2025-05-18,Montelukast 10mg,0.0,6,5,1
2025-05-18,Multivitamin Syrup,6.0,6,5,1
2025-05-18,N95 Mask,4.0,6,5,1
2025-05-18,Nicotine Patch,9.0,6,5,1
2025-05-18,ORS Sachet,0.0,6,5,1
2025-05-18,Omeprazole 20mg,0.0,6,5,1
2025-05-18,Pantoprazole 40mg,0.0,6,5,1
2025-05-18,Paracetamol 500mg,0.0,6,5,1
2025-05-18,Prednisolone 10mg,0.0,6,5,1
2025-05-18,Ranitidine 150mg,6.0,6,5,1
2025-05-18,Salbutamol Inhaler,0.0,6,5,1
2025-05-18,Surgical Gloves,0.0,6,5,1
2025-05-18,Tetanus Toxoid,0.0,6,5,1
2025-05-18,Thermometer,5.0,6,5,1
2025-05-18,Thyroxine 50mcg,0.0,6,5,1
2025-05-18,Vitamin C Tablets,0.0,6,5,1
2025-05-18,Volini Gel,3.0,6,5,1
2025-05-18,Zincovit,9.0,6,5,1
2025-05-19,Allegra 120mg,0.0,0,5,0
2025-05-19,Amlodipine 5mg,0.0,0,5,0
2025-05-19,Amoxicillin 250mg,6.0,0,5,0
2025-05-19,Atorvastatin 10mg,0.0,0,5,0
2025-05-19,Avil 25mg,0.0,0,5,0
2025-05-19,Azithromycin 500mg,0.0,0,5,0
2025-05-19,Bandage Roll,0.0,0,5,0
2025-05-19,Becosules,0.0,0,5,0
2025-05-19,Betadine Ointment,0.0,0,5,0
2025-05-19,Calpol 500mg,3.0,0,5,0
2025-05-19,Cetirizine 10mg,0.0,0,5,0
2025-05-19,Chlorpheniramine,0.0,0,5,0
2025-05-19,Ciprofloxacin 500mg,0.0,0,5,0
2025-05-19,Clotrimazole Cream,3.0,0,5,0
2025-05-19,Combiflam,0.0,0,5,0
2025-05-19,Crocin Advance,0.0,0,5,0
2025-05-19,Dexamethasone 4mg,0.0,0,5,0
2025-05-19,Digene,0.0,0,5,0
2025-05-19,Disprin,0.0,0,5,0
2025-05-19,Dolo 650mg,0.0,0,5,0
2025-05-19,Domperidone 10mg,0.0,0,5,0
2025-05-19,Erythromycin 250mg,4.0,0,5,0
2025-05-19,Glibenclamide 5mg,0.0,0,5,0
2025-05-19,Hand Sanitizer,3.0,0,5,0
2025-05-19,Hydroxychloroquine 200mg,0.0,0,5,0
2025-05-19,Ibuprofen 400mg,0.0,0,5,0
2025-05-19,Insulin 30/70,0.0,0,5,0
2025-05-19,Ivermectin 12mg,0.0,0,5,0
2025-05-19,Levocetirizine 5mg,0.0,0,5,0
2025-05-19,Loperamide 2mg,0.0,0,5,0
2025-05-19,Losartan 50mg,0.0,0,5,0
2025-05-19,Metformin 500mg,0.0,0,5,0
2025-05-19,Montelukast 10mg,10.0,0,5,0
2025-05-19,Multivitamin Syrup,0.0,0,5,0
2025-05-19,N95 Mask,0.0,0,5,0
2025-05-19,Nicotine Patch,0.0,0,5,0
2025-05-19,ORS Sachet,0.0,0,5,0
2025-05-19,Omeprazole 20mg,5.0,0,5,0
2025-05-19,Pantoprazole 40mg,0.0,0,5,0
2025-05-19,Paracetamol 500mg,0.0,0,5,0
2025-05-19,Prednisolone 10mg,0.0,0,5,0
2025-05-19,Ranitidine 150mg,0.0,0,5,0
2025-05-19,Salbutamol Inhaler,0.0,0,5,0
2025-05-19,Surgical Gloves,0.0,0,5,0
2025-05-19,Tetanus Toxoid,7.0,0,5,0
2025-05-19,Thermometer,0.0,0,5,0
2025-05-19,Thyroxine 50mcg,0.0,0,5,0
2025-05-19,Vitamin C Tablets,0.0,0,5,0
2025-05-19,Volini Gel,0.0,0,5,0
2025-05-19,Zincovit,0.0,0,5,0
2025-05-20,Allegra 120mg,10.0,1,5,0
2025-05-20,Amlodipine 5mg,0.0,1,5,0
2025-05-20,Amoxicillin 250mg,0.0,1,5,0
2025-05-20,Atorvastatin 10mg,9.0,1,5,0
2025-05-20,Avil 25mg,0.0,1,5,0
2025-05-20,Azithromycin 500mg,0.0,1,5,0
2025-05-20,Bandage Roll,0.0,1,5,0
2025-05-20,Becosules,9.0,1,5,0
2025-05-20,Betadine Ointment,0.0,1,5,0
2025-05-20,Calpol 500mg,4.0,1,5,0
2025-05-20,Cetirizine 10mg,0.0,1,5,0
2025-05-20,Chlorpheniramine,0.0,1,5,0
2025-05-20,Ciprofloxacin 500mg,0.0,1,5,0
2025-05-20,Clotrimazole Cream,0.0,1,5,0
2025-05-20,Combiflam,0.0,1,5,0
2025-05-20,Crocin Advance,0.0,1,5,0
2025-05-20,Dexamethasone 4mg,0.0,1,5,0
2025-05-20,Digene,0.0,1,5,0
2025-05-20,Disprin,0.0,1,5,0
2025-05-20,Dolo 650mg,0.0,1,5,0
2025-05-20,Domperidone 10mg,0.0,1,5,0
2025-05-20,Erythromycin 250mg,0.0,1,5,0
2025-05-20,Glibenclamide 5mg,0.0,1,5,0
2025-05-20,Hand Sanitizer,0.0,1,5,0
2025-05-20,Hydroxychloroquine 200mg,0.0,1,5,0
2025-05-20,Ibuprofen 400mg,0.0,1,5,0
2025-05-20,Insulin 30/70,0.0,1,5,0
2025-05-20,Ivermectin 12mg,0.0,1,5,0
2025-05-20,Levocetirizine 5mg,0.0,1,5,0
2025-05-20,Loperamide 2mg,9.0,1,5,0
2025-05-20,Losartan 50mg,0.0,1,5,0
2025-05-20,Metformin 500mg,0.0,1,5,0
2025-05-20,Montelukast 10mg,0.0,1,5,0
2025-05-20,Multivitamin Syrup,0.0,1,5,0
2025-05-20,N95 Mask,1.0,1,5,0
2025-05-20,Nicotine Patch,0.0,1,5,0
2025-05-20,ORS Sachet,0.0,1,5,0
2025-05-20,Omeprazole 20mg,0.0,1,5,0
2025-05-20,Pantoprazole 40mg,2.0,1,5,0
2025-05-20,Paracetamol 500mg,0.0,1,5,0
2025-05-20,Prednisolone 10mg,0.0,1,5,0
2025-05-20,Ranitidine 150mg,3.0,1,5,0
2025-05-20,Salbutamol Inhaler,0.0,1,5,0
2025-05-20,Surgical Gloves,0.0,1,5,0
2025-05-20,Tetanus Toxoid,0.0,1,5,0
2025-05-20,Thermometer,0.0,1,5,0
2025-05-20,Thyroxine 50mcg,0.0,1,5,0
2025-05-20,Vitamin C Tablets,0.0,1,5,0
2025-05-20,Volini Gel,0.0,1,5,0
2025-05-20,Zincovit,0.0,1,5,0
2025-05-21,Allegra 120mg,0.0,2,5,0
2025-05-21,Amlodipine 5mg,0.0,2,5,0
2025-05-21,Amoxicillin 250mg,0.0,2,5,0
2025-05-21,Atorvastatin 10mg,7.0,2,5,0
2025-05-21,Avil 25mg,0.0,2,5,0
2025-05-21,Azithromycin 500mg,0.0,2,5,0
2025-05-21,Bandage Roll,0.0,2,5,0
2025-05-21,Becosules,0.0,2,5,0
2025-05-21,Betadine Ointment,0.0,2,5,0
2025-05-21,Calpol 500mg,0.0,2,5,0
2025-05-21,Cetirizine 10mg,0.0,2,5,0
2025-05-21,Chlorpheniramine,0.0,2,5,0
2025-05-21,Ciprofloxacin 500mg,9.0,2,5,0
2025-05-21,Clotrimazole Cream,0.0,2,5,0
2025-05-21,Combiflam,0.0,2,5,0
2025-05-21,Crocin Advance,0.0,2,5,0
2025-05-21,Dexamethasone 4mg,5.0,2,5,0
2025-05-21,Digene,0.0,2,5,0
2025-05-21,Disprin,5.0,2,5,0
2025-05-21,Dolo 650mg,0.0,2,5,0
2025-05-21,Domperidone 10mg,0.0,2,5,0
2025-05-21,Erythromycin 250mg,0.0,2,5,0
2025-05-21,Glibenclamide 5mg,0.0,2,5,0
2025-05-21,Hand Sanitizer,0.0,2,5,0
2025-05-21,Hydroxychloroquine 200mg,0.0,2,5,0
2025-05-21,Ibuprofen 400mg,0.0,2,5,0
2025-05-21,Insulin 30/70,0.0,2,5,0
2025-05-21,Ivermectin 12mg,0.0,2,5,0
2025-05-21,Levocetirizine 5mg,0.0,2,5,0
2025-05-21,Loperamide 2mg,0.0,2,5,0
2025-05-21,Losartan 50mg,0.0,2,5,0
2025-05-21,Metformin 500mg,0.0,2,5,0
2025-05-21,Montelukast 10mg,0.0,2,5,0
2025-05-21,Multivitamin Syrup,0.0,2,5,0
2025-05-21,N95 Mask,0.0,2,5,0
2025-05-21,Nicotine Patch,0.0,2,5,0
2025-05-21,ORS Sachet,0.0,2,5,0
2025-05-21,Omeprazole 20mg,0.0,2,5,0
2025-05-21,Pantoprazole 40mg,0.0,2,5,0
2025-05-21,Paracetamol 500mg,0.0,2,5,0
2025-05-21,Prednisolone 10mg,0.0,2,5,0
2025-05-21,Ranitidine 150mg,0.0,2,5,0
2025-05-21,Salbutamol Inhaler,0.0,2,5,0
2025-05-21,Surgical Gloves,10.0,2,5,0
2025-05-21,Tetanus Toxoid,5.0,2,5,0
2025-05-21,Thermometer,0.0,2,5,0
2025-05-21,Thyroxine 50mcg,0.0,2,5,0
2025-05-21,Vitamin C Tablets,0.0,2,5,0
2025-05-21,Volini Gel,7.0,2,5,0
2025-05-21,Zincovit,0.0,2,5,0
2025-05-22,Allegra 120mg,0.0,3,5,0
2025-05-22,Amlodipine 5mg,0.0,3,5,0
2025-05-22,Amoxicillin 250mg,0.0,3,5,0
2025-05-22,Atorvastatin 10mg,0.0,3,5,0
2025-05-22,Avil 25mg,0.0,3,5,0
2025-05-22,Azithromycin 500mg,2.0,3,5,0
2025-05-22,Bandage Roll,0.0,3,5,0
2025-05-22,Becosules,0.0,3,5,0
2025-05-22,Betadine Ointment,0.0,3,5,0
2025-05-22,Calpol 500mg,0.0,3,5,0
2025-05-22,Cetirizine 10mg,0.0,3,5,0
2025-05-22,Chlorpheniramine,4.0,3,5,0
2025-05-22,Ciprofloxacin 500mg,0.0,3,5,0
2025-05-22,Clotrimazole Cream,0.0,3,5,0
2025-05-22,Combiflam,0.0,3,5,0
2025-05-22,Crocin Advance,0.0,3,5,0
2025-05-22,Dexamethasone 4mg,0.0,3,5,0
2025-05-22,Digene,9.0,3,5,0
2025-05-22,Disprin,0.0,3,5,0
2025-05-22,Dolo 650mg,9.0,3,5,0
2025-05-22,Domperidone 10mg,0.0,3,5,0
2025-05-22,Erythromycin 250mg,0.0,3,5,0
2025-05-22,Glibenclamide 5mg,0.0,3,5,0
2025-05-22,Hand Sanitizer,4.0,3,5,0
2025-05-22,Hydroxychloroquine 200mg,0.0,3,5,0
2025-05-22,Ibuprofen 400mg,0.0,3,5,0
2025-05-22,Insulin 30/70,0.0,3,5,0
2025-05-22,Ivermectin 12mg,0.0,3,5,0
2025-05-22,Levocetirizine 5mg,0.0,3,5,0
2025-05-22,Loperamide 2mg,0.0,3,5,0
2025-05-22,Losartan 50mg,0.0,3,5,0
2025-05-22,Metformin 500mg,0.0,3,5,0
2025-05-22,Montelukast 10mg,0.0,3,5,0
2025-05-22,Multivitamin Syrup,0.0,3,5,0
2025-05-22,N95 Mask,4.0,3,5,0
2025-05-22,Nicotine Patch,0.0,3,5,0
2025-05-22,ORS Sachet,0.0,3,5,0
2025-05-22,Omeprazole 20mg,0.0,3,5,0
2025-05-22,Pantoprazole 40mg,0.0,3,5,0
2025-05-22,Paracetamol 500mg,0.0,3,5,0
2025-05-22,Prednisolone 10mg,0.0,3,5,0
2025-05-22,Ranitidine 150mg,0.0,3,5,0
2025-05-22,Salbutamol Inhaler,0.0,3,5,0
2025-05-22,Surgical Gloves,8.0,3,5,0
2025-05-22,Tetanus Toxoid,0.0,3,5,0
2025-05-22,Thermometer,0.0,3,5,0
2025-05-22,Thyroxine 50mcg,0.0,3,5,0
2025-05-22,Vitamin C Tablets,0.0,3,5,0
2025-05-22,Volini Gel,2.0,3,5,0
2025-05-22,Zincovit,0.0,3,5,0
2025-05-23,Allegra 120mg,0.0,4,5,0
2025-05-23,Amlodipine 5mg,0.0,4,5,0
2025-05-23,Amoxicillin 250mg,0.0,4,5,0
2025-05-23,Atorvastatin 10mg,0.0,4,5,0
2025-05-23,Avil 25mg,0.0,4,5,0
2025-05-23,Azithromycin 500mg,5.0,4,5,0
2025-05-23,Bandage Roll,0.0,4,5,0
2025-05-23,Becosules,0.0,4,5,0
2025-05-23,Betadine Ointment,5.0,4,5,0
2025-05-23,Calpol 500mg,0.0,4,5,0
2025-05-23,Cetirizine 10mg,0.0,4,5,0
2025-05-23,Chlorpheniramine,0.0,4,5,0
2025-05-23,Ciprofloxacin 500mg,0.0,4,5,0
2025-05-23,Clotrimazole Cream,0.0,4,5,0
2025-05-23,Combiflam,0.0,4,5,0
2025-05-23,Crocin Advance,1.0,4,5,0
2025-05-23,Dexamethasone 4mg,0.0,4,5,0
2025-05-23,Digene,0.0,4,5,0
2025-05-23,Disprin,0.0,4,5,0
2025-05-23,Dolo 650mg,0.0,4,5,0
2025-05-23,Domperidone 10mg,9.0,4,5,0
2025-05-23,Erythromycin 250mg,0.0,4,5,0
2025-05-23,Glibenclamide 5mg,0.0,4,5,0
2025-05-23,Hand Sanitizer,0.0,4,5,0
2025-05-23,Hydroxychloroquine 200mg,0.0,4,5,0
2025-05-23,Ibuprofen 400mg,0.0,4,5,0
2025-05-23,Insulin 30/70,0.0,4,5,0
2025-05-23,Ivermectin 12mg,0.0,4,5,0
2025-05-23,Levocetirizine 5mg,0.0,4,5,0
2025-05-23,Loperamide 2mg,0.0,4,5,0
2025-05-23,Losartan 50mg,0.0,4,5,0
2025-05-23,Metformin 500mg,0.0,4,5,0
2025-05-23,Montelukast 10mg,0.0,4,5,0
2025-05-23,Multivitamin Syrup,0.0,4,5,0
2025-05-23,N95 Mask,0.0,4,5,0
2025-05-23,Nicotine Patch,0.0,4,5,0
2025-05-23,ORS Sachet,0.0,4,5,0
2025-05-23,Omeprazole 20mg,0.0,4,5,0
2025-05-23,Pantoprazole 40mg,0.0,4,5,0
2025-05-23,Paracetamol 500mg,0.0,4,5,0
2025-05-23,Prednisolone 10mg,0.0,4,5,0
2025-05-23,Ranitidine 150mg,0.0,4,5,0
2025-05-23,Salbutamol Inhaler,0.0,4,5,0
2025-05-23,Surgical Gloves,7.0,4,5,0
2025-05-23,Tetanus Toxoid,7.0,4,5,0
2025-05-23,Thermometer,0.0,4,5,0
2025-05-23,Thyroxine 50mcg,3.0,4,5,0
2025-05-23,Vitamin C Tablets,0.0,4,5,0
2025-05-23,Volini Gel,0.0,4,5,0
2025-05-23,Zincovit,5.0,4,5,0
2025-05-24,Allegra 120mg,0.0,5,5,1
2025-05-24,Amlodipine 5mg,0.0,5,5,1
2025-05-24,Amoxicillin 250mg,3.0,5,5,1
2025-05-24,Atorvastatin 10mg,0.0,5,5,1
2025-05-24,Avil 25mg,0.0,5,5,1
2025-05-24,Azithromycin 500mg,0.0,5,5,1
2025-05-24,Bandage Roll,0.0,5,5,1
2025-05-24,Becosules,0.0,5,5,1
2025-05-24,Betadine Ointment,0.0,5,5,1
2025-05-24,Calpol 500mg,0.0,5,5,1
2025-05-24,Cetirizine 10mg,4.0,5,5,1
2025-05-24,Chlorpheniramine,0.0,5,5,1
2025-05-24,Ciprofloxacin 500mg,0.0,5,5,1
2025-05-24,Clotrimazole Cream,0.0,5,5,1
2025-05-24,Combiflam,0.0,5,5,1
2025-05-24,Crocin Advance,0.0,5,5,1
2025-05-24,Dexamethasone 4mg,10.0,5,5,1
2025-05-24,Digene,0.0,5,5,1
2025-05-24,Disprin,0.0,5,5,1
2025-05-24,Dolo 650mg,0.0,5,5,1
2025-05-24,Domperidone 10mg,0.0,5,5,1
2025-05-24,Erythromycin 250mg,0.0,5,5,1
2025-05-24,Glibenclamide 5mg,0.0,5,5,1
2025-05-24,Hand Sanitizer,0.0,5,5,1
2025-05-24,Hydroxychloroquine 200mg,0.0,5,5,1
2025-05-24,Ibuprofen 400mg,8.0,5,5,1
2025-05-24,Insulin 30/70,0.0,5,5,1
2025-05-24,Ivermectin 12mg,0.0,5,5,1
2025-05-24,Levocetirizine 5mg,0.0,5,5,1
2025-05-24,Loperamide 2mg,7.0,5,5,1
2025-05-24,Losartan 50mg,5.0,5,5,1
2025-05-24,Metformin 500mg,0.0,5,5,1
2025-05-24,Montelukast 10mg,15.0,5,5,1
2025-05-24,Multivitamin Syrup,0.0,5,5,1
2025-05-24,N95 Mask,0.0,5,5,1
2025-05-24,Nicotine Patch,0.0,5,5,1
2025-05-24,ORS Sachet,0.0,5,5,1
2025-05-24,Omeprazole 20mg,0.0,5,5,1
2025-05-24,Pantoprazole 40mg,4.0,5,5,1
2025-05-24,Paracetamol 500mg,5.0,5,5,1
2025-05-24,Prednisolone 10mg,0.0,5,5,1
2025-05-24,Ranitidine 150mg,0.0,5,5,1
2025-05-24,Salbutamol Inhaler,0.0,5,5,1
2025-05-24,Surgical Gloves,0.0,5,5,1
2025-05-24,Tetanus Toxoid,0.0,5,5,1
2025-05-24,Thermometer,0.0,5,5,1
2025-05-24,Thyroxine 50mcg,0.0,5,5,1
2025-05-24,Vitamin C Tablets,0.0,5,5,1
2025-05-24,Volini Gel,0.0,5,5,1
2025-05-24,Zincovit,0.0,5,5,1
2025-05-25,Allegra 120mg,0.0,6,5,1
2025-05-25,Amlodipine 5mg,0.0,6,5,1
2025-05-25,Amoxicillin 250mg,0.0,6,5,1
2025-05-25,Atorvastatin 10mg,0.0,6,5,1
2025-05-25,Avil 25mg,0.0,6,5,1
2025-05-25,Azithromycin 500mg,0.0,6,5,1
2025-05-25,Bandage Roll,0.0,6,5,1
2025-05-25,Becosules,0.0,6,5,1
2025-05-25,Betadine Ointment,0.0,6,5,1
2025-05-25,Calpol 500mg,0.0,6,5,1
2025-05-25,Cetirizine 10mg,0.0,6,5,1
2025-05-25,Chlorpheniramine,0.0,6,5,1
2025-05-25,Ciprofloxacin 500mg,0.0,6,5,1
2025-05-25,Clotrimazole Cream,10.0,6,5,1
2025-05-25,Combiflam,0.0,6,5,1
2025-05-25,Crocin Advance,4.0,6,5,1
2025-05-25,Dexamethasone 4mg,0.0,6,5,1
2025-05-25,Digene,0.0,6,5,1
2025-05-25,Disprin,7.0,6,5,1
2025-05-25,Dolo 650mg,0.0,6,5,1
2025-05-25,Domperidone 10mg,3.0,6,5,1
2025-05-25,Erythromycin 250mg,0.0,6,5,1
2025-05-25,Glibenclamide 5mg,0.0,6,5,1
2025-05-25,Hand Sanitizer,0.0,6,5,1
2025-05-25,Hydroxychloroquine 200mg,0.0,6,5,1
2025-05-25,Ibuprofen 400mg,9.0,6,5,1
2025-05-25,Insulin 30/70,0.0,6,5,1
2025-05-25,Ivermectin 12mg,0.0,6,5,1
2025-05-25,Levocetirizine 5mg,0.0,6,5,1
2025-05-25,Loperamide 2mg,0.0,6,5,1
2025-05-25,Losartan 50mg,11.0,6,5,1
2025-05-25,Metformin 500mg,5.0,6,5,1
2025-05-25,Montelukast 10mg,0.0,6,5,1
2025-05-25,Multivitamin Syrup,0.0,6,5,1
2025-05-25,N95 Mask,0.0,6,5,1
2025-05-25,Nicotine Patch,0.0,6,5,1
2025-05-25,ORS Sachet,0.0,6,5,1
2025-05-25,Omeprazole 20mg,0.0,6,5,1
2025-05-25,Pantoprazole 40mg,0.0,6,5,1
2025-05-25,Paracetamol 500mg,0.0,6,5,1
2025-05-25,Prednisolone 10mg,0.0,6,5,1
2025-05-25,Ranitidine 150mg,0.0,6,5,1
2025-05-25,Salbutamol Inhaler,6.0,6,5,1
2025-05-25,Surgical Gloves,0.0,6,5,1
2025-05-25,Tetanus Toxoid,0.0,6,5,1
2025-05-25,Thermometer,0.0,6,5,1
2025-05-25,Thyroxine 50mcg,0.0,6,5,1
2025-05-25,Vitamin C Tablets,0.0,6,5,1
2025-05-25,Volini Gel,0.0,6,5,1
2025-05-25,Zincovit,0.0,6,5,1
2025-05-26,Allegra 120mg,0.0,0,5,0
2025-05-26,Amlodipine 5mg,0.0,0,5,0
2025-05-26,Amoxicillin 250mg,0.0,0,5,0
2025-05-26,Atorvastatin 10mg,0.0,0,5,0
2025-05-26,Avil 25mg,0.0,0,5,0
2025-05-26,Azithromycin 500mg,5.0,0,5,0
2025-05-26,Bandage Roll,0.0,0,5,0
2025-05-26,Becosules,0.0,0,5,0
2025-05-26,Betadine Ointment,0.0,0,5,0
2025-05-26,Calpol 500mg,0.0,0,5,0
2025-05-26,Cetirizine 10mg,0.0,0,5,0
2025-05-26,Chlorpheniramine,0.0,0,5,0
2025-05-26,Ciprofloxacin 500mg,0.0,0,5,0
2025-05-26,Clotrimazole Cream,0.0,0,5,0
2025-05-26,Combiflam,0.0,0,5,0
2025-05-26,Crocin Advance,0.0,0,5,0
2025-05-26,Dexamethasone 4mg,5.0,0,5,0
2025-05-26,Digene,0.0,0,5,0
2025-05-26,Disprin,0.0,0,5,0
2025-05-26,Dolo 650mg,0.0,0,5,0
2025-05-26,Domperidone 10mg,0.0,0,5,0
2025-05-26,Erythromycin 250mg,0.0,0,5,0
2025-05-26,Glibenclamide 5mg,0.0,0,5,0
2025-05-26,Hand Sanitizer,0.0,0,5,0
2025-05-26,Hydroxychloroquine 200mg,0.0,0,5,0
2025-05-26,Ibuprofen 400mg,4.0,0,5,0
2025-05-26,Insulin 30/70,0.0,0,5,0
2025-05-26,Ivermectin 12mg,0.0,0,5,0
2025-05-26,Levocetirizine 5mg,0.0,0,5,0
2025-05-26,Loperamide 2mg,0.0,0,5,0
2025-05-26,Losartan 50mg,0.0,0,5,0
2025-05-26,Metformin 500mg,0.0,0,5,0
2025-05-26,Montelukast 10mg,0.0,0,5,0
2025-05-26,Multivitamin Syrup,15.0,0,5,0
2025-05-26,N95 Mask,0.0,0,5,0
2025-05-26,Nicotine Patch,0.0,0,5,0
2025-05-26,ORS Sachet,0.0,0,5,0
2025-05-26,Omeprazole 20mg,0.0,0,5,0
2025-05-26,Pantoprazole 40mg,0.0,0,5,0
2025-05-26,Paracetamol 500mg,0.0,0,5,0
2025-05-26,Prednisolone 10mg,0.0,0,5,0
2025-05-26,Ranitidine 150mg,0.0,0,5,0
2025-05-26,Salbutamol Inhaler,0.0,0,5,0
2025-05-26,Surgical Gloves,5.0,0,5,0
2025-05-26,Tetanus Toxoid,5.0,0,5,0
2025-05-26,Thermometer,0.0,0,5,0
2025-05-26,Thyroxine 50mcg,0.0,0,5,0
2025-05-26,Vitamin C Tablets,0.0,0,5,0
2025-05-26,Volini Gel,0.0,0,5,0
2025-05-26,Zincovit,0.0,0,5,0
2025-05-27,Allegra 120mg,3.0,1,5,0
2025-05-27,Amlodipine 5mg,0.0,1,5,0
2025-05-27,Amoxicillin 250mg,0.0,1,5,0
2025-05-27,Atorvastatin 10mg,0.0,1,5,0
2025-05-27,Avil 25mg,1.0,1,5,0
2025-05-27,Azithromycin 500mg,0.0,1,5,0
2025-05-27,Bandage Roll,0.0,1,5,0
2025-05-27,Becosules,0.0,1,5,0
2025-05-27,Betadine Ointment,0.0,1,5,0
2025-05-27,Calpol 500mg,0.0,1,5,0
2025-05-27,Cetirizine 10mg,2.0,1,5,0
2025-05-27,Chlorpheniramine,0.0,1,5,0
2025-05-27,Ciprofloxacin 500mg,7.0,1,5,0
2025-05-27,Clotrimazole Cream,9.0,1,5,0
2025-05-27,Combiflam,0.0,1,5,0
2025-05-27,Crocin Advance,0.0,1,5,0
2025-05-27,Dexamethasone 4mg,5.0,1,5,0
2025-05-27,Digene,0.0,1,5,0
2025-05-27,Disprin,0.0,1,5,0
2025-05-27,Dolo 650mg,0.0,1,5,0
2025-05-27,Domperidone 10mg,0.0,1,5,0
2025-05-27,Erythromycin 250mg,0.0,1,5,0
2025-05-27,Glibenclamide 5mg,0.0,1,5,0
2025-05-27,Hand Sanitizer,0.0,1,5,0
2025-05-27,Hydroxychloroquine 200mg,0.0,1,5,0
2025-05-27,Ibuprofen 400mg,0.0,1,5,0
2025-05-27,Insulin 30/70,0.0,1,5,0
2025-05-27,Ivermectin 12mg,0.0,1,5,0
2025-05-27,Levocetirizine 5mg,0.0,1,5,0
2025-05-27,Loperamide 2mg,0.0,1,5,0
2025-05-27,Losartan 50mg,0.0,1,5,0
2025-05-27,Metformin 500mg,0.0,1,5,0
2025-05-27,Montelukast 10mg,0.0,1,5,0
2025-05-27,Multivitamin Syrup,0.0,1,5,0
2025-05-27,N95 Mask,10.0,1,5,0
2025-05-27,Nicotine Patch,0.0,1,5,0
2025-05-27,ORS Sachet,0.0,1,5,0
2025-05-27,Omeprazole 20mg,0.0,1,5,0
2025-05-27,Pantoprazole 40mg,0.0,1,5,0
2025-05-27,Paracetamol 500mg,0.0,1,5,0
2025-05-27,Prednisolone 10mg,0.0,1,5,0
2025-05-27,Ranitidine 150mg,0.0,1,5,0
2025-05-27,Salbutamol Inhaler,4.0,1,5,0
2025-05-27,Surgical Gloves,0.0,1,5,0
2025-05-27,Tetanus Toxoid,0.0,1,5,0
2025-05-27,Thermometer,8.0,1,5,0
2025-05-27,Thyroxine 50mcg,0.0,1,5,0
2025-05-27,Vitamin C Tablets,0.0,1,5,0
2025-05-27,Volini Gel,0.0,1,5,0
2025-05-27,Zincovit,0.0,1,5,0
2025-05-28,Allegra 120mg,0.0,2,5,0
2025-05-28,Amlodipine 5mg,0.0,2,5,0
2025-05-28,Amoxicillin 250mg,0.0,2,5,0
2025-05-28,Atorvastatin 10mg,0.0,2,5,0
2025-05-28,Avil 25mg,0.0,2,5,0
2025-05-28,Azithromycin 500mg,0.0,2,5,0
2025-05-28,Bandage Roll,0.0,2,5,0
2025-05-28,Becosules,0.0,2,5,0
2025-05-28,Betadine Ointment,1.0,2,5,0
2025-05-28,Calpol 500mg,0.0,2,5,0
2025-05-28,Cetirizine 10mg,0.0,2,5,0
2025-05-28,Chlorpheniramine,0.0,2,5,0
2025-05-28,Ciprofloxacin 500mg,0.0,2,5,0
2025-05-28,Clotrimazole Cream,3.0,2,5,0
2025-05-28,Combiflam,7.0,2,5,0
2025-05-28,Crocin Advance,0.0,2,5,0
2025-05-28,Dexamethasone 4mg,0.0,2,5,0
2025-05-28,Digene,0.0,2,5,0
2025-05-28,Disprin,0.0,2,5,0
2025-05-28,Dolo 650mg,0.0,2,5,0
2025-05-28,Domperidone 10mg,0.0,2,5,0
2025-05-28,Erythromycin 250mg,0.0,2,5,0
2025-05-28,Glibenclamide 5mg,0.0,2,5,0
2025-05-28,Hand Sanitizer,0.0,2,5,0
2025-05-28,Hydroxychloroquine 200mg,0.0,2,5,0
2025-05-28,Ibuprofen 400mg,0.0,2,5,0
2025-05-28,Insulin 30/70,7.0,2,5,0
2025-05-28,Ivermectin 12mg,0.0,2,5,0
2025-05-28,Levocetirizine 5mg,0.0,2,5,0
2025-05-28,Loperamide 2mg,0.0,2,5,0
2025-05-28,Losartan 50mg,10.0,2,5,0
2025-05-28,Metformin 500mg,0.0,2,5,0
2025-05-28,Montelukast 10mg,0.0,2,5,0
2025-05-28,Multivitamin Syrup,0.0,2,5,0
2025-05-28,N95 Mask,0.0,2,5,0
2025-05-28,Nicotine Patch,0.0,2,5,0
2025-05-28,ORS Sachet,0.0,2,5,0
2025-05-28,Omeprazole 20mg,0.0,2,5,0
2025-05-28,Pantoprazole 40mg,0.0,2,5,0
2025-05-28,Paracetamol 500mg,0.0,2,5,0
2025-05-28,Prednisolone 10mg,0.0,2,5,0
2025-05-28,Ranitidine 150mg,0.0,2,5,0
2025-05-28,Salbutamol Inhaler,4.0,2,5,0
2025-05-28,Surgical Gloves,0.0,2,5,0
2025-05-28,Tetanus Toxoid,0.0,2,5,0
2025-05-28,Thermometer,0.0,2,5,0
2025-05-28,Thyroxine 50mcg,0.0,2,5,0
2025-05-28,Vitamin C Tablets,0.0,2,5,0
2025-05-28,Volini Gel,0.0,2,5,0
2025-05-28,Zincovit,6.0,2,5,0
2025-05-29,Allegra 120mg,0.0,3,5,0
2025-05-29,Amlodipine 5mg,0.0,3,5,0
2025-05-29,Amoxicillin 250mg,0.0,3,5,0
2025-05-29,Atorvastatin 10mg,0.0,3,5,0
2025-05-29,Avil 25mg,0.0,3,5,0
2025-05-29,Azithromycin 500mg,0.0,3,5,0
2025-05-29,Bandage Roll,0.0,3,5,0
2025-05-29,Becosules,0.0,3,5,0
2025-05-29,Betadine Ointment,0.0,3,5,0
2025-05-29,Calpol 500mg,0.0,3,5,0
2025-05-29,Cetirizine 10mg,0.0,3,5,0
2025-05-29,Chlorpheniramine,0.0,3,5,0
2025-05-29,Ciprofloxacin 500mg,0.0,3,5,0
2025-05-29,Clotrimazole Cream,0.0,3,5,0
2025-05-29,Combiflam,0.0,3,5,0
2025-05-29,Crocin Advance,0.0,3,5,0
2025-05-29,Dexamethasone 4mg,0.0,3,5,0
2025-05-29,Digene,0.0,3,5,0
2025-05-29,Disprin,3.0,3,5,0
2025-05-29,Dolo 650mg,12.0,3,5,0
2025-05-29,Domperidone 10mg,0.0,3,5,0
2025-05-29,Erythromycin 250mg,0.0,3,5,0
2025-05-29,Glibenclamide 5mg,10.0,3,5,0
2025-05-29,Hand Sanitizer,0.0,3,5,0
2025-05-29,Hydroxychloroquine 200mg,0.0,3,5,0
2025-05-29,Ibuprofen 400mg,0.0,3,5,0
2025-05-29,Insulin 30/70,0.0,3,5,0
2025-05-29,Ivermectin 12mg,0.0,3,5,0
2025-05-29,Levocetirizine 5mg,0.0,3,5,0
2025-05-29,Loperamide 2mg,0.0,3,5,0
2025-05-29,Losartan 50mg,0.0,3,5,0
2025-05-29,Metformin 500mg,0.0,3,5,0
2025-05-29,Montelukast 10mg,0.0,3,5,0
2025-05-29,Multivitamin Syrup,10.0,3,5,0
2025-05-29,N95 Mask,0.0,3,5,0
2025-05-29,Nicotine Patch,0.0,3,5,0
2025-05-29,ORS Sachet,0.0,3,5,0
2025-05-29,Omeprazole 20mg,0.0,3,5,0
2025-05-29,Pantoprazole 40mg,0.0,3,5,0
2025-05-29,Paracetamol 500mg,0.0,3,5,0
2025-05-29,Prednisolone 10mg,0.0,3,5,0
2025-05-29,Ranitidine 150mg,0.0,3,5,0
2025-05-29,Salbutamol Inhaler,9.0,3,5,0
2025-05-29,Surgical Gloves,0.0,3,5,0
2025-05-29,Tetanus Toxoid,1.0,3,5,0
2025-05-29,Thermometer,0.0,3,5,0
2025-05-29,Thyroxine 50mcg,0.0,3,5,0
2025-05-29,Vitamin C Tablets,0.0,3,5,0
2025-05-29,Volini Gel,5.0,3,5,0
2025-05-29,Zincovit,0.0,3,5,0
2025-05-30,Allegra 120mg,4.0,4,5,0
2025-05-30,Amlodipine 5mg,0.0,4,5,0
2025-05-30,Amoxicillin 250mg,0.0,4,5,0
2025-05-30,Atorvastatin 10mg,0.0,4,5,0
2025-05-30,Avil 25mg,10.0,4,5,0
2025-05-30,Azithromycin 500mg,0.0,4,5,0
2025-05-30,Bandage Roll,7.0,4,5,0
2025-05-30,Becosules,0.0,4,5,0
2025-05-30,Betadine Ointment,0.0,4,5,0
2025-05-30,Calpol 500mg,0.0,4,5,0
2025-05-30,Cetirizine 10mg,0.0,4,5,0
2025-05-30,Chlorpheniramine,0.0,4,5,0
2025-05-30,Ciprofloxacin 500mg,0.0,4,5,0
2025-05-30,Clotrimazole Cream,0.0,4,5,0
2025-05-30,Combiflam,0.0,4,5,0
2025-05-30,Crocin Advance,0.0,4,5,0
2025-05-30,Dexamethasone 4mg,0.0,4,5,0
2025-05-30,Digene,0.0,4,5,0
2025-05-30,Disprin,0.0,4,5,0
2025-05-30,Dolo 650mg,0.0,4,5,0
2025-05-30,Domperidone 10mg,0.0,4,5,0
2025-05-30,Erythromycin 250mg,2.0,4,5,0
2025-05-30,Glibenclamide 5mg,11.0,4,5,0
2025-05-30,Hand Sanitizer,0.0,4,5,0
2025-05-30,Hydroxychloroquine 200mg,0.0,4,5,0
2025-05-30,Ibuprofen 400mg,0.0,4,5,0
2025-05-30,Insulin 30/70,0.0,4,5,0
2025-05-30,Ivermectin 12mg,7.0,4,5,0
2025-05-30,Levocetirizine 5mg,0.0,4,5,0
2025-05-30,Loperamide 2mg,0.0,4,5,0
2025-05-30,Losartan 50mg,0.0,4,5,0
2025-05-30,Metformin 500mg,0.0,4,5,0
2025-05-30,Montelukast 10mg,0.0,4,5,0
2025-05-30,Multivitamin Syrup,0.0,4,5,0
2025-05-30,N95 Mask,3.0,4,5,0
2025-05-30,Nicotine Patch,0.0,4,5,0
2025-05-30,ORS Sachet,12.0,4,5,0
2025-05-30,Omeprazole 20mg,0.0,4,5,0
2025-05-30,Pantoprazole 40mg,0.0,4,5,0
2025-05-30,Paracetamol 500mg,0.0,4,5,0
2025-05-30,Prednisolone 10mg,0.0,4,5,0
2025-05-30,Ranitidine 150mg,0.0,4,5,0
2025-05-30,Salbutamol Inhaler,6.0,4,5,0
2025-05-30,Surgical Gloves,0.0,4,5,0
2025-05-30,Tetanus Toxoid,0.0,4,5,0
2025-05-30,Thermometer,0.0,4,5,0
2025-05-30,Thyroxine 50mcg,0.0,4,5,0
2025-05-30,Vitamin C Tablets,0.0,4,5,0
2025-05-30,Volini Gel,0.0,4,5,0
2025-05-30,Zincovit,0.0,4,5,0
2025-05-31,Allegra 120mg,7.0,5,5,1
2025-05-31,Amlodipine 5mg,0.0,5,5,1
2025-05-31,Amoxicillin 250mg,0.0,5,5,1
2025-05-31,Atorvastatin 10mg,0.0,5,5,1
2025-05-31,Avil 25mg,0.0,5,5,1
2025-05-31,Azithromycin 500mg,3.0,5,5,1
2025-05-31,Bandage Roll,9.0,5,5,1
2025-05-31,Becosules,0.0,5,5,1
2025-05-31,Betadine Ointment,0.0,5,5,1
2025-05-31,Calpol 500mg,0.0,5,5,1
2025-05-31,Cetirizine 10mg,10.0,5,5,1
2025-05-31,Chlorpheniramine,0.0,5,5,1
2025-05-31,Ciprofloxacin 500mg,0.0,5,5,1
2025-05-31,Clotrimazole Cream,3.0,5,5,1
2025-05-31,Combiflam,0.0,5,5,1
2025-05-31,Crocin Advance,0.0,5,5,1
2025-05-31,Dexamethasone 4mg,0.0,5,5,1
2025-05-31,Digene,9.0,5,5,1
2025-05-31,Disprin,0.0,5,5,1
2025-05-31,Dolo 650mg,0.0,5,5,1
2025-05-31,Domperidone 10mg,0.0,5,5,1
2025-05-31,Erythromycin 250mg,0.0,5,5,1
2025-05-31,Glibenclamide 5mg,0.0,5,5,1
2025-05-31,Hand Sanitizer,0.0,5,5,1
2025-05-31,Hydroxychloroquine 200mg,0.0,5,5,1
2025-05-31,Ibuprofen 400mg,0.0,5,5,1
2025-05-31,Insulin 30/70,0.0,5,5,1
2025-05-31,Ivermectin 12mg,0.0,5,5,1
2025-05-31,Levocetirizine 5mg,0.0,5,5,1
2025-05-31,Loperamide 2mg,0.0,5,5,1
2025-05-31,Losartan 50mg,0.0,5,5,1
2025-05-31,Metformin 500mg,0.0,5,5,1
2025-05-31,Montelukast 10mg,0.0,5,5,1
2025-05-31,Multivitamin Syrup,0.0,5,5,1
2025-05-31,N95 Mask,8.0,5,5,1
2025-05-31,Nicotine Patch,0.0,5,5,1
2025-05-31,ORS Sachet,0.0,5,5,1
2025-05-31,Omeprazole 20mg,0.0,5,5,1
2025-05-31,Pantoprazole 40mg,0.0,5,5,1
2025-05-31,Paracetamol 500mg,0.0,5,5,1
2025-05-31,Prednisolone 10mg,0.0,5,5,1
2025-05-31,Ranitidine 150mg,0.0,5,5,1
2025-05-31,Salbutamol Inhaler,0.0,5,5,1
2025-05-31,Surgical Gloves,0.0,5,5,1
2025-05-31,Tetanus Toxoid,0.0,5,5,1
2025-05-31,Thermometer,7.0,5,5,1
2025-05-31,Thyroxine 50mcg,0.0,5,5,1
2025-05-31,Vitamin C Tablets,0.0,5,5,1
2025-05-31,Volini Gel,0.0,5,5,1
2025-05-31,Zincovit,0.0,5,5,1
2025-06-01,Allegra 120mg,0.0,6,6,1
2025-06-01,Amlodipine 5mg,0.0,6,6,1
2025-06-01,Amoxicillin 250mg,0.0,6,6,1
2025-06-01,Atorvastatin 10mg,10.0,6,6,1
2025-06-01,Avil 25mg,0.0,6,6,1
2025-06-01,Azithromycin 500mg,0.0,6,6,1
2025-06-01,Bandage Roll,7.0,6,6,1
2025-06-01,Becosules,0.0,6,6,1
2025-06-01,Betadine Ointment,0.0,6,6,1
2025-06-01,Calpol 500mg,0.0,6,6,1
2025-06-01,Cetirizine 10mg,0.0,6,6,1
2025-06-01,Chlorpheniramine,0.0,6,6,1
2025-06-01,Ciprofloxacin 500mg,3.0,6,6,1
2025-06-01,Clotrimazole Cream,0.0,6,6,1
2025-06-01,Combiflam,0.0,6,6,1
2025-06-01,Crocin Advance,8.0,6,6,1
2025-06-01,Dexamethasone 4mg,0.0,6,6,1
2025-06-01,Digene,0.0,6,6,1
2025-06-01,Disprin,0.0,6,6,1
2025-06-01,Dolo 650mg,0.0,6,6,1
2025-06-01,Domperidone 10mg,0.0,6,6,1
2025-06-01,Erythromycin 250mg,0.0,6,6,1
2025-06-01,Glibenclamide 5mg,0.0,6,6,1
2025-06-01,Hand Sanitizer,0.0,6,6,1
2025-06-01,Hydroxychloroquine 200mg,0.0,6,6,1
2025-06-01,Ibuprofen 400mg,0.0,6,6,1
2025-06-01,Insulin 30/70,0.0,6,6,1
2025-06-01,Ivermectin 12mg,0.0,6,6,1
2025-06-01,Levocetirizine 5mg,0.0,6,6,1
2025-06-01,Loperamide 2mg,11.0,6,6,1
2025-06-01,Losartan 50mg,0.0,6,6,1
2025-06-01,Metformin 500mg,0.0,6,6,1
2025-06-01,Montelukast 10mg,0.0,6,6,1
2025-06-01,Multivitamin Syrup,0.0,6,6,1
2025-06-01,N95 Mask,0.0,6,6,1
2025-06-01,Nicotine Patch,5.0,6,6,1
2025-06-01,ORS Sachet,0.0,6,6,1
2025-06-01,Omeprazole 20mg,0.0,6,6,1
2025-06-01,Pantoprazole 40mg,0.0,6,6,1
2025-06-01,Paracetamol 500mg,13.0,6,6,1
2025-06-01,Prednisolone 10mg,0.0,6,6,1
2025-06-01,Ranitidine 150mg,0.0,6,6,1
2025-06-01,Salbutamol Inhaler,0.0,6,6,1
2025-06-01,Surgical Gloves,0.0,6,6,1
2025-06-01,Tetanus Toxoid,0.0,6,6,1
2025-06-01,Thermometer,0.0,6,6,1
2025-06-01,Thyroxine 50mcg,0.0,6,6,1
2025-06-01,Vitamin C Tablets,0.0,6,6,1
2025-06-01,Volini Gel,0.0,6,6,1
2025-06-01,Zincovit,0.0,6,6,1
2025-06-02,Allegra 120mg,10.0,0,6,0
2025-06-02,Amlodipine 5mg,0.0,0,6,0
2025-06-02,Amoxicillin 250mg,0.0,0,6,0
2025-06-02,Atorvastatin 10mg,0.0,0,6,0
2025-06-02,Avil 25mg,5.0,0,6,0
2025-06-02,Azithromycin 500mg,0.0,0,6,0
2025-06-02,Bandage Roll,7.0,0,6,0
2025-06-02,Becosules,0.0,0,6,0
2025-06-02,Betadine Ointment,2.0,0,6,0
2025-06-02,Calpol 500mg,0.0,0,6,0
2025-06-02,Cetirizine 10mg,0.0,0,6,0
2025-06-02,Chlorpheniramine,0.0,0,6,0
2025-06-02,Ciprofloxacin 500mg,0.0,0,6,0
2025-06-02,Clotrimazole Cream,0.0,0,6,0
2025-06-02,Combiflam,0.0,0,6,0
2025-06-02,Crocin Advance,4.0,0,6,0
2025-06-02,Dexamethasone 4mg,0.0,0,6,0
2025-06-02,Digene,0.0,0,6,0
2025-06-02,Disprin,0.0,0,6,0
2025-06-02,Dolo 650mg,0.0,0,6,0
2025-06-02,Domperidone 10mg,0.0,0,6,0
2025-06-02,Erythromycin 250mg,0.0,0,6,0
2025-06-02,Glibenclamide 5mg,0.0,0,6,0
2025-06-02,Hand Sanitizer,0.0,0,6,0
2025-06-02,Hydroxychloroquine 200mg,0.0,0,6,0
2025-06-02,Ibuprofen 400mg,0.0,0,6,0
2025-06-02,Insulin 30/70,0.0,0,6,0
2025-06-02,Ivermectin 12mg,0.0,0,6,0
2025-06-02,Levocetirizine 5mg,12.0,0,6,0
2025-06-02,Loperamide 2mg,10.0,0,6,0
2025-06-02,Losartan 50mg,0.0,0,6,0
2025-06-02,Metformin 500mg,0.0,0,6,0
2025-06-02,Montelukast 10mg,0.0,0,6,0
2025-06-02,Multivitamin Syrup,0.0,0,6,0
2025-06-02,N95 Mask,0.0,0,6,0
2025-06-02,Nicotine Patch,0.0,0,6,0
2025-06-02,ORS Sachet,0.0,0,6,0
2025-06-02,Omeprazole 20mg,0.0,0,6,0
2025-06-02,Pantoprazole 40mg,0.0,0,6,0
2025-06-02,Paracetamol 500mg,17.0,0,6,0
2025-06-02,Prednisolone 10mg,0.0,0,6,0
2025-06-02,Ranitidine 150mg,0.0,0,6,0
2025-06-02,Salbutamol Inhaler,0.0,0,6,0
2025-06-02,Surgical Gloves,8.0,0,6,0
2025-06-02,Tetanus Toxoid,0.0,0,6,0
2025-06-02,Thermometer,0.0,0,6,0
2025-06-02,Thyroxine 50mcg,0.0,0,6,0
2025-06-02,Vitamin C Tablets,0.0,0,6,0
2025-06-02,Volini Gel,0.0,0,6,0
2025-06-02,Zincovit,0.0,0,6,0
2025-06-03,Allegra 120mg,0.0,1,6,0
2025-06-03,Amlodipine 5mg,0.0,1,6,0
2025-06-03,Amoxicillin 250mg,0.0,1,6,0
2025-06-03,Atorvastatin 10mg,0.0,1,6,0
2025-06-03,Avil 25mg,0.0,1,6,0
2025-06-03,Azithromycin 500mg,0.0,1,6,0
2025-06-03,Bandage Roll,0.0,1,6,0
2025-06-03,Becosules,9.0,1,6,0
2025-06-03,Betadine Ointment,0.0,1,6,0
2025-06-03,Calpol 500mg,0.0,1,6,0
2025-06-03,Cetirizine 10mg,0.0,1,6,0
2025-06-03,Chlorpheniramine,0.0,1,6,0
2025-06-03,Ciprofloxacin 500mg,0.0,1,6,0
2025-06-03,Clotrimazole Cream,0.0,1,6,0
2025-06-03,Combiflam,0.0,1,6,0
2025-06-03,Crocin Advance,1.0,1,6,0
2025-06-03,Dexamethasone 4mg,0.0,1,6,0
2025-06-03,Digene,0.0,1,6,0
2025-06-03,Disprin,0.0,1,6,0
2025-06-03,Dolo 650mg,0.0,1,6,0
2025-06-03,Domperidone 10mg,0.0,1,6,0
2025-06-03,Erythromycin 250mg,0.0,1,6,0
2025-06-03,Glibenclamide 5mg,0.0,1,6,0
2025-06-03,Hand Sanitizer,0.0,1,6,0
2025-06-03,Hydroxychloroquine 200mg,0.0,1,6,0
2025-06-03,Ibuprofen 400mg,0.0,1,6,0
2025-06-03,Insulin 30/70,0.0,1,6,0
2025-06-03,Ivermectin 12mg,0.0,1,6,0
2025-06-03,Levocetirizine 5mg,0.0,1,6,0
2025-06-03,Loperamide 2mg,0.0,1,6,0
2025-06-03,Losartan 50mg,0.0,1,6,0
2025-06-03,Metformin 500mg,0.0,1,6,0
2025-06-03,Montelukast 10mg,0.0,1,6,0
2025-06-03,Multivitamin Syrup,0.0,1,6,0
2025-06-03,N95 Mask,0.0,1,6,0
2025-06-03,Nicotine Patch,0.0,1,6,0
2025-06-03,ORS Sachet,0.0,1,6,0
2025-06-03,Omeprazole 20mg,5.0,1,6,0
2025-06-03,Pantoprazole 40mg,2.0,1,6,0
2025-06-03,Paracetamol 500mg,0.0,1,6,0
2025-06-03,Prednisolone 10mg,2.0,1,6,0
2025-06-03,Ranitidine 150mg,0.0,1,6,0
2025-06-03,Salbutamol Inhaler,0.0,1,6,0
2025-06-03,Surgical Gloves,0.0,1,6,0
2025-06-03,Tetanus Toxoid,2.0,1,6,0
2025-06-03,Thermometer,0.0,1,6,0
2025-06-03,Thyroxine 50mcg,0.0,1,6,0
2025-06-03,Vitamin C Tablets,0.0,1,6,0
2025-06-03,Volini Gel,0.0,1,6,0
2025-06-03,Zincovit,0.0,1,6,0
2025-06-04,Allegra 120mg,0.0,2,6,0
2025-06-04,Amlodipine 5mg,6.0,2,6,0
2025-06-04,Amoxicillin 250mg,0.0,2,6,0
2025-06-04,Atorvastatin 10mg,0.0,2,6,0
2025-06-04,Avil 25mg,0.0,2,6,0
2025-06-04,Azithromycin 500mg,0.0,2,6,0
2025-06-04,Bandage Roll,0.0,2,6,0
2025-06-04,Becosules,0.0,2,6,0
2025-06-04,Betadine Ointment,4.0,2,6,0
2025-06-04,Calpol 500mg,0.0,2,6,0
2025-06-04,Cetirizine 10mg,0.0,2,6,0
2025-06-04,Chlorpheniramine,0.0,2,6,0
2025-06-04,Ciprofloxacin 500mg,0.0,2,6,0
2025-06-04,Clotrimazole Cream,0.0,2,6,0
2025-06-04,Combiflam,0.0,2,6,0
2025-06-04,Crocin Advance,6.0,2,6,0
2025-06-04,Dexamethasone 4mg,0.0,2,6,0
2025-06-04,Digene,0.0,2,6,0
2025-06-04,Disprin,0.0,2,6,0
2025-06-04,Dolo 650mg,0.0,2,6,0
2025-06-04,Domperidone 10mg,0.0,2,6,0
2025-06-04,Erythromycin 250mg,0.0,2,6,0
2025-06-04,Glibenclamide 5mg,0.0,2,6,0
2025-06-04,Hand Sanitizer,0.0,2,6,0
2025-06-04,Hydroxychloroquine 200mg,0.0,2,6,0
2025-06-04,Ibuprofen 400mg,0.0,2,6,0
2025-06-04,Insulin 30/70,0.0,2,6,0
2025-06-04,Ivermectin 12mg,0.0,2,6,0
2025-06-04,Levocetirizine 5mg,0.0,2,6,0
2025-06-04,Loperamide 2mg,0.0,2,6,0
2025-06-04,Losartan 50mg,0.0,2,6,0
2025-06-04,Metformin 500mg,0.0,2,6,0
2025-06-04,Montelukast 10mg,0.0,2,6,0
2025-06-04,Multivitamin Syrup,0.0,2,6,0
2025-06-04,N95 Mask,0.0,2,6,0
2025-06-04,Nicotine Patch,0.0,2,6,0
2025-06-04,ORS Sachet,15.0,2,6,0
2025-06-04,Omeprazole 20mg,0.0,2,6,0
2025-06-04,Pantoprazole 40mg,0.0,2,6,0
2025-06-04,Paracetamol 500mg,0.0,2,6,0
2025-06-04,Prednisolone 10mg,0.0,2,6,0
2025-06-04,Ranitidine 150mg,0.0,2,6,0
2025-06-04,Salbutamol Inhaler,0.0,2,6,0
2025-06-04,Surgical Gloves,0.0,2,6,0
2025-06-04,Tetanus Toxoid,0.0,2,6,0
2025-06-04,Thermometer,0.0,2,6,0
2025-06-04,Thyroxine 50mcg,0.0,2,6,0
2025-06-04,Vitamin C Tablets,0.0,2,6,0
2025-06-04,Volini Gel,0.0,2,6,0
2025-06-04,Zincovit,0.0,2,6,0
2025-06-05,Allegra 120mg,5.0,3,6,0
2025-06-05,Amlodipine 5mg,0.0,3,6,0
2025-06-05,Amoxicillin 250mg,0.0,3,6,0
2025-06-05,Atorvastatin 10mg,0.0,3,6,0
2025-06-05,Avil 25mg,0.0,3,6,0
2025-06-05,Azithromycin 500mg,0.0,3,6,0
2025-06-05,Bandage Roll,0.0,3,6,0
2025-06-05,Becosules,0.0,3,6,0
2025-06-05,Betadine Ointment,0.0,3,6,0
2025-06-05,Calpol 500mg,0.0,3,6,0
2025-06-05,Cetirizine 10mg,0.0,3,6,0
2025-06-05,Chlorpheniramine,0.0,3,6,0
2025-06-05,Ciprofloxacin 500mg,0.0,3,6,0
2025-06-05,Clotrimazole Cream,0.0,3,6,0
2025-06-05,Combiflam,0.0,3,6,0
2025-06-05,Crocin Advance,0.0,3,6,0
2025-06-05,Dexamethasone 4mg,0.0,3,6,0
2025-06-05,Digene,0.0,3,6,0
2025-06-05,Disprin,0.0,3,6,0
2025-06-05,Dolo 650mg,0.0,3,6,0
2025-06-05,Domperidone 10mg,0.0,3,6,0
2025-06-05,Erythromycin 250mg,0.0,3,6,0
2025-06-05,Glibenclamide 5mg,0.0,3,6,0
2025-06-05,Hand Sanitizer,0.0,3,6,0
2025-06-05,Hydroxychloroquine 200mg,0.0,3,6,0
2025-06-05,Ibuprofen 400mg,0.0,3,6,0
2025-06-05,Insulin 30/70,0.0,3,6,0
2025-06-05,Ivermectin 12mg,0.0,3,6,0
2025-06-05,Levocetirizine 5mg,0.0,3,6,0
2025-06-05,Loperamide 2mg,0.0,3,6,0
2025-06-05,Losartan 50mg,0.0,3,6,0
2025-06-05,Metformin 500mg,0.0,3,6,0
2025-06-05,Montelukast 10mg,0.0,3,6,0
2025-06-05,Multivitamin Syrup,0.0,3,6,0
2025-06-05,N95 Mask,0.0,3,6,0
2025-06-05,Nicotine Patch,0.0,3,6,0
2025-06-05,ORS Sachet,0.0,3,6,0
2025-06-05,Omeprazole 20mg,7.0,3,6,0
2025-06-05,Pantoprazole 40mg,5.0,3,6,0
2025-06-05,Paracetamol 500mg,0.0,3,6,0
2025-06-05,Prednisolone 10mg,0.0,3,6,0
2025-06-05,Ranitidine 150mg,7.0,3,6,0
2025-06-05,Salbutamol Inhaler,8.0,3,6,0
2025-06-05,Surgical Gloves,0.0,3,6,0
2025-06-05,Tetanus Toxoid,10.0,3,6,0
2025-06-05,Thermometer,0.0,3,6,0
2025-06-05,Thyroxine 50mcg,0.0,3,6,0
2025-06-05,Vitamin C Tablets,0.0,3,6,0
2025-06-05,Volini Gel,0.0,3,6,0
2025-06-05,Zincovit,0.0,3,6,0
2025-06-06,Allegra 120mg,0.0,4,6,0
2025-06-06,Amlodipine 5mg,0.0,4,6,0
2025-06-06,Amoxicillin 250mg,1.0,4,6,0
2025-06-06,Atorvastatin 10mg,8.0,4,6,0
2025-06-06,Avil 25mg,0.0,4,6,0
2025-06-06,Azithromycin 500mg,0.0,4,6,0
2025-06-06,Bandage Roll,0.0,4,6,0
2025-06-06,Becosules,0.0,4,6,0
2025-06-06,Betadine Ointment,0.0,4,6,0
2025-06-06,Calpol 500mg,0.0,4,6,0
2025-06-06,Cetirizine 10mg,0.0,4,6,0
2025-06-06,Chlorpheniramine,0.0,4,6,0
2025-06-06,Ciprofloxacin 500mg,0.0,4,6,0
2025-06-06,Clotrimazole Cream,0.0,4,6,0
2025-06-06,Combiflam,0.0,4,6,0
2025-06-06,Crocin Advance,3.0,4,6,0
2025-06-06,Dexamethasone 4mg,0.0,4,6,0
2025-06-06,Digene,0.0,4,6,0
2025-06-06,Disprin,0.0,4,6,0
2025-06-06,Dolo 650mg,0.0,4,6,0
2025-06-06,Domperidone 10mg,0.0,4,6,0
2025-06-06,Erythromycin 250mg,0.0,4,6,0
2025-06-06,Glibenclamide 5mg,0.0,4,6,0
2025-06-06,Hand Sanitizer,0.0,4,6,0
2025-06-06,Hydroxychloroquine 200mg,0.0,4,6,0
2025-06-06,Ibuprofen 400mg,1.0,4,6,0
2025-06-06,Insulin 30/70,0.0,4,6,0
2025-06-06,Ivermectin 12mg,0.0,4,6,0
2025-06-06,Levocetirizine 5mg,0.0,4,6,0
2025-06-06,Loperamide 2mg,0.0,4,6,0
2025-06-06,Losartan 50mg,0.0,4,6,0
2025-06-06,Metformin 500mg,0.0,4,6,0
2025-06-06,Montelukast 10mg,0.0,4,6,0
2025-06-06,Multivitamin Syrup,0.0,4,6,0
2025-06-06,N95 Mask,0.0,4,6,0
2025-06-06,Nicotine Patch,0.0,4,6,0
2025-06-06,ORS Sachet,0.0,4,6,0
2025-06-06,Omeprazole 20mg,0.0,4,6,0
2025-06-06,Pantoprazole 40mg,10.0,4,6,0
2025-06-06,Paracetamol 500mg,0.0,4,6,0
2025-06-06,Prednisolone 10mg,0.0,4,6,0
2025-06-06,Ranitidine 150mg,0.0,4,6,0
2025-06-06,Salbutamol Inhaler,0.0,4,6,0
2025-06-06,Surgical Gloves,7.0,4,6,0
2025-06-06,Tetanus Toxoid,0.0,4,6,0
2025-06-06,Thermometer,0.0,4,6,0
2025-06-06,Thyroxine 50mcg,0.0,4,6,0
2025-06-06,Vitamin C Tablets,5.0,4,6,0
2025-06-06,Volini Gel,0.0,4,6,0
2025-06-06,Zincovit,0.0,4,6,0
2025-06-07,Allegra 120mg,10.0,5,6,1
2025-06-07,Amlodipine 5mg,0.0,5,6,1
2025-06-07,Amoxicillin 250mg,0.0,5,6,1
2025-06-07,Atorvastatin 10mg,0.0,5,6,1
2025-06-07,Avil 25mg,0.0,5,6,1
2025-06-07,Azithromycin 500mg,0.0,5,6,1
2025-06-07,Bandage Roll,7.0,5,6,1
2025-06-07,Becosules,0.0,5,6,1
2025-06-07,Betadine Ointment,0.0,5,6,1
2025-06-07,Calpol 500mg,0.0,5,6,1
2025-06-07,Cetirizine 10mg,0.0,5,6,1
2025-06-07,Chlorpheniramine,0.0,5,6,1
2025-06-07,Ciprofloxacin 500mg,0.0,5,6,1
2025-06-07,Clotrimazole Cream,0.0,5,6,1
2025-06-07,Combiflam,3.0,5,6,1
2025-06-07,Crocin Advance,0.0,5,6,1
2025-06-07,Dexamethasone 4mg,0.0,5,6,1
2025-06-07,Digene,0.0,5,6,1
2025-06-07,Disprin,0.0,5,6,1
2025-06-07,Dolo 650mg,0.0,5,6,1
2025-06-07,Domperidone 10mg,8.0,5,6,1
2025-06-07,Erythromycin 250mg,0.0,5,6,1
2025-06-07,Glibenclamide 5mg,0.0,5,6,1
2025-06-07,Hand Sanitizer,4.0,5,6,1
2025-06-07,Hydroxychloroquine 200mg,0.0,5,6,1
2025-06-07,Ibuprofen 400mg,0.0,5,6,1
2025-06-07,Insulin 30/70,0.0,5,6,1
2025-06-07,Ivermectin 12mg,0.0,5,6,1
2025-06-07,Levocetirizine 5mg,0.0,5,6,1
2025-06-07,Loperamide 2mg,4.0,5,6,1
2025-06-07,Losartan 50mg,9.0,5,6,1
2025-06-07,Metformin 500mg,0.0,5,6,1
2025-06-07,Montelukast 10mg,0.0,5,6,1
2025-06-07,Multivitamin Syrup,0.0,5,6,1
2025-06-07,N95 Mask,0.0,5,6,1
2025-06-07,Nicotine Patch,6.0,5,6,1
2025-06-07,ORS Sachet,0.0,5,6,1
2025-06-07,Omeprazole 20mg,0.0,5,6,1
2025-06-07,Pantoprazole 40mg,0.0,5,6,1
2025-06-07,Paracetamol 500mg,0.0,5,6,1
2025-06-07,Prednisolone 10mg,4.0,5,6,1
2025-06-07,Ranitidine 150mg,0.0,5,6,1
2025-06-07,Salbutamol Inhaler,0.0,5,6,1
2025-06-07,Surgical Gloves,0.0,5,6,1
2025-06-07,Tetanus Toxoid,0.0,5,6,1
2025-06-07,Thermometer,6.0,5,6,1
2025-06-07,Thyroxine 50mcg,0.0,5,6,1
2025-06-07,Vitamin C Tablets,0.0,5,6,1
2025-06-07,Volini Gel,0.0,5,6,1
2025-06-07,Zincovit,0.0,5,6,1
2025-06-08,Allegra 120mg,0.0,6,6,1
2025-06-08,Amlodipine 5mg,0.0,6,6,1
2025-06-08,Amoxicillin 250mg,0.0,6,6,1
2025-06-08,Atorvastatin 10mg,0.0,6,6,1
2025-06-08,Avil 25mg,0.0,6,6,1
2025-06-08,Azithromycin 500mg,0.0,6,6,1
2025-06-08,Bandage Roll,0.0,6,6,1
2025-06-08,Becosules,0.0,6,6,1
2025-06-08,Betadine Ointment,0.0,6,6,1
2025-06-08,Calpol 500mg,0.0,6,6,1
2025-06-08,Cetirizine 10mg,0.0,6,6,1
2025-06-08,Chlorpheniramine,5.0,6,6,1
2025-06-08,Ciprofloxacin 500mg,0.0,6,6,1
2025-06-08,Clotrimazole Cream,7.0,6,6,1
2025-06-08,Combiflam,6.0,6,6,1
2025-06-08,Crocin Advance,0.0,6,6,1
2025-06-08,Dexamethasone 4mg,8.0,6,6,1
2025-06-08,Digene,0.0,6,6,1
2025-06-08,Disprin,0.0,6,6,1
2025-06-08,Dolo 650mg,7.0,6,6,1
2025-06-08,Domperidone 10mg,0.0,6,6,1
2025-06-08,Erythromycin 250mg,0.0,6,6,1
2025-06-08,Glibenclamide 5mg,0.0,6,6,1
2025-06-08,Hand Sanitizer,0.0,6,6,1
2025-06-08,Hydroxychloroquine 200mg,0.0,6,6,1
2025-06-08,Ibuprofen 400mg,0.0,6,6,1
2025-06-08,Insulin 30/70,0.0,6,6,1
2025-06-08,Ivermectin 12mg,0.0,6,6,1
2025-06-08,Levocetirizine 5mg,0.0,6,6,1
2025-06-08,Loperamide 2mg,0.0,6,6,1
2025-06-08,Losartan 50mg,0.0,6,6,1
2025-06-08,Metformin 500mg,0.0,6,6,1
2025-06-08,Montelukast 10mg,0.0,6,6,1
2025-06-08,Multivitamin Syrup,0.0,6,6,1
2025-06-08,N95 Mask,6.0,6,6,1
2025-06-08,Nicotine Patch,0.0,6,6,1
2025-06-08,ORS Sachet,0.0,6,6,1
2025-06-08,Omeprazole 20mg,0.0,6,6,1
2025-06-08,Pantoprazole 40mg,0.0,6,6,1
2025-06-08,Paracetamol 500mg,12.0,6,6,1
2025-06-08,Prednisolone 10mg,0.0,6,6,1
2025-06-08,Ranitidine 150mg,0.0,6,6,1
2025-06-08,Salbutamol Inhaler,0.0,6,6,1
2025-06-08,Surgical Gloves,0.0,6,6,1
2025-06-08,Tetanus Toxoid,0.0,6,6,1
2025-06-08,Thermometer,0.0,6,6,1
2025-06-08,Thyroxine 50mcg,0.0,6,6,1
2025-06-08,Vitamin C Tablets,0.0,6,6,1
2025-06-08,Volini Gel,0.0,6,6,1
2025-06-08,Zincovit,0.0,6,6,1
2025-06-09,Allegra 120mg,0.0,0,6,0
2025-06-09,Amlodipine 5mg,1.0,0,6,0
2025-06-09,Amoxicillin 250mg,0.0,0,6,0
2025-06-09,Atorvastatin 10mg,0.0,0,6,0
2025-06-09,Avil 25mg,0.0,0,6,0
2025-06-09,Azithromycin 500mg,0.0,0,6,0
2025-06-09,Bandage Roll,0.0,0,6,0
2025-06-09,Becosules,0.0,0,6,0
2025-06-09,Betadine Ointment,0.0,0,6,0
2025-06-09,Calpol 500mg,0.0,0,6,0
2025-06-09,Cetirizine 10mg,0.0,0,6,0
2025-06-09,Chlorpheniramine,0.0,0,6,0
2025-06-09,Ciprofloxacin 500mg,0.0,0,6,0
2025-06-09,Clotrimazole Cream,8.0,0,6,0
2025-06-09,Combiflam,0.0,0,6,0
2025-06-09,Crocin Advance,0.0,0,6,0
2025-06-09,Dexamethasone 4mg,0.0,0,6,0
2025-06-09,Digene,0.0,0,6,0
2025-06-09,Disprin,0.0,0,6,0
2025-06-09,Dolo 650mg,0.0,0,6,0
2025-06-09,Domperidone 10mg,0.0,0,6,0
2025-06-09,Erythromycin 250mg,0.0,0,6,0
2025-06-09,Glibenclamide 5mg,0.0,0,6,0
2025-06-09,Hand Sanitizer,0.0,0,6,0
2025-06-09,Hydroxychloroquine 200mg,0.0,0,6,0
2025-06-09,Ibuprofen 400mg,0.0,0,6,0
2025-06-09,Insulin 30/70,0.0,0,6,0
2025-06-09,Ivermectin 12mg,0.0,0,6,0
2025-06-09,Levocetirizine 5mg,0.0,0,6,0
2025-06-09,Loperamide 2mg,0.0,0,6,0
2025-06-09,Losartan 50mg,0.0,0,6,0
2025-06-09,Metformin 500mg,0.0,0,6,0
2025-06-09,Montelukast 10mg,0.0,0,6,0
2025-06-09,Multivitamin Syrup,0.0,0,6,0
2025-06-09,N95 Mask,0.0,0,6,0
2025-06-09,Nicotine Patch,0.0,0,6,0
2025-06-09,ORS Sachet,0.0,0,6,0
2025-06-09,Omeprazole 20mg,6.0,0,6,0
2025-06-09,Pantoprazole 40mg,0.0,0,6,0
2025-06-09,Paracetamol 500mg,0.0,0,6,0
2025-06-09,Prednisolone 10mg,0.0,0,6,0
2025-06-09,Ranitidine 150mg,0.0,0,6,0
2025-06-09,Salbutamol Inhaler,0.0,0,6,0
2025-06-09,Surgical Gloves,0.0,0,6,0
2025-06-09,Tetanus Toxoid,0.0,0,6,0
2025-06-09,Thermometer,6.0,0,6,0
2025-06-09,Thyroxine 50mcg,0.0,0,6,0
2025-06-09,Vitamin C Tablets,0.0,0,6,0
2025-06-09,Volini Gel,8.0,0,6,0
2025-06-09,Zincovit,0.0,0,6,0
2025-06-10,Allegra 120mg,0.0,1,6,0
2025-06-10,Amlodipine 5mg,0.0,1,6,0
2025-06-10,Amoxicillin 250mg,0.0,1,6,0
2025-06-10,Atorvastatin 10mg,0.0,1,6,0
2025-06-10,Avil 25mg,0.0,1,6,0
2025-06-10,Azithromycin 500mg,0.0,1,6,0
2025-06-10,Bandage Roll,0.0,1,6,0
2025-06-10,Becosules,0.0,1,6,0
2025-06-10,Betadine Ointment,0.0,1,6,0
2025-06-10,Calpol 500mg,0.0,1,6,0
2025-06-10,Cetirizine 10mg,0.0,1,6,0
2025-06-10,Chlorpheniramine,0.0,1,6,0
2025-06-10,Ciprofloxacin 500mg,0.0,1,6,0
2025-06-10,Clotrimazole Cream,0.0,1,6,0
2025-06-10,Combiflam,2.0,1,6,0
2025-06-10,Crocin Advance,0.0,1,6,0
2025-06-10,Dexamethasone 4mg,0.0,1,6,0
2025-06-10,Digene,0.0,1,6,0
2025-06-10,Disprin,0.0,1,6,0
2025-06-10,Dolo 650mg,5.0,1,6,0
2025-06-10,Domperidone 10mg,10.0,1,6,0
2025-06-10,Erythromycin 250mg,0.0,1,6,0
2025-06-10,Glibenclamide 5mg,9.0,1,6,0
2025-06-10,Hand Sanitizer,5.0,1,6,0
2025-06-10,Hydroxychloroquine 200mg,0.0,1,6,0
2025-06-10,Ibuprofen 400mg,0.0,1,6,0
2025-06-10,Insulin 30/70,0.0,1,6,0
2025-06-10,Ivermectin 12mg,0.0,1,6,0
2025-06-10,Levocetirizine 5mg,0.0,1,6,0
2025-06-10,Loperamide 2mg,0.0,1,6,0
2025-06-10,Losartan 50mg,0.0,1,6,0
2025-06-10,Metformin 500mg,0.0,1,6,0
2025-06-10,Montelukast 10mg,0.0,1,6,0
2025-06-10,Multivitamin Syrup,0.0,1,6,0
2025-06-10,N95 Mask,0.0,1,6,0
2025-06-10,Nicotine Patch,0.0,1,6,0
2025-06-10,ORS Sachet,0.0,1,6,0
2025-06-10,Omeprazole 20mg,0.0,1,6,0
2025-06-10,Pantoprazole 40mg,0.0,1,6,0
2025-06-10,Paracetamol 500mg,0.0,1,6,0
2025-06-10,Prednisolone 10mg,0.0,1,6,0
2025-06-10,Ranitidine 150mg,0.0,1,6,0
2025-06-10,Salbutamol Inhaler,0.0,1,6,0
2025-06-10,Surgical Gloves,0.0,1,6,0
2025-06-10,Tetanus Toxoid,0.0,1,6,0
2025-06-10,Thermometer,0.0,1,6,0
2025-06-10,Thyroxine 50mcg,0.0,1,6,0
2025-06-10,Vitamin C Tablets,10.0,1,6,0
2025-06-10,Volini Gel,0.0,1,6,0
2025-06-10,Zincovit,2.0,1,6,0
2025-06-11,Allegra 120mg,0.0,2,6,0
2025-06-11,Amlodipine 5mg,0.0,2,6,0
2025-06-11,Amoxicillin 250mg,0.0,2,6,0
2025-06-11,Atorvastatin 10mg,0.0,2,6,0
2025-06-11,Avil 25mg,0.0,2,6,0
2025-06-11,Azithromycin 500mg,0.0,2,6,0
2025-06-11,Bandage Roll,0.0,2,6,0
2025-06-11,Becosules,10.0,2,6,0
2025-06-11,Betadine Ointment,0.0,2,6,0
2025-06-11,Calpol 500mg,0.0,2,6,0
2025-06-11,Cetirizine 10mg,0.0,2,6,0
2025-06-11,Chlorpheniramine,0.0,2,6,0
2025-06-11,Ciprofloxacin 500mg,0.0,2,6,0
2025-06-11,Clotrimazole Cream,0.0,2,6,0
2025-06-11,Combiflam,0.0,2,6,0
2025-06-11,Crocin Advance,0.0,2,6,0
2025-06-11,Dexamethasone 4mg,0.0,2,6,0
2025-06-11,Digene,0.0,2,6,0
2025-06-11,Disprin,0.0,2,6,0
2025-06-11,Dolo 650mg,3.0,2,6,0
2025-06-11,Domperidone 10mg,7.0,2,6,0
2025-06-11,Erythromycin 250mg,0.0,2,6,0
2025-06-11,Glibenclamide 5mg,0.0,2,6,0
2025-06-11,Hand Sanitizer,0.0,2,6,0
2025-06-11,Hydroxychloroquine 200mg,0.0,2,6,0
2025-06-11,Ibuprofen 400mg,0.0,2,6,0
2025-06-11,Insulin 30/70,0.0,2,6,0
2025-06-11,Ivermectin 12mg,0.0,2,6,0
2025-06-11,Levocetirizine 5mg,0.0,2,6,0
2025-06-11,Loperamide 2mg,0.0,2,6,0
2025-06-11,Losartan 50mg,10.0,2,6,0
2025-06-11,Metformin 500mg,0.0,2,6,0
2025-06-11,Montelukast 10mg,0.0,2,6,0
2025-06-11,Multivitamin Syrup,0.0,2,6,0
2025-06-11,N95 Mask,7.0,2,6,0
2025-06-11,Nicotine Patch,0.0,2,6,0
2025-06-11,ORS Sachet,0.0,2,6,0
2025-06-11,Omeprazole 20mg,0.0,2,6,0
2025-06-11,Pantoprazole 40mg,9.0,2,6,0
2025-06-11,Paracetamol 500mg,0.0,2,6,0
2025-06-11,Prednisolone 10mg,1.0,2,6,0
2025-06-11,Ranitidine 150mg,0.0,2,6,0
2025-06-11,Salbutamol Inhaler,0.0,2,6,0
2025-06-11,Surgical Gloves,0.0,2,6,0
2025-06-11,Tetanus Toxoid,0.0,2,6,0
2025-06-11,Thermometer,0.0,2,6,0
2025-06-11,Thyroxine 50mcg,0.0,2,6,0
2025-06-11,Vitamin C Tablets,6.0,2,6,0
2025-06-11,Volini Gel,0.0,2,6,0
2025-06-11,Zincovit,0.0,2,6,0
2025-06-12,Allegra 120mg,5.0,3,6,0
2025-06-12,Amlodipine 5mg,0.0,3,6,0
2025-06-12,Amoxicillin 250mg,0.0,3,6,0
2025-06-12,Atorvastatin 10mg,0.0,3,6,0
2025-06-12,Avil 25mg,0.0,3,6,0
2025-06-12,Azithromycin 500mg,9.0,3,6,0
2025-06-12,Bandage Roll,0.0,3,6,0
2025-06-12,Becosules,0.0,3,6,0
2025-06-12,Betadine Ointment,0.0,3,6,0
2025-06-12,Calpol 500mg,0.0,3,6,0
2025-06-12,Cetirizine 10mg,0.0,3,6,0
2025-06-12,Chlorpheniramine,0.0,3,6,0
2025-06-12,Ciprofloxacin 500mg,0.0,3,6,0
2025-06-12,Clotrimazole Cream,5.0,3,6,0
2025-06-12,Combiflam,0.0,3,6,0
2025-06-12,Crocin Advance,0.0,3,6,0
2025-06-12,Dexamethasone 4mg,0.0,3,6,0
2025-06-12,Digene,0.0,3,6,0
2025-06-12,Disprin,0.0,3,6,0
2025-06-12,Dolo 650mg,0.0,3,6,0
2025-06-12,Domperidone 10mg,0.0,3,6,0
2025-06-12,Erythromycin 250mg,0.0,3,6,0
2025-06-12,Glibenclamide 5mg,0.0,3,6,0
2025-06-12,Hand Sanitizer,0.0,3,6,0
2025-06-12,Hydroxychloroquine 200mg,0.0,3,6,0
2025-06-12,Ibuprofen 400mg,0.0,3,6,0
2025-06-12,Insulin 30/70,0.0,3,6,0
2025-06-12,Ivermectin 12mg,0.0,3,6,0
2025-06-12,Levocetirizine 5mg,0.0,3,6,0
2025-06-12,Loperamide 2mg,0.0,3,6,0
2025-06-12,Losartan 50mg,6.0,3,6,0
2025-06-12,Metformin 500mg,0.0,3,6,0
2025-06-12,Montelukast 10mg,0.0,3,6,0
2025-06-12,Multivitamin Syrup,0.0,3,6,0
2025-06-12,N95 Mask,0.0,3,6,0
2025-06-12,Nicotine Patch,5.0,3,6,0
2025-06-12,ORS Sachet,0.0,3,6,0
2025-06-12,Omeprazole 20mg,0.0,3,6,0
2025-06-12,Pantoprazole 40mg,0.0,3,6,0
2025-06-12,Paracetamol 500mg,0.0,3,6,0
2025-06-12,Prednisolone 10mg,0.0,3,6,0
2025-06-12,Ranitidine 150mg,0.0,3,6,0
2025-06-12,Salbutamol Inhaler,9.0,3,6,0
2025-06-12,Surgical Gloves,0.0,3,6,0
2025-06-12,Tetanus Toxoid,8.0,3,6,0
2025-06-12,Thermometer,0.0,3,6,0
2025-06-12,Thyroxine 50mcg,0.0,3,6,0
2025-06-12,Vitamin C Tablets,0.0,3,6,0
2025-06-12,Volini Gel,0.0,3,6,0
2025-06-12,Zincovit,0.0,3,6,0
2025-06-13,Allegra 120mg,0.0,4,6,0
2025-06-13,Amlodipine 5mg,0.0,4,6,0
2025-06-13,Amoxicillin 250mg,3.0,4,6,0
2025-06-13,Atorvastatin 10mg,0.0,4,6,0
2025-06-13,Avil 25mg,10.0,4,6,0
2025-06-13,Azithromycin 500mg,0.0,4,6,0
2025-06-13,Bandage Roll,0.0,4,6,0
2025-06-13,Becosules,0.0,4,6,0
2025-06-13,Betadine Ointment,0.0,4,6,0
2025-06-13,Calpol 500mg,0.0,4,6,0
2025-06-13,Cetirizine 10mg,0.0,4,6,0
2025-06-13,Chlorpheniramine,6.0,4,6,0
2025-06-13,Ciprofloxacin 500mg,0.0,4,6,0
2025-06-13,Clotrimazole Cream,0.0,4,6,0
2025-06-13,Combiflam,0.0,4,6,0
2025-06-13,Crocin Advance,10.0,4,6,0
2025-06-13,Dexamethasone 4mg,0.0,4,6,0
2025-06-13,Digene,0.0,4,6,0
2025-06-13,Disprin,0.0,4,6,0
2025-06-13,Dolo 650mg,0.0,4,6,0
2025-06-13,Domperidone 10mg,0.0,4,6,0
2025-06-13,Erythromycin 250mg,0.0,4,6,0
2025-06-13,Glibenclamide 5mg,0.0,4,6,0
2025-06-13,Hand Sanitizer,0.0,4,6,0
2025-06-13,Hydroxychloroquine 200mg,0.0,4,6,0
2025-06-13,Ibuprofen 400mg,0.0,4,6,0
2025-06-13,Insulin 30/70,0.0,4,6,0
2025-06-13,Ivermectin 12mg,0.0,4,6,0
2025-06-13,Levocetirizine 5mg,0.0,4,6,0
2025-06-13,Loperamide 2mg,0.0,4,6,0
2025-06-13,Losartan 50mg,0.0,4,6,0
2025-06-13,Metformin 500mg,0.0,4,6,0
2025-06-13,Montelukast 10mg,0.0,4,6,0
2025-06-13,Multivitamin Syrup,0.0,4,6,0
2025-06-13,N95 Mask,2.0,4,6,0
2025-06-13,Nicotine Patch,0.0,4,6,0
2025-06-13,ORS Sachet,0.0,4,6,0
2025-06-13,Omeprazole 20mg,0.0,4,6,0
2025-06-13,Pantoprazole 40mg,0.0,4,6,0
2025-06-13,Paracetamol 500mg,0.0,4,6,0
2025-06-13,Prednisolone 10mg,0.0,4,6,0
2025-06-13,Ranitidine 150mg,0.0,4,6,0
2025-06-13,Salbutamol Inhaler,0.0,4,6,0
2025-06-13,Surgical Gloves,0.0,4,6,0
2025-06-13,Tetanus Toxoid,0.0,4,6,0
2025-06-13,Thermometer,8.0,4,6,0
2025-06-13,Thyroxine 50mcg,0.0,4,6,0
2025-06-13,Vitamin C Tablets,0.0,4,6,0
2025-06-13,Volini Gel,0.0,4,6,0
2025-06-13,Zincovit,0.0,4,6,0
2025-06-14,Allegra 120mg,0.0,5,6,1
2025-06-14,Amlodipine 5mg,0.0,5,6,1
2025-06-14,Amoxicillin 250mg,0.0,5,6,1
2025-06-14,Atorvastatin 10mg,0.0,5,6,1
2025-06-14,Avil 25mg,7.0,5,6,1
2025-06-14,Azithromycin 500mg,0.0,5,6,1
2025-06-14,Bandage Roll,0.0,5,6,1
2025-06-14,Becosules,10.0,5,6,1
2025-06-14,Betadine Ointment,0.0,5,6,1
2025-06-14,Calpol 500mg,0.0,5,6,1
2025-06-14,Cetirizine 10mg,0.0,5,6,1
2025-06-14,Chlorpheniramine,0.0,5,6,1
2025-06-14,Ciprofloxacin 500mg,0.0,5,6,1
2025-06-14,Clotrimazole Cream,0.0,5,6,1
2025-06-14,Combiflam,0.0,5,6,1
2025-06-14,Crocin Advance,0.0,5,6,1
2025-06-14,Dexamethasone 4mg,0.0,5,6,1
2025-06-14,Digene,0.0,5,6,1
2025-06-14,Disprin,0.0,5,6,1
2025-06-14,Dolo 650mg,0.0,5,6,1
2025-06-14,Domperidone 10mg,0.0,5,6,1
2025-06-14,Erythromycin 250mg,0.0,5,6,1
2025-06-14,Glibenclamide 5mg,0.0,5,6,1
2025-06-14,Hand Sanitizer,0.0,5,6,1
2025-06-14,Hydroxychloroquine 200mg,0.0,5,6,1
2025-06-14,Ibuprofen 400mg,0.0,5,6,1
2025-06-14,Insulin 30/70,0.0,5,6,1
2025-06-14,Ivermectin 12mg,8.0,5,6,1
2025-06-14,Levocetirizine 5mg,0.0,5,6,1
2025-06-14,Loperamide 2mg,0.0,5,6,1
2025-06-14,Losartan 50mg,0.0,5,6,1
2025-06-14,Metformin 500mg,0.0,5,6,1
2025-06-14,Montelukast 10mg,0.0,5,6,1
2025-06-14,Multivitamin Syrup,0.0,5,6,1
2025-06-14,N95 Mask,0.0,5,6,1
2025-06-14,Nicotine Patch,0.0,5,6,1
2025-06-14,ORS Sachet,8.0,5,6,1
2025-06-14,Omeprazole 20mg,8.0,5,6,1
2025-06-14,Pantoprazole 40mg,6.0,5,6,1
2025-06-14,Paracetamol 500mg,0.0,5,6,1
2025-06-14,Prednisolone 10mg,0.0,5,6,1
2025-06-14,Ranitidine 150mg,0.0,5,6,1
2025-06-14,Salbutamol Inhaler,8.0,5,6,1
2025-06-14,Surgical Gloves,0.0,5,6,1
2025-06-14,Tetanus Toxoid,5.0,5,6,1
2025-06-14,Thermometer,0.0,5,6,1
2025-06-14,Thyroxine 50mcg,10.0,5,6,1
2025-06-14,Vitamin C Tablets,7.0,5,6,1
2025-06-14,Volini Gel,0.0,5,6,1
2025-06-14,Zincovit,0.0,5,6,1
2025-06-15,Allegra 120mg,0.0,6,6,1
2025-06-15,Amlodipine 5mg,0.0,6,6,1
2025-06-15,Amoxicillin 250mg,0.0,6,6,1
2025-06-15,Atorvastatin 10mg,0.0,6,6,1
2025-06-15,Avil 25mg,0.0,6,6,1
2025-06-15,Azithromycin 500mg,0.0,6,6,1
2025-06-15,Bandage Roll,0.0,6,6,1
2025-06-15,Becosules,0.0,6,6,1
2025-06-15,Betadine Ointment,0.0,6,6,1
2025-06-15,Calpol 500mg,0.0,6,6,1
2025-06-15,Cetirizine 10mg,0.0,6,6,1
2025-06-15,Chlorpheniramine,0.0,6,6,1
2025-06-15,Ciprofloxacin 500mg,0.0,6,6,1
2025-06-15,Clotrimazole Cream,0.0,6,6,1
2025-06-15,Combiflam,0.0,6,6,1
2025-06-15,Crocin Advance,0.0,6,6,1
2025-06-15,Dexamethasone 4mg,0.0,6,6,1
2025-06-15,Digene,0.0,6,6,1
2025-06-15,Disprin,0.0,6,6,1
2025-06-15,Dolo 650mg,9.0,6,6,1
2025-06-15,Domperidone 10mg,0.0,6,6,1
2025-06-15,Erythromycin 250mg,0.0,6,6,1
2025-06-15,Glibenclamide 5mg,0.0,6,6,1
2025-06-15,Hand Sanitizer,10.0,6,6,1
2025-06-15,Hydroxychloroquine 200mg,0.0,6,6,1
2025-06-15,Ibuprofen 400mg,0.0,6,6,1
2025-06-15,Insulin 30/70,0.0,6,6,1
2025-06-15,Ivermectin 12mg,0.0,6,6,1
2025-06-15,Levocetirizine 5mg,0.0,6,6,1
2025-06-15,Loperamide 2mg,5.0,6,6,1
2025-06-15,Losartan 50mg,0.0,6,6,1
2025-06-15,Metformin 500mg,0.0,6,6,1
2025-06-15,Montelukast 10mg,0.0,6,6,1
2025-06-15,Multivitamin Syrup,8.0,6,6,1
2025-06-15,N95 Mask,0.0,6,6,1
2025-06-15,Nicotine Patch,0.0,6,6,1
2025-06-15,ORS Sachet,0.0,6,6,1
2025-06-15,Omeprazole 20mg,0.0,6,6,1
2025-06-15,Pantoprazole 40mg,0.0,6,6,1
2025-06-15,Paracetamol 500mg,0.0,6,6,1
2025-06-15,Prednisolone 10mg,0.0,6,6,1
2025-06-15,Ranitidine 150mg,7.0,6,6,1
2025-06-15,Salbutamol Inhaler,0.0,6,6,1
2025-06-15,Surgical Gloves,0.0,6,6,1
2025-06-15,Tetanus Toxoid,0.0,6,6,1
2025-06-15,Thermometer,0.0,6,6,1
2025-06-15,Thyroxine 50mcg,0.0,6,6,1
2025-06-15,Vitamin C Tablets,0.0,6,6,1
2025-06-15,Volini Gel,0.0,6,6,1
2025-06-15,Zincovit,0.0,6,6,1
2025-06-16,Allegra 120mg,0.0,0,6,0
2025-06-16,Amlodipine 5mg,0.0,0,6,0
2025-06-16,Amoxicillin 250mg,4.0,0,6,0
2025-06-16,Atorvastatin 10mg,0.0,0,6,0
2025-06-16,Avil 25mg,0.0,0,6,0
2025-06-16,Azithromycin 500mg,0.0,0,6,0
2025-06-16,Bandage Roll,0.0,0,6,0
2025-06-16,Becosules,0.0,0,6,0
2025-06-16,Betadine Ointment,3.0,0,6,0
2025-06-16,Calpol 500mg,0.0,0,6,0
2025-06-16,Cetirizine 10mg,0.0,0,6,0
2025-06-16,Chlorpheniramine,0.0,0,6,0
2025-06-16,Ciprofloxacin 500mg,0.0,0,6,0
2025-06-16,Clotrimazole Cream,0.0,0,6,0
2025-06-16,Combiflam,0.0,0,6,0
2025-06-16,Crocin Advance,0.0,0,6,0
2025-06-16,Dexamethasone 4mg,0.0,0,6,0
2025-06-16,Digene,0.0,0,6,0
2025-06-16,Disprin,0.0,0,6,0
2025-06-16,Dolo 650mg,0.0,0,6,0
2025-06-16,Domperidone 10mg,0.0,0,6,0
2025-06-16,Erythromycin 250mg,6.0,0,6,0
2025-06-16,Glibenclamide 5mg,0.0,0,6,0
2025-06-16,Hand Sanitizer,0.0,0,6,0
2025-06-16,Hydroxychloroquine 200mg,0.0,0,6,0
2025-06-16,Ibuprofen 400mg,0.0,0,6,0
2025-06-16,Insulin 30/70,0.0,0,6,0
2025-06-16,Ivermectin 12mg,0.0,0,6,0
2025-06-16,Levocetirizine 5mg,0.0,0,6,0
2025-06-16,Loperamide 2mg,0.0,0,6,0
2025-06-16,Losartan 50mg,9.0,0,6,0
2025-06-16,Metformin 500mg,0.0,0,6,0
2025-06-16,Montelukast 10mg,0.0,0,6,0
2025-06-16,Multivitamin Syrup,0.0,0,6,0
2025-06-16,N95 Mask,8.0,0,6,0
2025-06-16,Nicotine Patch,0.0,0,6,0
2025-06-16,ORS Sachet,9.0,0,6,0
2025-06-16,Omeprazole 20mg,0.0,0,6,0
2025-06-16,Pantoprazole 40mg,0.0,0,6,0
2025-06-16,Paracetamol 500mg,0.0,0,6,0
2025-06-16,Prednisolone 10mg,0.0,0,6,0
2025-06-16,Ranitidine 150mg,6.0,0,6,0
2025-06-16,Salbutamol Inhaler,0.0,0,6,0
2025-06-16,Surgical Gloves,7.0,0,6,0
2025-06-16,Tetanus Toxoid,0.0,0,6,0
2025-06-16,Thermometer,0.0,0,6,0
2025-06-16,Thyroxine 50mcg,0.0,0,6,0
2025-06-16,Vitamin C Tablets,0.0,0,6,0
2025-06-16,Volini Gel,0.0,0,6,0
2025-06-16,Zincovit,7.0,0,6,0
2025-06-17,Allegra 120mg,5.0,1,6,0
2025-06-17,Amlodipine 5mg,4.0,1,6,0
2025-06-17,Amoxicillin 250mg,0.0,1,6,0
2025-06-17,Atorvastatin 10mg,3.0,1,6,0
2025-06-17,Avil 25mg,0.0,1,6,0
2025-06-17,Azithromycin 500mg,0.0,1,6,0
2025-06-17,Bandage Roll,0.0,1,6,0
2025-06-17,Becosules,0.0,1,6,0
2025-06-17,Betadine Ointment,3.0,1,6,0
2025-06-17,Calpol 500mg,0.0,1,6,0
2025-06-17,Cetirizine 10mg,0.0,1,6,0
2025-06-17,Chlorpheniramine,0.0,1,6,0
2025-06-17,Ciprofloxacin 500mg,0.0,1,6,0
2025-06-17,Clotrimazole Cream,0.0,1,6,0
2025-06-17,Combiflam,10.0,1,6,0
2025-06-17,Crocin Advance,0.0,1,6,0
2025-06-17,Dexamethasone 4mg,0.0,1,6,0
2025-06-17,Digene,0.0,1,6,0
2025-06-17,Disprin,0.0,1,6,0
2025-06-17,Dolo 650mg,0.0,1,6,0
2025-06-17,Domperidone 10mg,0.0,1,6,0
2025-06-17,Erythromycin 250mg,4.0,1,6,0
2025-06-17,Glibenclamide 5mg,0.0,1,6,0
2025-06-17,Hand Sanitizer,0.0,1,6,0
2025-06-17,Hydroxychloroquine 200mg,0.0,1,6,0
2025-06-17,Ibuprofen 400mg,0.0,1,6,0
2025-06-17,Insulin 30/70,0.0,1,6,0
2025-06-17,Ivermectin 12mg,0.0,1,6,0
2025-06-17,Levocetirizine 5mg,0.0,1,6,0
2025-06-17,Loperamide 2mg,10.0,1,6,0
2025-06-17,Losartan 50mg,0.0,1,6,0
2025-06-17,Metformin 500mg,0.0,1,6,0
2025-06-17,Montelukast 10mg,9.0,1,6,0
2025-06-17,Multivitamin Syrup,0.0,1,6,0
2025-06-17,N95 Mask,0.0,1,6,0
2025-06-17,Nicotine Patch,0.0,1,6,0
2025-06-17,ORS Sachet,0.0,1,6,0
2025-06-17,Omeprazole 20mg,0.0,1,6,0
2025-06-17,Pantoprazole 40mg,0.0,1,6,0
2025-06-17,Paracetamol 500mg,16.0,1,6,0
2025-06-17,Prednisolone 10mg,0.0,1,6,0
2025-06-17,Ranitidine 150mg,0.0,1,6,0
2025-06-17,Salbutamol Inhaler,0.0,1,6,0
2025-06-17,Surgical Gloves,0.0,1,6,0
2025-06-17,Tetanus Toxoid,0.0,1,6,0
2025-06-17,Thermometer,5.0,1,6,0
2025-06-17,Thyroxine 50mcg,0.0,1,6,0
2025-06-17,Vitamin C Tablets,0.0,1,6,0
2025-06-17,Volini Gel,0.0,1,6,0
2025-06-17,Zincovit,0.0,1,6,0
2025-06-18,Allegra 120mg,0.0,2,6,0
2025-06-18,Amlodipine 5mg,0.0,2,6,0
2025-06-18,Amoxicillin 250mg,0.0,2,6,0
2025-06-18,Atorvastatin 10mg,0.0,2,6,0
2025-06-18,Avil 25mg,0.0,2,6,0
2025-06-18,Azithromycin 500mg,0.0,2,6,0
2025-06-18,Bandage Roll,0.0,2,6,0
2025-06-18,Becosules,0.0,2,6,0
2025-06-18,Betadine Ointment,0.0,2,6,0
2025-06-18,Calpol 500mg,0.0,2,6,0
2025-06-18,Cetirizine 10mg,0.0,2,6,0
2025-06-18,Chlorpheniramine,0.0,2,6,0
2025-06-18,Ciprofloxacin 500mg,0.0,2,6,0
2025-06-18,Clotrimazole Cream,0.0,2,6,0
2025-06-18,Combiflam,10.0,2,6,0
2025-06-18,Crocin Advance,0.0,2,6,0
2025-06-18,Dexamethasone 4mg,0.0,2,6,0
2025-06-18,Digene,8.0,2,6,0
2025-06-18,Disprin,12.0,2,6,0
2025-06-18,Dolo 650mg,0.0,2,6,0
2025-06-18,Domperidone 10mg,0.0,2,6,0
2025-06-18,Erythromycin 250mg,0.0,2,6,0
2025-06-18,Glibenclamide 5mg,10.0,2,6,0
2025-06-18,Hand Sanitizer,0.0,2,6,0
2025-06-18,Hydroxychloroquine 200mg,0.0,2,6,0
2025-06-18,Ibuprofen 400mg,0.0,2,6,0
2025-06-18,Insulin 30/70,8.0,2,6,0
2025-06-18,Ivermectin 12mg,0.0,2,6,0
2025-06-18,Levocetirizine 5mg,0.0,2,6,0
2025-06-18,Loperamide 2mg,0.0,2,6,0
2025-06-18,Losartan 50mg,10.0,2,6,0
2025-06-18,Metformin 500mg,0.0,2,6,0
2025-06-18,Montelukast 10mg,0.0,2,6,0
2025-06-18,Multivitamin Syrup,0.0,2,6,0
2025-06-18,N95 Mask,0.0,2,6,0
2025-06-18,Nicotine Patch,0.0,2,6,0
2025-06-18,ORS Sachet,0.0,2,6,0
2025-06-18,Omeprazole 20mg,0.0,2,6,0
2025-06-18,Pantoprazole 40mg,0.0,2,6,0
2025-06-18,Paracetamol 500mg,0.0,2,6,0
2025-06-18,Prednisolone 10mg,6.0,2,6,0
2025-06-18,Ranitidine 150mg,0.0,2,6,0
2025-06-18,Salbutamol Inhaler,2.0,2,6,0
2025-06-18,Surgical Gloves,0.0,2,6,0
2025-06-18,Tetanus Toxoid,0.0,2,6,0
2025-06-18,Thermometer,0.0,2,6,0
2025-06-18,Thyroxine 50mcg,0.0,2,6,0
2025-06-18,Vitamin C Tablets,0.0,2,6,0
2025-06-18,Volini Gel,0.0,2,6,0
2025-06-18,Zincovit,0.0,2,6,0
2025-06-19,Allegra 120mg,0.0,3,6,0
2025-06-19,Amlodipine 5mg,0.0,3,6,0
2025-06-19,Amoxicillin 250mg,0.0,3,6,0
2025-06-19,Atorvastatin 10mg,0.0,3,6,0
2025-06-19,Avil 25mg,2.0,3,6,0
2025-06-19,Azithromycin 500mg,0.0,3,6,0
2025-06-19,Bandage Roll,9.0,3,6,0
2025-06-19,Becosules,0.0,3,6,0
2025-06-19,Betadine Ointment,7.0,3,6,0
2025-06-19,Calpol 500mg,0.0,3,6,0
2025-06-19,Cetirizine 10mg,0.0,3,6,0
2025-06-19,Chlorpheniramine,0.0,3,6,0
2025-06-19,Ciprofloxacin 500mg,0.0,3,6,0
2025-06-19,Clotrimazole Cream,0.0,3,6,0
2025-06-19,Combiflam,0.0,3,6,0
2025-06-19,Crocin Advance,0.0,3,6,0
2025-06-19,Dexamethasone 4mg,0.0,3,6,0
2025-06-19,Digene,0.0,3,6,0
2025-06-19,Disprin,0.0,3,6,0
2025-06-19,Dolo 650mg,0.0,3,6,0
2025-06-19,Domperidone 10mg,0.0,3,6,0
2025-06-19,Erythromycin 250mg,0.0,3,6,0
2025-06-19,Glibenclamide 5mg,0.0,3,6,0
2025-06-19,Hand Sanitizer,5.0,3,6,0
2025-06-19,Hydroxychloroquine 200mg,0.0,3,6,0
2025-06-19,Ibuprofen 400mg,0.0,3,6,0
2025-06-19,Insulin 30/70,9.0,3,6,0
2025-06-19,Ivermectin 12mg,10.0,3,6,0
2025-06-19,Levocetirizine 5mg,0.0,3,6,0
2025-06-19,Loperamide 2mg,0.0,3,6,0
2025-06-19,Losartan 50mg,0.0,3,6,0
2025-06-19,Metformin 500mg,0.0,3,6,0
2025-06-19,Montelukast 10mg,0.0,3,6,0
2025-06-19,Multivitamin Syrup,0.0,3,6,0
2025-06-19,N95 Mask,0.0,3,6,0
2025-06-19,Nicotine Patch,0.0,3,6,0
2025-06-19,ORS Sachet,0.0,3,6,0
2025-06-19,Omeprazole 20mg,0.0,3,6,0
2025-06-19,Pantoprazole 40mg,0.0,3,6,0
2025-06-19,Paracetamol 500mg,0.0,3,6,0
2025-06-19,Prednisolone 10mg,0.0,3,6,0
2025-06-19,Ranitidine 150mg,0.0,3,6,0
2025-06-19,Salbutamol Inhaler,0.0,3,6,0
2025-06-19,Surgical Gloves,0.0,3,6,0
2025-06-19,Tetanus Toxoid,0.0,3,6,0
2025-06-19,Thermometer,5.0,3,6,0
2025-06-19,Thyroxine 50mcg,0.0,3,6,0
2025-06-19,Vitamin C Tablets,0.0,3,6,0
2025-06-19,Volini Gel,0.0,3,6,0
2025-06-19,Zincovit,6.0,3,6,0
2025-06-20,Allegra 120mg,0.0,4,6,0
2025-06-20,Amlodipine 5mg,0.0,4,6,0
2025-06-20,Amoxicillin 250mg,0.0,4,6,0
2025-06-20,Atorvastatin 10mg,0.0,4,6,0
2025-06-20,Avil 25mg,0.0,4,6,0
2025-06-20,Azithromycin 500mg,0.0,4,6,0
2025-06-20,Bandage Roll,11.0,4,6,0
2025-06-20,Becosules,0.0,4,6,0
2025-06-20,Betadine Ointment,0.0,4,6,0
2025-06-20,Calpol 500mg,9.0,4,6,0
2025-06-20,Cetirizine 10mg,0.0,4,6,0
2025-06-20,Chlorpheniramine,0.0,4,6,0
2025-06-20,Ciprofloxacin 500mg,0.0,4,6,0
2025-06-20,Clotrimazole Cream,0.0,4,6,0
2025-06-20,Combiflam,0.0,4,6,0
2025-06-20,Crocin Advance,0.0,4,6,0
2025-06-20,Dexamethasone 4mg,0.0,4,6,0
2025-06-20,Digene,0.0,4,6,0
2025-06-20,Disprin,0.0,4,6,0
2025-06-20,Dolo 650mg,0.0,4,6,0
2025-06-20,Domperidone 10mg,0.0,4,6,0
2025-06-20,Erythromycin 250mg,0.0,4,6,0
2025-06-20,Glibenclamide 5mg,0.0,4,6,0
2025-06-20,Hand Sanitizer,2.0,4,6,0
2025-06-20,Hydroxychloroquine 200mg,0.0,4,6,0
2025-06-20,Ibuprofen 400mg,0.0,4,6,0
2025-06-20,Insulin 30/70,0.0,4,6,0
2025-06-20,Ivermectin 12mg,0.0,4,6,0
2025-06-20,Levocetirizine 5mg,0.0,4,6,0
2025-06-20,Loperamide 2mg,0.0,4,6,0
2025-06-20,Losartan 50mg,0.0,4,6,0
2025-06-20,Metformin 500mg,0.0,4,6,0
2025-06-20,Montelukast 10mg,0.0,4,6,0
2025-06-20,Multivitamin Syrup,0.0,4,6,0
2025-06-20,N95 Mask,0.0,4,6,0
2025-06-20,Nicotine Patch,0.0,4,6,0
2025-06-20,ORS Sachet,0.0,4,6,0
2025-06-20,Omeprazole 20mg,7.0,4,6,0
2025-06-20,Pantoprazole 40mg,6.0,4,6,0
2025-06-20,Paracetamol 500mg,0.0,4,6,0
2025-06-20,Prednisolone 10mg,0.0,4,6,0
2025-06-20,Ranitidine 150mg,0.0,4,6,0
2025-06-20,Salbutamol Inhaler,0.0,4,6,0
2025-06-20,Surgical Gloves,7.0,4,6,0
2025-06-20,Tetanus Toxoid,2.0,4,6,0
2025-06-20,Thermometer,0.0,4,6,0
2025-06-20,Thyroxine 50mcg,0.0,4,6,0
2025-06-20,Vitamin C Tablets,0.0,4,6,0
2025-06-20,Volini Gel,0.0,4,6,0
2025-06-20,Zincovit,0.0,4,6,0
2025-06-21,Allegra 120mg,0.0,5,6,1
2025-06-21,Amlodipine 5mg,4.0,5,6,1
2025-06-21,Amoxicillin 250mg,0.0,5,6,1
2025-06-21,Atorvastatin 10mg,0.0,5,6,1
2025-06-21,Avil 25mg,6.0,5,6,1
2025-06-21,Azithromycin 500mg,0.0,5,6,1
2025-06-21,Bandage Roll,0.0,5,6,1
2025-06-21,Becosules,0.0,5,6,1
2025-06-21,Betadine Ointment,0.0,5,6,1
2025-06-21,Calpol 500mg,0.0,5,6,1
2025-06-21,Cetirizine 10mg,0.0,5,6,1
2025-06-21,Chlorpheniramine,0.0,5,6,1
2025-06-21,Ciprofloxacin 500mg,0.0,5,6,1
2025-06-21,Clotrimazole Cream,0.0,5,6,1
2025-06-21,Combiflam,0.0,5,6,1
2025-06-21,Crocin Advance,0.0,5,6,1
2025-06-21,Dexamethasone 4mg,0.0,5,6,1
2025-06-21,Digene,8.0,5,6,1
2025-06-21,Disprin,0.0,5,6,1
2025-06-21,Dolo 650mg,0.0,5,6,1
2025-06-21,Domperidone 10mg,0.0,5,6,1
2025-06-21,Erythromycin 250mg,0.0,5,6,1
2025-06-21,Glibenclamide 5mg,0.0,5,6,1
2025-06-21,Hand Sanitizer,6.0,5,6,1
2025-06-21,Hydroxychloroquine 200mg,0.0,5,6,1
2025-06-21,Ibuprofen 400mg,0.0,5,6,1
2025-06-21,Insulin 30/70,0.0,5,6,1
2025-06-21,Ivermectin 12mg,3.0,5,6,1
2025-06-21,Levocetirizine 5mg,0.0,5,6,1
2025-06-21,Loperamide 2mg,0.0,5,6,1
2025-06-21,Losartan 50mg,0.0,5,6,1
2025-06-21,Metformin 500mg,0.0,5,6,1
2025-06-21,Montelukast 10mg,0.0,5,6,1
2025-06-21,Multivitamin Syrup,0.0,5,6,1
2025-06-21,N95 Mask,0.0,5,6,1
2025-06-21,Nicotine Patch,0.0,5,6,1
2025-06-21,ORS Sachet,0.0,5,6,1
2025-06-21,Omeprazole 20mg,0.0,5,6,1
2025-06-21,Pantoprazole 40mg,2.0,5,6,1
2025-06-21,Paracetamol 500mg,0.0,5,6,1
2025-06-21,Prednisolone 10mg,0.0,5,6,1
2025-06-21,Ranitidine 150mg,0.0,5,6,1
2025-06-21,Salbutamol Inhaler,0.0,5,6,1
2025-06-21,Surgical Gloves,0.0,5,6,1
2025-06-21,Tetanus Toxoid,0.0,5,6,1
2025-06-21,Thermometer,0.0,5,6,1
2025-06-21,Thyroxine 50mcg,0.0,5,6,1
2025-06-21,Vitamin C Tablets,0.0,5,6,1
2025-06-21,Volini Gel,0.0,5,6,1
2025-06-21,Zincovit,0.0,5,6,1
2025-06-22,Allegra 120mg,0.0,6,6,1
2025-06-22,Amlodipine 5mg,0.0,6,6,1
2025-06-22,Amoxicillin 250mg,0.0,6,6,1
2025-06-22,Atorvastatin 10mg,0.0,6,6,1
2025-06-22,Avil 25mg,0.0,6,6,1
2025-06-22,Azithromycin 500mg,0.0,6,6,1
2025-06-22,Bandage Roll,0.0,6,6,1
2025-06-22,Becosules,0.0,6,6,1
2025-06-22,Betadine Ointment,0.0,6,6,1
2025-06-22,Calpol 500mg,0.0,6,6,1
2025-06-22,Cetirizine 10mg,0.0,6,6,1
2025-06-22,Chlorpheniramine,6.0,6,6,1
2025-06-22,Ciprofloxacin 500mg,0.0,6,6,1
2025-06-22,Clotrimazole Cream,0.0,6,6,1
2025-06-22,Combiflam,12.0,6,6,1
2025-06-22,Crocin Advance,10.0,6,6,1
2025-06-22,Dexamethasone 4mg,0.0,6,6,1
2025-06-22,Digene,0.0,6,6,1
2025-06-22,Disprin,0.0,6,6,1
2025-06-22,Dolo 650mg,0.0,6,6,1
2025-06-22,Domperidone 10mg,0.0,6,6,1
2025-06-22,Erythromycin 250mg,5.0,6,6,1
2025-06-22,Glibenclamide 5mg,0.0,6,6,1
2025-06-22,Hand Sanitizer,0.0,6,6,1
2025-06-22,Hydroxychloroquine 200mg,0.0,6,6,1
2025-06-22,Ibuprofen 400mg,0.0,6,6,1
2025-06-22,Insulin 30/70,0.0,6,6,1
2025-06-22,Ivermectin 12mg,0.0,6,6,1
2025-06-22,Levocetirizine 5mg,0.0,6,6,1
2025-06-22,Loperamide 2mg,0.0,6,6,1
2025-06-22,Losartan 50mg,0.0,6,6,1
2025-06-22,Metformin 500mg,0.0,6,6,1
2025-06-22,Montelukast 10mg,0.0,6,6,1
2025-06-22,Multivitamin Syrup,0.0,6,6,1
2025-06-22,N95 Mask,9.0,6,6,1
2025-06-22,Nicotine Patch,0.0,6,6,1
2025-06-22,ORS Sachet,0.0,6,6,1
2025-06-22,Omeprazole 20mg,0.0,6,6,1
2025-06-22,Pantoprazole 40mg,0.0,6,6,1
2025-06-22,Paracetamol 500mg,0.0,6,6,1
2025-06-22,Prednisolone 10mg,0.0,6,6,1
2025-06-22,Ranitidine 150mg,0.0,6,6,1
2025-06-22,Salbutamol Inhaler,3.0,6,6,1
2025-06-22,Surgical Gloves,0.0,6,6,1
2025-06-22,Tetanus Toxoid,10.0,6,6,1
2025-06-22,Thermometer,0.0,6,6,1
2025-06-22,Thyroxine 50mcg,0.0,6,6,1
2025-06-22,Vitamin C Tablets,0.0,6,6,1
2025-06-22,Volini Gel,0.0,6,6,1
2025-06-22,Zincovit,0.0,6,6,1
2025-06-23,Allegra 120mg,0.0,0,6,0
2025-06-23,Amlodipine 5mg,0.0,0,6,0
2025-06-23,Amoxicillin 250mg,0.0,0,6,0
2025-06-23,Atorvastatin 10mg,0.0,0,6,0
2025-06-23,Avil 25mg,0.0,0,6,0
2025-06-23,Azithromycin 500mg,0.0,0,6,0
2025-06-23,Bandage Roll,0.0,0,6,0
2025-06-23,Becosules,0.0,0,6,0
2025-06-23,Betadine Ointment,0.0,0,6,0
2025-06-23,Calpol 500mg,0.0,0,6,0
2025-06-23,Cetirizine 10mg,0.0,0,6,0
2025-06-23,Chlorpheniramine,0.0,0,6,0
2025-06-23,Ciprofloxacin 500mg,0.0,0,6,0
2025-06-23,Clotrimazole Cream,0.0,0,6,0
2025-06-23,Combiflam,0.0,0,6,0
2025-06-23,Crocin Advance,0.0,0,6,0
2025-06-23,Dexamethasone 4mg,7.0,0,6,0
2025-06-23,Digene,0.0,0,6,0
2025-06-23,Disprin,0.0,0,6,0
2025-06-23,Dolo 650mg,0.0,0,6,0
2025-06-23,Domperidone 10mg,0.0,0,6,0
2025-06-23,Erythromycin 250mg,0.0,0,6,0
2025-06-23,Glibenclamide 5mg,0.0,0,6,0
2025-06-23,Hand Sanitizer,9.0,0,6,0
2025-06-23,Hydroxychloroquine 200mg,7.0,0,6,0
2025-06-23,Ibuprofen 400mg,0.0,0,6,0
2025-06-23,Insulin 30/70,0.0,0,6,0
2025-06-23,Ivermectin 12mg,0.0,0,6,0
2025-06-23,Levocetirizine 5mg,0.0,0,6,0
2025-06-23,Loperamide 2mg,0.0,0,6,0
2025-06-23,Losartan 50mg,0.0,0,6,0
2025-06-23,Metformin 500mg,0.0,0,6,0
2025-06-23,Montelukast 10mg,0.0,0,6,0
2025-06-23,Multivitamin Syrup,0.0,0,6,0
2025-06-23,N95 Mask,0.0,0,6,0
2025-06-23,Nicotine Patch,0.0,0,6,0
2025-06-23,ORS Sachet,0.0,0,6,0
2025-06-23,Omeprazole 20mg,0.0,0,6,0
2025-06-23,Pantoprazole 40mg,0.0,0,6,0
2025-06-23,Paracetamol 500mg,0.0,0,6,0
2025-06-23,Prednisolone 10mg,0.0,0,6,0
2025-06-23,Ranitidine 150mg,0.0,0,6,0
2025-06-23,Salbutamol Inhaler,0.0,0,6,0
2025-06-23,Surgical Gloves,0.0,0,6,0
2025-06-23,Tetanus Toxoid,4.0,0,6,0
2025-06-23,Thermometer,0.0,0,6,0
2025-06-23,Thyroxine 50mcg,0.0,0,6,0
2025-06-23,Vitamin C Tablets,0.0,0,6,0
2025-06-23,Volini Gel,0.0,0,6,0
2025-06-23,Zincovit,7.0,0,6,0
2025-06-24,Allegra 120mg,5.0,1,6,0
2025-06-24,Amlodipine 5mg,0.0,1,6,0
2025-06-24,Amoxicillin 250mg,0.0,1,6,0
2025-06-24,Atorvastatin 10mg,0.0,1,6,0
2025-06-24,Avil 25mg,0.0,1,6,0
2025-06-24,Azithromycin 500mg,0.0,1,6,0
2025-06-24,Bandage Roll,0.0,1,6,0
2025-06-24,Becosules,0.0,1,6,0
2025-06-24,Betadine Ointment,0.0,1,6,0
2025-06-24,Calpol 500mg,0.0,1,6,0
2025-06-24,Cetirizine 10mg,0.0,1,6,0
2025-06-24,Chlorpheniramine,0.0,1,6,0
2025-06-24,Ciprofloxacin 500mg,0.0,1,6,0
2025-06-24,Clotrimazole Cream,0.0,1,6,0
2025-06-24,Combiflam,0.0,1,6,0
2025-06-24,Crocin Advance,0.0,1,6,0
2025-06-24,Dexamethasone 4mg,0.0,1,6,0
2025-06-24,Digene,0.0,1,6,0
2025-06-24,Disprin,6.0,1,6,0
2025-06-24,Dolo 650mg,0.0,1,6,0
2025-06-24,Domperidone 10mg,8.0,1,6,0
2025-06-24,Erythromycin 250mg,9.0,1,6,0
2025-06-24,Glibenclamide 5mg,0.0,1,6,0
2025-06-24,Hand Sanitizer,0.0,1,6,0
2025-06-24,Hydroxychloroquine 200mg,0.0,1,6,0
2025-06-24,Ibuprofen 400mg,9.0,1,6,0
2025-06-24,Insulin 30/70,0.0,1,6,0
2025-06-24,Ivermectin 12mg,0.0,1,6,0
2025-06-24,Levocetirizine 5mg,0.0,1,6,0
2025-06-24,Loperamide 2mg,0.0,1,6,0
2025-06-24,Losartan 50mg,0.0,1,6,0
2025-06-24,Metformin 500mg,0.0,1,6,0
2025-06-24,Montelukast 10mg,0.0,1,6,0
2025-06-24,Multivitamin Syrup,0.0,1,6,0
2025-06-24,N95 Mask,0.0,1,6,0
2025-06-24,Nicotine Patch,0.0,1,6,0
2025-06-24,ORS Sachet,0.0,1,6,0
2025-06-24,Omeprazole 20mg,0.0,1,6,0
2025-06-24,Pantoprazole 40mg,0.0,1,6,0
2025-06-24,Paracetamol 500mg,0.0,1,6,0
2025-06-24,Prednisolone 10mg,0.0,1,6,0
2025-06-24,Ranitidine 150mg,0.0,1,6,0
2025-06-24,Salbutamol Inhaler,0.0,1,6,0
2025-06-24,Surgical Gloves,0.0,1,6,0
2025-06-24,Tetanus Toxoid,0.0,1,6,0
2025-06-24,Thermometer,0.0,1,6,0
2025-06-24,Thyroxine 50mcg,0.0,1,6,0
2025-06-24,Vitamin C Tablets,0.0,1,6,0
2025-06-24,Volini Gel,0.0,1,6,0
2025-06-24,Zincovit,0.0,1,6,0
2025-06-25,Allegra 120mg,0.0,2,6,0
2025-06-25,Amlodipine 5mg,0.0,2,6,0
2025-06-25,Amoxicillin 250mg,8.0,2,6,0
2025-06-25,Atorvastatin 10mg,0.0,2,6,0
2025-06-25,Avil 25mg,0.0,2,6,0
2025-06-25,Azithromycin 500mg,0.0,2,6,0
2025-06-25,Bandage Roll,0.0,2,6,0
2025-06-25,Becosules,0.0,2,6,0
2025-06-25,Betadine Ointment,0.0,2,6,0
2025-06-25,Calpol 500mg,0.0,2,6,0
2025-06-25,Cetirizine 10mg,0.0,2,6,0
2025-06-25,Chlorpheniramine,0.0,2,6,0
2025-06-25,Ciprofloxacin 500mg,0.0,2,6,0
2025-06-25,Clotrimazole Cream,6.0,2,6,0
2025-06-25,Combiflam,0.0,2,6,0
2025-06-25,Crocin Advance,0.0,2,6,0
2025-06-25,Dexamethasone 4mg,0.0,2,6,0
2025-06-25,Digene,0.0,2,6,0
2025-06-25,Disprin,0.0,2,6,0
2025-06-25,Dolo 650mg,0.0,2,6,0
2025-06-25,Domperidone 10mg,0.0,2,6,0
2025-06-25,Erythromycin 250mg,0.0,2,6,0
2025-06-25,Glibenclamide 5mg,8.0,2,6,0
2025-06-25,Hand Sanitizer,0.0,2,6,0
2025-06-25,Hydroxychloroquine 200mg,0.0,2,6,0
2025-06-25,Ibuprofen 400mg,0.0,2,6,0
2025-06-25,Insulin 30/70,0.0,2,6,0
2025-06-25,Ivermectin 12mg,0.0,2,6,0
2025-06-25,Levocetirizine 5mg,0.0,2,6,0
2025-06-25,Loperamide 2mg,0.0,2,6,0
2025-06-25,Losartan 50mg,0.0,2,6,0
2025-06-25,Metformin 500mg,0.0,2,6,0
2025-06-25,Montelukast 10mg,0.0,2,6,0
2025-06-25,Multivitamin Syrup,0.0,2,6,0
2025-06-25,N95 Mask,0.0,2,6,0
2025-06-25,Nicotine Patch,8.0,2,6,0
2025-06-25,ORS Sachet,0.0,2,6,0
2025-06-25,Omeprazole 20mg,0.0,2,6,0
2025-06-25,Pantoprazole 40mg,0.0,2,6,0
2025-06-25,Paracetamol 500mg,0.0,2,6,0
2025-06-25,Prednisolone 10mg,0.0,2,6,0
2025-06-25,Ranitidine 150mg,0.0,2,6,0
2025-06-25,Salbutamol Inhaler,0.0,2,6,0
2025-06-25,Surgical Gloves,0.0,2,6,0
2025-06-25,Tetanus Toxoid,0.0,2,6,0
2025-06-25,Thermometer,0.0,2,6,0
2025-06-25,Thyroxine 50mcg,4.0,2,6,0
2025-06-25,Vitamin C Tablets,0.0,2,6,0
2025-06-25,Volini Gel,8.0,2,6,0
2025-06-25,Zincovit,0.0,2,6,0
2025-06-26,Allegra 120mg,0.0,3,6,0
2025-06-26,Amlodipine 5mg,0.0,3,6,0
2025-06-26,Amoxicillin 250mg,0.0,3,6,0
2025-06-26,Atorvastatin 10mg,0.0,3,6,0
2025-06-26,Avil 25mg,1.0,3,6,0
2025-06-26,Azithromycin 500mg,9.0,3,6,0
2025-06-26,Bandage Roll,0.0,3,6,0
2025-06-26,Becosules,0.0,3,6,0
2025-06-26,Betadine Ointment,0.0,3,6,0
2025-06-26,Calpol 500mg,0.0,3,6,0
2025-06-26,Cetirizine 10mg,0.0,3,6,0
2025-06-26,Chlorpheniramine,0.0,3,6,0
2025-06-26,Ciprofloxacin 500mg,0.0,3,6,0
2025-06-26,Clotrimazole Cream,0.0,3,6,0
2025-06-26,Combiflam,0.0,3,6,0
2025-06-26,Crocin Advance,8.0,3,6,0
2025-06-26,Dexamethasone 4mg,0.0,3,6,0
2025-06-26,Digene,0.0,3,6,0
2025-06-26,Disprin,0.0,3,6,0
2025-06-26,Dolo 650mg,0.0,3,6,0
2025-06-26,Domperidone 10mg,9.0,3,6,0
2025-06-26,Erythromycin 250mg,0.0,3,6,0
2025-06-26,Glibenclamide 5mg,6.0,3,6,0
2025-06-26,Hand Sanitizer,0.0,3,6,0
2025-06-26,Hydroxychloroquine 200mg,0.0,3,6,0
2025-06-26,Ibuprofen 400mg,0.0,3,6,0
2025-06-26,Insulin 30/70,0.0,3,6,0
2025-06-26,Ivermectin 12mg,0.0,3,6,0
2025-06-26,Levocetirizine 5mg,0.0,3,6,0
2025-06-26,Loperamide 2mg,10.0,3,6,0
2025-06-26,Losartan 50mg,0.0,3,6,0
2025-06-26,Metformin 500mg,0.0,3,6,0
2025-06-26,Montelukast 10mg,0.0,3,6,0
2025-06-26,Multivitamin Syrup,0.0,3,6,0
2025-06-26,N95 Mask,0.0,3,6,0
2025-06-26,Nicotine Patch,0.0,3,6,0
2025-06-26,ORS Sachet,0.0,3,6,0
2025-06-26,Omeprazole 20mg,0.0,3,6,0
2025-06-26,Pantoprazole 40mg,0.0,3,6,0
2025-06-26,Paracetamol 500mg,0.0,3,6,0
2025-06-26,Prednisolone 10mg,0.0,3,6,0
2025-06-26,Ranitidine 150mg,0.0,3,6,0
2025-06-26,Salbutamol Inhaler,0.0,3,6,0
2025-06-26,Surgical Gloves,6.0,3,6,0
2025-06-26,Tetanus Toxoid,3.0,3,6,0
2025-06-26,Thermometer,0.0,3,6,0
2025-06-26,Thyroxine 50mcg,0.0,3,6,0
2025-06-26,Vitamin C Tablets,0.0,3,6,0
2025-06-26,Volini Gel,0.0,3,6,0
2025-06-26,Zincovit,0.0,3,6,0
2025-06-27,Allegra 120mg,0.0,4,6,0
2025-06-27,Amlodipine 5mg,0.0,4,6,0
2025-06-27,Amoxicillin 250mg,0.0,4,6,0
2025-06-27,Atorvastatin 10mg,0.0,4,6,0
2025-06-27,Avil 25mg,0.0,4,6,0
2025-06-27,Azithromycin 500mg,0.0,4,6,0
2025-06-27,Bandage Roll,0.0,4,6,0
2025-06-27,Becosules,0.0,4,6,0
2025-06-27,Betadine Ointment,0.0,4,6,0
2025-06-27,Calpol 500mg,0.0,4,6,0
2025-06-27,Cetirizine 10mg,0.0,4,6,0
2025-06-27,Chlorpheniramine,3.0,4,6,0
2025-06-27,Ciprofloxacin 500mg,0.0,4,6,0
2025-06-27,Clotrimazole Cream,0.0,4,6,0
2025-06-27,Combiflam,0.0,4,6,0
2025-06-27,Crocin Advance,8.0,4,6,0
2025-06-27,Dexamethasone 4mg,0.0,4,6,0
2025-06-27,Digene,0.0,4,6,0
2025-06-27,Disprin,8.0,4,6,0
2025-06-27,Dolo 650mg,0.0,4,6,0
2025-06-27,Domperidone 10mg,0.0,4,6,0
2025-06-27,Erythromycin 250mg,0.0,4,6,0
2025-06-27,Glibenclamide 5mg,0.0,4,6,0
2025-06-27,Hand Sanitizer,5.0,4,6,0
2025-06-27,Hydroxychloroquine 200mg,0.0,4,6,0
2025-06-27,Ibuprofen 400mg,0.0,4,6,0
2025-06-27,Insulin 30/70,0.0,4,6,0
2025-06-27,Ivermectin 12mg,0.0,4,6,0
2025-06-27,Levocetirizine 5mg,0.0,4,6,0
2025-06-27,Loperamide 2mg,0.0,4,6,0
2025-06-27,Losartan 50mg,0.0,4,6,0
2025-06-27,Metformin 500mg,0.0,4,6,0
2025-06-27,Montelukast 10mg,0.0,4,6,0
2025-06-27,Multivitamin Syrup,0.0,4,6,0
2025-06-27,N95 Mask,0.0,4,6,0
2025-06-27,Nicotine Patch,0.0,4,6,0
2025-06-27,ORS Sachet,0.0,4,6,0
2025-06-27,Omeprazole 20mg,2.0,4,6,0
2025-06-27,Pantoprazole 40mg,0.0,4,6,0
2025-06-27,Paracetamol 500mg,0.0,4,6,0
2025-06-27,Prednisolone 10mg,0.0,4,6,0
2025-06-27,Ranitidine 150mg,0.0,4,6,0
2025-06-27,Salbutamol Inhaler,8.0,4,6,0
2025-06-27,Surgical Gloves,0.0,4,6,0
2025-06-27,Tetanus Toxoid,0.0,4,6,0
2025-06-27,Thermometer,0.0,4,6,0
2025-06-27,Thyroxine 50mcg,0.0,4,6,0
2025-06-27,Vitamin C Tablets,0.0,4,6,0
2025-06-27,Volini Gel,0.0,4,6,0
2025-06-27,Zincovit,0.0,4,6,0
2025-06-28,Allegra 120mg,4.0,5,6,1
2025-06-28,Amlodipine 5mg,0.0,5,6,1
2025-06-28,Amoxicillin 250mg,0.0,5,6,1
2025-06-28,Atorvastatin 10mg,0.0,5,6,1
2025-06-28,Avil 25mg,10.0,5,6,1
2025-06-28,Azithromycin 500mg,0.0,5,6,1
2025-06-28,Bandage Roll,0.0,5,6,1
2025-06-28,Becosules,0.0,5,6,1
2025-06-28,Betadine Ointment,0.0,5,6,1
2025-06-28,Calpol 500mg,3.0,5,6,1
2025-06-28,Cetirizine 10mg,0.0,5,6,1
2025-06-28,Chlorpheniramine,0.0,5,6,1
2025-06-28,Ciprofloxacin 500mg,5.0,5,6,1
2025-06-28,Clotrimazole Cream,0.0,5,6,1
2025-06-28,Combiflam,0.0,5,6,1
2025-06-28,Crocin Advance,0.0,5,6,1
2025-06-28,Dexamethasone 4mg,0.0,5,6,1
2025-06-28,Digene,0.0,5,6,1
2025-06-28,Disprin,0.0,5,6,1
2025-06-28,Dolo 650mg,0.0,5,6,1
2025-06-28,Domperidone 10mg,0.0,5,6,1
2025-06-28,Erythromycin 250mg,0.0,5,6,1
2025-06-28,Glibenclamide 5mg,0.0,5,6,1
2025-06-28,Hand Sanitizer,0.0,5,6,1
2025-06-28,Hydroxychloroquine 200mg,0.0,5,6,1
2025-06-28,Ibuprofen 400mg,0.0,5,6,1
2025-06-28,Insulin 30/70,0.0,5,6,1
2025-06-28,Ivermectin 12mg,0.0,5,6,1
2025-06-28,Levocetirizine 5mg,0.0,5,6,1
2025-06-28,Loperamide 2mg,7.0,5,6,1
2025-06-28,Losartan 50mg,0.0,5,6,1
2025-06-28,Metformin 500mg,0.0,5,6,1
2025-06-28,Montelukast 10mg,0.0,5,6,1
2025-06-28,Multivitamin Syrup,0.0,5,6,1
2025-06-28,N95 Mask,0.0,5,6,1
2025-06-28,Nicotine Patch,7.0,5,6,1
2025-06-28,ORS Sachet,0.0,5,6,1
2025-06-28,Omeprazole 20mg,0.0,5,6,1
2025-06-28,Pantoprazole 40mg,0.0,5,6,1
2025-06-28,Paracetamol 500mg,13.0,5,6,1
2025-06-28,Prednisolone 10mg,0.0,5,6,1
2025-06-28,Ranitidine 150mg,0.0,5,6,1
2025-06-28,Salbutamol Inhaler,0.0,5,6,1
2025-06-28,Surgical Gloves,0.0,5,6,1
2025-06-28,Tetanus Toxoid,0.0,5,6,1
2025-06-28,Thermometer,3.0,5,6,1
2025-06-28,Thyroxine 50mcg,0.0,5,6,1
2025-06-28,Vitamin C Tablets,0.0,5,6,1
2025-06-28,Volini Gel,1.0,5,6,1
2025-06-28,Zincovit,0.0,5,6,1
2025-06-29,Allegra 120mg,0.0,6,6,1
2025-06-29,Amlodipine 5mg,0.0,6,6,1
2025-06-29,Amoxicillin 250mg,4.0,6,6,1
2025-06-29,Atorvastatin 10mg,0.0,6,6,1
2025-06-29,Avil 25mg,10.0,6,6,1
2025-06-29,Azithromycin 500mg,0.0,6,6,1
2025-06-29,Bandage Roll,0.0,6,6,1
2025-06-29,Becosules,0.0,6,6,1
2025-06-29,Betadine Ointment,0.0,6,6,1
2025-06-29,Calpol 500mg,0.0,6,6,1
2025-06-29,Cetirizine 10mg,0.0,6,6,1
2025-06-29,Chlorpheniramine,8.0,6,6,1
2025-06-29,Ciprofloxacin 500mg,0.0,6,6,1
2025-06-29,Clotrimazole Cream,0.0,6,6,1
2025-06-29,Combiflam,0.0,6,6,1
2025-06-29,Crocin Advance,0.0,6,6,1
2025-06-29,Dexamethasone 4mg,0.0,6,6,1
2025-06-29,Digene,0.0,6,6,1
2025-06-29,Disprin,0.0,6,6,1
2025-06-29,Dolo 650mg,6.0,6,6,1
2025-06-29,Domperidone 10mg,0.0,6,6,1
2025-06-29,Erythromycin 250mg,0.0,6,6,1
2025-06-29,Glibenclamide 5mg,0.0,6,6,1
2025-06-29,Hand Sanitizer,0.0,6,6,1
2025-06-29,Hydroxychloroquine 200mg,0.0,6,6,1
2025-06-29,Ibuprofen 400mg,0.0,6,6,1
2025-06-29,Insulin 30/70,0.0,6,6,1
2025-06-29,Ivermectin 12mg,0.0,6,6,1
2025-06-29,Levocetirizine 5mg,0.0,6,6,1
2025-06-29,Loperamide 2mg,0.0,6,6,1
2025-06-29,Losartan 50mg,0.0,6,6,1
2025-06-29,Metformin 500mg,0.0,6,6,1
2025-06-29,Montelukast 10mg,0.0,6,6,1
2025-06-29,Multivitamin Syrup,0.0,6,6,1
2025-06-29,N95 Mask,0.0,6,6,1
2025-06-29,Nicotine Patch,0.0,6,6,1
2025-06-29,ORS Sachet,0.0,6,6,1
2025-06-29,Omeprazole 20mg,0.0,6,6,1
2025-06-29,Pantoprazole 40mg,0.0,6,6,1
2025-06-29,Paracetamol 500mg,0.0,6,6,1
2025-06-29,Prednisolone 10mg,8.0,6,6,1
2025-06-29,Ranitidine 150mg,0.0,6,6,1
2025-06-29,Salbutamol Inhaler,0.0,6,6,1
2025-06-29,Surgical Gloves,0.0,6,6,1
2025-06-29,Tetanus Toxoid,0.0,6,6,1
2025-06-29,Thermometer,0.0,6,6,1
2025-06-29,Thyroxine 50mcg,6.0,6,6,1
2025-06-29,Vitamin C Tablets,0.0,6,6,1
2025-06-29,Volini Gel,0.0,6,6,1
2025-06-29,Zincovit,10.0,6,6,1
2025-06-30,Allegra 120mg,3.0,0,6,0
2025-06-30,Amlodipine 5mg,0.0,0,6,0
2025-06-30,Amoxicillin 250mg,0.0,0,6,0
2025-06-30,Atorvastatin 10mg,9.0,0,6,0
2025-06-30,Avil 25mg,0.0,0,6,0
2025-06-30,Azithromycin 500mg,2.0,0,6,0
2025-06-30,Bandage Roll,0.0,0,6,0
2025-06-30,Becosules,0.0,0,6,0
2025-06-30,Betadine Ointment,0.0,0,6,0
2025-06-30,Calpol 500mg,9.0,0,6,0
2025-06-30,Cetirizine 10mg,0.0,0,6,0
2025-06-30,Chlorpheniramine,0.0,0,6,0
2025-06-30,Ciprofloxacin 500mg,0.0,0,6,0
2025-06-30,Clotrimazole Cream,0.0,0,6,0
2025-06-30,Combiflam,0.0,0,6,0
2025-06-30,Crocin Advance,0.0,0,6,0
2025-06-30,Dexamethasone 4mg,10.0,0,6,0
2025-06-30,Digene,0.0,0,6,0
2025-06-30,Disprin,0.0,0,6,0
2025-06-30,Dolo 650mg,0.0,0,6,0
2025-06-30,Domperidone 10mg,0.0,0,6,0
2025-06-30,Erythromycin 250mg,0.0,0,6,0
2025-06-30,Glibenclamide 5mg,0.0,0,6,0
2025-06-30,Hand Sanitizer,0.0,0,6,0
2025-06-30,Hydroxychloroquine 200mg,0.0,0,6,0
2025-06-30,Ibuprofen 400mg,0.0,0,6,0
2025-06-30,Insulin 30/70,0.0,0,6,0
2025-06-30,Ivermectin 12mg,0.0,0,6,0
2025-06-30,Levocetirizine 5mg,0.0,0,6,0
2025-06-30,Loperamide 2mg,0.0,0,6,0
2025-06-30,Losartan 50mg,0.0,0,6,0
2025-06-30,Metformin 500mg,0.0,0,6,0
2025-06-30,Montelukast 10mg,0.0,0,6,0
2025-06-30,Multivitamin Syrup,0.0,0,6,0
2025-06-30,N95 Mask,0.0,0,6,0
2025-06-30,Nicotine Patch,0.0,0,6,0
2025-06-30,ORS Sachet,0.0,0,6,0
2025-06-30,Omeprazole 20mg,0.0,0,6,0
2025-06-30,Pantoprazole 40mg,0.0,0,6,0
2025-06-30,Paracetamol 500mg,0.0,0,6,0
2025-06-30,Prednisolone 10mg,6.0,0,6,0
2025-06-30,Ranitidine 150mg,4.0,0,6,0
2025-06-30,Salbutamol Inhaler,0.0,0,6,0
2025-06-30,Surgical Gloves,0.0,0,6,0
2025-06-30,Tetanus Toxoid,0.0,0,6,0
2025-06-30,Thermometer,7.0,0,6,0
2025-06-30,Thyroxine 50mcg,9.0,0,6,0
2025-06-30,Vitamin C Tablets,0.0,0,6,0
2025-06-30,Volini Gel,0.0,0,6,0
2025-06-30,Zincovit,1.0,0,6,0
2025-07-01,Allegra 120mg,0.0,1,7,0
2025-07-01,Amlodipine 5mg,0.0,1,7,0
2025-07-01,Amoxicillin 250mg,0.0,1,7,0
2025-07-01,Atorvastatin 10mg,0.0,1,7,0
2025-07-01,Avil 25mg,3.0,1,7,0
2025-07-01,Azithromycin 500mg,0.0,1,7,0
2025-07-01,Bandage Roll,0.0,1,7,0
2025-07-01,Becosules,0.0,1,7,0
2025-07-01,Betadine Ointment,0.0,1,7,0
2025-07-01,Calpol 500mg,0.0,1,7,0
2025-07-01,Cetirizine 10mg,0.0,1,7,0
2025-07-01,Chlorpheniramine,3.0,1,7,0
2025-07-01,Ciprofloxacin 500mg,0.0,1,7,0
2025-07-01,Clotrimazole Cream,0.0,1,7,0
2025-07-01,Combiflam,0.0,1,7,0
2025-07-01,Crocin Advance,0.0,1,7,0
2025-07-01,Dexamethasone 4mg,0.0,1,7,0
2025-07-01,Digene,0.0,1,7,0
2025-07-01,Disprin,6.0,1,7,0
2025-07-01,Dolo 650mg,0.0,1,7,0
2025-07-01,Domperidone 10mg,0.0,1,7,0
2025-07-01,Erythromycin 250mg,0.0,1,7,0
2025-07-01,Glibenclamide 5mg,0.0,1,7,0
2025-07-01,Hand Sanitizer,0.0,1,7,0
2025-07-01,Hydroxychloroquine 200mg,0.0,1,7,0
2025-07-01,Ibuprofen 400mg,0.0,1,7,0
2025-07-01,Insulin 30/70,0.0,1,7,0
2025-07-01,Ivermectin 12mg,5.0,1,7,0
2025-07-01,Levocetirizine 5mg,0.0,1,7,0
2025-07-01,Loperamide 2mg,0.0,1,7,0
2025-07-01,Losartan 50mg,0.0,1,7,0
2025-07-01,Metformin 500mg,0.0,1,7,0
2025-07-01,Montelukast 10mg,0.0,1,7,0
2025-07-01,Multivitamin Syrup,0.0,1,7,0
2025-07-01,N95 Mask,1.0,1,7,0
2025-07-01,Nicotine Patch,0.0,1,7,0
2025-07-01,ORS Sachet,4.0,1,7,0
2025-07-01,Omeprazole 20mg,0.0,1,7,0
2025-07-01,Pantoprazole 40mg,0.0,1,7,0
2025-07-01,Paracetamol 500mg,0.0,1,7,0
2025-07-01,Prednisolone 10mg,0.0,1,7,0
2025-07-01,Ranitidine 150mg,9.0,1,7,0
2025-07-01,Salbutamol Inhaler,0.0,1,7,0
2025-07-01,Surgical Gloves,0.0,1,7,0
2025-07-01,Tetanus Toxoid,0.0,1,7,0
2025-07-01,Thermometer,0.0,1,7,0
2025-07-01,Thyroxine 50mcg,4.0,1,7,0
2025-07-01,Vitamin C Tablets,7.0,1,7,0
2025-07-01,Volini Gel,8.0,1,7,0
2025-07-01,Zincovit,0.0,1,7,0
2025-07-02,Allegra 120mg,0.0,2,7,0
2025-07-02,Amlodipine 5mg,0.0,2,7,0
2025-07-02,Amoxicillin 250mg,0.0,2,7,0
2025-07-02,Atorvastatin 10mg,0.0,2,7,0
2025-07-02,Avil 25mg,0.0,2,7,0
2025-07-02,Azithromycin 500mg,0.0,2,7,0
2025-07-02,Bandage Roll,0.0,2,7,0
2025-07-02,Becosules,0.0,2,7,0
2025-07-02,Betadine Ointment,2.0,2,7,0
2025-07-02,Calpol 500mg,0.0,2,7,0
2025-07-02,Cetirizine 10mg,4.0,2,7,0
2025-07-02,Chlorpheniramine,0.0,2,7,0
2025-07-02,Ciprofloxacin 500mg,9.0,2,7,0
2025-07-02,Clotrimazole Cream,0.0,2,7,0
2025-07-02,Combiflam,0.0,2,7,0
2025-07-02,Crocin Advance,15.0,2,7,0
2025-07-02,Dexamethasone 4mg,0.0,2,7,0
2025-07-02,Digene,0.0,2,7,0
2025-07-02,Disprin,0.0,2,7,0
2025-07-02,Dolo 650mg,5.0,2,7,0
2025-07-02,Domperidone 10mg,0.0,2,7,0
2025-07-02,Erythromycin 250mg,0.0,2,7,0
2025-07-02,Glibenclamide 5mg,0.0,2,7,0
2025-07-02,Hand Sanitizer,0.0,2,7,0
2025-07-02,Hydroxychloroquine 200mg,0.0,2,7,0
2025-07-02,Ibuprofen 400mg,0.0,2,7,0
2025-07-02,Insulin 30/70,0.0,2,7,0
2025-07-02,Ivermectin 12mg,0.0,2,7,0
2025-07-02,Levocetirizine 5mg,0.0,2,7,0
2025-07-02,Loperamide 2mg,0.0,2,7,0
2025-07-02,Losartan 50mg,0.0,2,7,0
2025-07-02,Metformin 500mg,0.0,2,7,0
2025-07-02,Montelukast 10mg,0.0,2,7,0
2025-07-02,Multivitamin Syrup,6.0,2,7,0
2025-07-02,N95 Mask,0.0,2,7,0
2025-07-02,Nicotine Patch,0.0,2,7,0
2025-07-02,ORS Sachet,0.0,2,7,0
2025-07-02,Omeprazole 20mg,0.0,2,7,0
2025-07-02,Pantoprazole 40mg,0.0,2,7,0
2025-07-02,Paracetamol 500mg,12.0,2,7,0
2025-07-02,Prednisolone 10mg,0.0,2,7,0
2025-07-02,Ranitidine 150mg,0.0,2,7,0
2025-07-02,Salbutamol Inhaler,0.0,2,7,0
2025-07-02,Surgical Gloves,0.0,2,7,0
2025-07-02,Tetanus Toxoid,0.0,2,7,0
2025-07-02,Thermometer,0.0,2,7,0
2025-07-02,Thyroxine 50mcg,0.0,2,7,0
2025-07-02,Vitamin C Tablets,0.0,2,7,0
2025-07-02,Volini Gel,0.0,2,7,0
2025-07-02,Zincovit,6.0,2,7,0
2025-07-03,Allegra 120mg,0.0,3,7,0
2025-07-03,Amlodipine 5mg,9.0,3,7,0
2025-07-03,Amoxicillin 250mg,0.0,3,7,0
2025-07-03,Atorvastatin 10mg,0.0,3,7,0
2025-07-03,Avil 25mg,5.0,3,7,0
2025-07-03,Azithromycin 500mg,3.0,3,7,0
2025-07-03,Bandage Roll,0.0,3,7,0
2025-07-03,Becosules,0.0,3,7,0
2025-07-03,Betadine Ointment,0.0,3,7,0
2025-07-03,Calpol 500mg,8.0,3,7,0
2025-07-03,Cetirizine 10mg,4.0,3,7,0
2025-07-03,Chlorpheniramine,0.0,3,7,0
2025-07-03,Ciprofloxacin 500mg,0.0,3,7,0
2025-07-03,Clotrimazole Cream,0.0,3,7,0
2025-07-03,Combiflam,0.0,3,7,0
2025-07-03,Crocin Advance,8.0,3,7,0
2025-07-03,Dexamethasone 4mg,5.0,3,7,0
2025-07-03,Digene,0.0,3,7,0
2025-07-03,Disprin,0.0,3,7,0
2025-07-03,Dolo 650mg,0.0,3,7,0
2025-07-03,Domperidone 10mg,0.0,3,7,0
2025-07-03,Erythromycin 250mg,6.0,3,7,0
2025-07-03,Glibenclamide 5mg,0.0,3,7,0
2025-07-03,Hand Sanitizer,0.0,3,7,0
2025-07-03,Hydroxychloroquine 200mg,0.0,3,7,0
2025-07-03,Ibuprofen 400mg,0.0,3,7,0
2025-07-03,Insulin 30/70,0.0,3,7,0
2025-07-03,Ivermectin 12mg,0.0,3,7,0
2025-07-03,Levocetirizine 5mg,10.0,3,7,0
2025-07-03,Loperamide 2mg,0.0,3,7,0
2025-07-03,Losartan 50mg,0.0,3,7,0
2025-07-03,Metformin 500mg,0.0,3,7,0
2025-07-03,Montelukast 10mg,0.0,3,7,0
2025-07-03,Multivitamin Syrup,0.0,3,7,0
2025-07-03,N95 Mask,0.0,3,7,0
2025-07-03,Nicotine Patch,0.0,3,7,0
2025-07-03,ORS Sachet,0.0,3,7,0
2025-07-03,Omeprazole 20mg,0.0,3,7,0
2025-07-03,Pantoprazole 40mg,0.0,3,7,0
2025-07-03,Paracetamol 500mg,0.0,3,7,0
2025-07-03,Prednisolone 10mg,7.0,3,7,0
2025-07-03,Ranitidine 150mg,0.0,3,7,0
2025-07-03,Salbutamol Inhaler,0.0,3,7,0
2025-07-03,Surgical Gloves,0.0,3,7,0
2025-07-03,Tetanus Toxoid,0.0,3,7,0
2025-07-03,Thermometer,0.0,3,7,0
2025-07-03,Thyroxine 50mcg,0.0,3,7,0
2025-07-03,Vitamin C Tablets,0.0,3,7,0
2025-07-03,Volini Gel,0.0,3,7,0
2025-07-03,Zincovit,0.0,3,7,0
2025-07-04,Allegra 120mg,0.0,4,7,0
2025-07-04,Amlodipine 5mg,0.0,4,7,0
2025-07-04,Amoxicillin 250mg,0.0,4,7,0
2025-07-04,Atorvastatin 10mg,0.0,4,7,0
2025-07-04,Avil 25mg,0.0,4,7,0
2025-07-04,Azithromycin 500mg,0.0,4,7,0
2025-07-04,Bandage Roll,0.0,4,7,0
2025-07-04,Becosules,0.0,4,7,0
2025-07-04,Betadine Ointment,0.0,4,7,0
2025-07-04,Calpol 500mg,0.0,4,7,0
2025-07-04,Cetirizine 10mg,0.0,4,7,0
2025-07-04,Chlorpheniramine,0.0,4,7,0
2025-07-04,Ciprofloxacin 500mg,0.0,4,7,0
2025-07-04,Clotrimazole Cream,0.0,4,7,0
2025-07-04,Combiflam,0.0,4,7,0
2025-07-04,Crocin Advance,0.0,4,7,0
2025-07-04,Dexamethasone 4mg,0.0,4,7,0
2025-07-04,Digene,0.0,4,7,0
2025-07-04,Disprin,0.0,4,7,0
2025-07-04,Dolo 650mg,0.0,4,7,0
2025-07-04,Domperidone 10mg,0.0,4,7,0
2025-07-04,Erythromycin 250mg,0.0,4,7,0
2025-07-04,Glibenclamide 5mg,0.0,4,7,0
2025-07-04,Hand Sanitizer,0.0,4,7,0
2025-07-04,Hydroxychloroquine 200mg,0.0,4,7,0
2025-07-04,Ibuprofen 400mg,0.0,4,7,0
2025-07-04,Insulin 30/70,3.0,4,7,0
2025-07-04,Ivermectin 12mg,0.0,4,7,0
2025-07-04,Levocetirizine 5mg,0.0,4,7,0
2025-07-04,Loperamide 2mg,0.0,4,7,0
2025-07-04,Losartan 50mg,0.0,4,7,0
2025-07-04,Metformin 500mg,0.0,4,7,0
2025-07-04,Montelukast 10mg,0.0,4,7,0
2025-07-04,Multivitamin Syrup,6.0,4,7,0
2025-07-04,N95 Mask,4.0,4,7,0
2025-07-04,Nicotine Patch,5.0,4,7,0
2025-07-04,ORS Sachet,0.0,4,7,0
2025-07-04,Omeprazole 20mg,0.0,4,7,0
2025-07-04,Pantoprazole 40mg,0.0,4,7,0
2025-07-04,Paracetamol 500mg,0.0,4,7,0
2025-07-04,Prednisolone 10mg,0.0,4,7,0
2025-07-04,Ranitidine 150mg,6.0,4,7,0
2025-07-04,Salbutamol Inhaler,0.0,4,7,0
2025-07-04,Surgical Gloves,0.0,4,7,0
2025-07-04,Tetanus Toxoid,0.0,4,7,0
2025-07-04,Thermometer,5.0,4,7,0
2025-07-04,Thyroxine 50mcg,0.0,4,7,0
2025-07-04,Vitamin C Tablets,0.0,4,7,0
2025-07-04,Volini Gel,3.0,4,7,0
2025-07-04,Zincovit,6.0,4,7,0
2025-07-05,Allegra 120mg,0.0,5,7,1
2025-07-05,Amlodipine 5mg,0.0,5,7,1
2025-07-05,Amoxicillin 250mg,6.0,5,7,1
2025-07-05,Atorvastatin 10mg,0.0,5,7,1
2025-07-05,Avil 25mg,0.0,5,7,1
2025-07-05,Azithromycin 500mg,0.0,5,7,1
2025-07-05,Bandage Roll,0.0,5,7,1
2025-07-05,Becosules,0.0,5,7,1
2025-07-05,Betadine Ointment,0.0,5,7,1
2025-07-05,Calpol 500mg,3.0,5,7,1
2025-07-05,Cetirizine 10mg,0.0,5,7,1
2025-07-05,Chlorpheniramine,0.0,5,7,1
2025-07-05,Ciprofloxacin 500mg,0.0,5,7,1
2025-07-05,Clotrimazole Cream,4.0,5,7,1
2025-07-05,Combiflam,0.0,5,7,1
2025-07-05,Crocin Advance,0.0,5,7,1
2025-07-05,Dexamethasone 4mg,0.0,5,7,1
2025-07-05,Digene,0.0,5,7,1
2025-07-05,Disprin,0.0,5,7,1
2025-07-05,Dolo 650mg,0.0,5,7,1
2025-07-05,Domperidone 10mg,0.0,5,7,1
2025-07-05,Erythromycin 250mg,8.0,5,7,1
2025-07-05,Glibenclamide 5mg,0.0,5,7,1
2025-07-05,Hand Sanitizer,5.0,5,7,1
2025-07-05,Hydroxychloroquine 200mg,0.0,5,7,1
2025-07-05,Ibuprofen 400mg,0.0,5,7,1
2025-07-05,Insulin 30/70,0.0,5,7,1
2025-07-05,Ivermectin 12mg,0.0,5,7,1
2025-07-05,Levocetirizine 5mg,0.0,5,7,1
2025-07-05,Loperamide 2mg,0.0,5,7,1
2025-07-05,Losartan 50mg,0.0,5,7,1
2025-07-05,Metformin 500mg,0.0,5,7,1
2025-07-05,Montelukast 10mg,15.0,5,7,1
2025-07-05,Multivitamin Syrup,0.0,5,7,1
2025-07-05,N95 Mask,0.0,5,7,1
2025-07-05,Nicotine Patch,0.0,5,7,1
2025-07-05,ORS Sachet,0.0,5,7,1
2025-07-05,Omeprazole 20mg,1.0,5,7,1
2025-07-05,Pantoprazole 40mg,0.0,5,7,1
2025-07-05,Paracetamol 500mg,0.0,5,7,1
2025-07-05,Prednisolone 10mg,0.0,5,7,1
2025-07-05,Ranitidine 150mg,0.0,5,7,1
2025-07-05,Salbutamol Inhaler,0.0,5,7,1
2025-07-05,Surgical Gloves,0.0,5,7,1
2025-07-05,Tetanus Toxoid,8.0,5,7,1
2025-07-05,Thermometer,0.0,5,7,1
2025-07-05,Thyroxine 50mcg,0.0,5,7,1
2025-07-05,Vitamin C Tablets,0.0,5,7,1
2025-07-05,Volini Gel,0.0,5,7,1
2025-07-05,Zincovit,0.0,5,7,1
2025-07-06,Allegra 120mg,10.0,6,7,1
2025-07-06,Amlodipine 5mg,0.0,6,7,1
2025-07-06,Amoxicillin 250mg,0.0,6,7,1
2025-07-06,Atorvastatin 10mg,9.0,6,7,1
2025-07-06,Avil 25mg,0.0,6,7,1
2025-07-06,Azithromycin 500mg,0.0,6,7,1
2025-07-06,Bandage Roll,0.0,6,7,1
2025-07-06,Becosules,9.0,6,7,1
2025-07-06,Betadine Ointment,0.0,6,7,1
2025-07-06,Calpol 500mg,4.0,6,7,1
2025-07-06,Cetirizine 10mg,0.0,6,7,1
2025-07-06,Chlorpheniramine,0.0,6,7,1
2025-07-06,Ciprofloxacin 500mg,0.0,6,7,1
2025-07-06,Clotrimazole Cream,0.0,6,7,1
2025-07-06,Combiflam,0.0,6,7,1
2025-07-06,Crocin Advance,0.0,6,7,1
2025-07-06,Dexamethasone 4mg,0.0,6,7,1
2025-07-06,Digene,0.0,6,7,1
2025-07-06,Disprin,0.0,6,7,1
2025-07-06,Dolo 650mg,0.0,6,7,1
2025-07-06,Domperidone 10mg,0.0,6,7,1
2025-07-06,Erythromycin 250mg,0.0,6,7,1
2025-07-06,Glibenclamide 5mg,0.0,6,7,1
2025-07-06,Hand Sanitizer,0.0,6,7,1
2025-07-06,Hydroxychloroquine 200mg,0.0,6,7,1
2025-07-06,Ibuprofen 400mg,0.0,6,7,1
2025-07-06,Insulin 30/70,0.0,6,7,1
2025-07-06,Ivermectin 12mg,0.0,6,7,1
2025-07-06,Levocetirizine 5mg,0.0,6,7,1
2025-07-06,Loperamide 2mg,5.0,6,7,1
2025-07-06,Losartan 50mg,0.0,6,7,1
2025-07-06,Metformin 500mg,0.0,6,7,1
2025-07-06,Montelukast 10mg,0.0,6,7,1
2025-07-06,Multivitamin Syrup,0.0,6,7,1
2025-07-06,N95 Mask,1.0,6,7,1
2025-07-06,Nicotine Patch,0.0,6,7,1
2025-07-06,ORS Sachet,0.0,6,7,1
2025-07-06,Omeprazole 20mg,0.0,6,7,1
2025-07-06,Pantoprazole 40mg,0.0,6,7,1
2025-07-06,Paracetamol 500mg,0.0,6,7,1
2025-07-06,Prednisolone 10mg,0.0,6,7,1
2025-07-06,Ranitidine 150mg,3.0,6,7,1
2025-07-06,Salbutamol Inhaler,0.0,6,7,1
2025-07-06,Surgical Gloves,0.0,6,7,1
2025-07-06,Tetanus Toxoid,0.0,6,7,1
2025-07-06,Thermometer,0.0,6,7,1
2025-07-06,Thyroxine 50mcg,0.0,6,7,1
2025-07-06,Vitamin C Tablets,0.0,6,7,1
2025-07-06,Volini Gel,0.0,6,7,1
2025-07-06,Zincovit,0.0,6,7,1
2025-07-07,Allegra 120mg,0.0,0,7,0
2025-07-07,Amlodipine 5mg,0.0,0,7,0
2025-07-07,Amoxicillin 250mg,0.0,0,7,0
2025-07-07,Atorvastatin 10mg,7.0,0,7,0
2025-07-07,Avil 25mg,0.0,0,7,0
2025-07-07,Azithromycin 500mg,0.0,0,7,0
2025-07-07,Bandage Roll,0.0,0,7,0
2025-07-07,Becosules,0.0,0,7,0
2025-07-07,Betadine Ointment,0.0,0,7,0
2025-07-07,Calpol 500mg,0.0,0,7,0
2025-07-07,Cetirizine 10mg,0.0,0,7,0
2025-07-07,Chlorpheniramine,0.0,0,7,0
2025-07-07,Ciprofloxacin 500mg,9.0,0,7,0
2025-07-07,Clotrimazole Cream,0.0,0,7,0
2025-07-07,Combiflam,0.0,0,7,0
2025-07-07,Crocin Advance,0.0,0,7,0
2025-07-07,Dexamethasone 4mg,5.0,0,7,0
2025-07-07,Digene,0.0,0,7,0
2025-07-07,Disprin,6.0,0,7,0
2025-07-07,Dolo 650mg,0.0,0,7,0
2025-07-07,Domperidone 10mg,0.0,0,7,0
2025-07-07,Erythromycin 250mg,0.0,0,7,0
2025-07-07,Glibenclamide 5mg,0.0,0,7,0
2025-07-07,Hand Sanitizer,0.0,0,7,0
2025-07-07,Hydroxychloroquine 200mg,0.0,0,7,0
2025-07-07,Ibuprofen 400mg,0.0,0,7,0
2025-07-07,Insulin 30/70,0.0,0,7,0
2025-07-07,Ivermectin 12mg,0.0,0,7,0
2025-07-07,Levocetirizine 5mg,0.0,0,7,0
2025-07-07,Loperamide 2mg,0.0,0,7,0
2025-07-07,Losartan 50mg,0.0,0,7,0
2025-07-07,Metformin 500mg,0.0,0,7,0
2025-07-07,Montelukast 10mg,0.0,0,7,0
2025-07-07,Multivitamin Syrup,0.0,0,7,0
2025-07-07,N95 Mask,0.0,0,7,0
2025-07-07,Nicotine Patch,0.0,0,7,0
2025-07-07,ORS Sachet,0.0,0,7,0
2025-07-07,Omeprazole 20mg,0.0,0,7,0
2025-07-07,Pantoprazole 40mg,0.0,0,7,0
2025-07-07,Paracetamol 500mg,0.0,0,7,0
2025-07-07,Prednisolone 10mg,0.0,0,7,0
2025-07-07,Ranitidine 150mg,0.0,0,7,0
2025-07-07,Salbutamol Inhaler,0.0,0,7,0
2025-07-07,Surgical Gloves,7.0,0,7,0
2025-07-07,Tetanus Toxoid,5.0,0,7,0
2025-07-07,Thermometer,0.0,0,7,0
2025-07-07,Thyroxine 50mcg,0.0,0,7,0
2025-07-07,Vitamin C Tablets,0.0,0,7,0
2025-07-07,Volini Gel,0.0,0,7,0
2025-07-07,Zincovit,0.0,0,7,0
2025-07-08,Allegra 120mg,0.0,1,7,0
2025-07-08,Amlodipine 5mg,0.0,1,7,0
2025-07-08,Amoxicillin 250mg,0.0,1,7,0
2025-07-08,Atorvastatin 10mg,0.0,1,7,0
2025-07-08,Avil 25mg,0.0,1,7,0
2025-07-08,Azithromycin 500mg,2.0,1,7,0
2025-07-08,Bandage Roll,0.0,1,7,0
2025-07-08,Becosules,0.0,1,7,0
2025-07-08,Betadine Ointment,0.0,1,7,0
2025-07-08,Calpol 500mg,0.0,1,7,0
2025-07-08,Cetirizine 10mg,0.0,1,7,0
2025-07-08,Chlorpheniramine,4.0,1,7,0
2025-07-08,Ciprofloxacin 500mg,0.0,1,7,0
2025-07-08,Clotrimazole Cream,0.0,1,7,0
2025-07-08,Combiflam,0.0,1,7,0
2025-07-08,Crocin Advance,0.0,1,7,0
2025-07-08,Dexamethasone 4mg,0.0,1,7,0
2025-07-08,Digene,0.0,1,7,0
2025-07-08,Disprin,0.0,1,7,0
2025-07-08,Dolo 650mg,4.0,1,7,0
2025-07-08,Domperidone 10mg,0.0,1,7,0
2025-07-08,Erythromycin 250mg,0.0,1,7,0
2025-07-08,Glibenclamide 5mg,0.0,1,7,0
2025-07-08,Hand Sanitizer,4.0,1,7,0
2025-07-08,Hydroxychloroquine 200mg,0.0,1,7,0
2025-07-08,Ibuprofen 400mg,0.0,1,7,0
2025-07-08,Insulin 30/70,0.0,1,7,0
2025-07-08,Ivermectin 12mg,0.0,1,7,0
2025-07-08,Levocetirizine 5mg,0.0,1,7,0
2025-07-08,Loperamide 2mg,0.0,1,7,0
2025-07-08,Losartan 50mg,0.0,1,7,0
2025-07-08,Metformin 500mg,0.0,1,7,0
2025-07-08,Montelukast 10mg,0.0,1,7,0
2025-07-08,Multivitamin Syrup,0.0,1,7,0
2025-07-08,N95 Mask,4.0,1,7,0
2025-07-08,Nicotine Patch,0.0,1,7,0
2025-07-08,ORS Sachet,0.0,1,7,0
2025-07-08,Omeprazole 20mg,0.0,1,7,0
2025-07-08,Pantoprazole 40mg,0.0,1,7,0
2025-07-08,Paracetamol 500mg,0.0,1,7,0
2025-07-08,Prednisolone 10mg,0.0,1,7,0
2025-07-08,Ranitidine 150mg,0.0,1,7,0
2025-07-08,Salbutamol Inhaler,0.0,1,7,0
2025-07-08,Surgical Gloves,8.0,1,7,0
2025-07-08,Tetanus Toxoid,0.0,1,7,0
2025-07-08,Thermometer,0.0,1,7,0
2025-07-08,Thyroxine 50mcg,0.0,1,7,0
2025-07-08,Vitamin C Tablets,0.0,1,7,0
2025-07-08,Volini Gel,2.0,1,7,0
2025-07-08,Zincovit,0.0,1,7,0
2025-07-09,Allegra 120mg,0.0,2,7,0
2025-07-09,Amlodipine 5mg,0.0,2,7,0
2025-07-09,Amoxicillin 250mg,0.0,2,7,0
2025-07-09,Atorvastatin 10mg,0.0,2,7,0
2025-07-09,Avil 25mg,0.0,2,7,0
2025-07-09,Azithromycin 500mg,5.0,2,7,0
2025-07-09,Bandage Roll,0.0,2,7,0
2025-07-09,Becosules,0.0,2,7,0
2025-07-09,Betadine Ointment,2.0,2,7,0
2025-07-09,Calpol 500mg,0.0,2,7,0
2025-07-09,Cetirizine 10mg,0.0,2,7,0
2025-07-09,Chlorpheniramine,0.0,2,7,0
2025-07-09,Ciprofloxacin 500mg,0.0,2,7,0
2025-07-09,Clotrimazole Cream,0.0,2,7,0
2025-07-09,Combiflam,0.0,2,7,0
2025-07-09,Crocin Advance,2.0,2,7,0
2025-07-09,Dexamethasone 4mg,0.0,2,7,0
2025-07-09,Digene,0.0,2,7,0
2025-07-09,Disprin,0.0,2,7,0
2025-07-09,Dolo 650mg,0.0,2,7,0
2025-07-09,Domperidone 10mg,9.0,2,7,0
2025-07-09,Erythromycin 250mg,0.0,2,7,0
2025-07-09,Glibenclamide 5mg,0.0,2,7,0
2025-07-09,Hand Sanitizer,0.0,2,7,0
2025-07-09,Hydroxychloroquine 200mg,0.0,2,7,0
2025-07-09,Ibuprofen 400mg,0.0,2,7,0
2025-07-09,Insulin 30/70,0.0,2,7,0
2025-07-09,Ivermectin 12mg,0.0,2,7,0
2025-07-09,Levocetirizine 5mg,0.0,2,7,0
2025-07-09,Loperamide 2mg,0.0,2,7,0
2025-07-09,Losartan 50mg,0.0,2,7,0
2025-07-09,Metformin 500mg,0.0,2,7,0
2025-07-09,Montelukast 10mg,0.0,2,7,0
2025-07-09,Multivitamin Syrup,0.0,2,7,0
2025-07-09,N95 Mask,0.0,2,7,0
2025-07-09,Nicotine Patch,0.0,2,7,0
2025-07-09,ORS Sachet,0.0,2,7,0
2025-07-09,Omeprazole 20mg,0.0,2,7,0
2025-07-09,Pantoprazole 40mg,0.0,2,7,0
2025-07-09,Paracetamol 500mg,0.0,2,7,0
2025-07-09,Prednisolone 10mg,0.0,2,7,0
2025-07-09,Ranitidine 150mg,0.0,2,7,0
2025-07-09,Salbutamol Inhaler,0.0,2,7,0
2025-07-09,Surgical Gloves,5.0,2,7,0
2025-07-09,Tetanus Toxoid,7.0,2,7,0
2025-07-09,Thermometer,0.0,2,7,0
2025-07-09,Thyroxine 50mcg,3.0,2,7,0
2025-07-09,Vitamin C Tablets,0.0,2,7,0
2025-07-09,Volini Gel,0.0,2,7,0
2025-07-09,Zincovit,5.0,2,7,0
2025-07-10,Allegra 120mg,0.0,3,7,0
2025-07-10,Amlodipine 5mg,0.0,3,7,0
2025-07-10,Amoxicillin 250mg,3.0,3,7,0
2025-07-10,Atorvastatin 10mg,0.0,3,7,0
2025-07-10,Avil 25mg,0.0,3,7,0
2025-07-10,Azithromycin 500mg,0.0,3,7,0
2025-07-10,Bandage Roll,0.0,3,7,0
2025-07-10,Becosules,0.0,3,7,0
2025-07-10,Betadine Ointment,0.0,3,7,0
2025-07-10,Calpol 500mg,0.0,3,7,0
2025-07-10,Cetirizine 10mg,0.0,3,7,0
2025-07-10,Chlorpheniramine,0.0,3,7,0
2025-07-10,Ciprofloxacin 500mg,0.0,3,7,0
2025-07-10,Clotrimazole Cream,0.0,3,7,0
2025-07-10,Combiflam,0.0,3,7,0
2025-07-10,Crocin Advance,0.0,3,7,0
2025-07-10,Dexamethasone 4mg,10.0,3,7,0
2025-07-10,Digene,0.0,3,7,0
2025-07-10,Disprin,0.0,3,7,0
2025-07-10,Dolo 650mg,0.0,3,7,0
2025-07-10,Domperidone 10mg,0.0,3,7,0
2025-07-10,Erythromycin 250mg,0.0,3,7,0
2025-07-10,Glibenclamide 5mg,0.0,3,7,0
2025-07-10,Hand Sanitizer,0.0,3,7,0
2025-07-10,Hydroxychloroquine 200mg,0.0,3,7,0
2025-07-10,Ibuprofen 400mg,9.0,3,7,0
2025-07-10,Insulin 30/70,0.0,3,7,0
2025-07-10,Ivermectin 12mg,0.0,3,7,0
2025-07-10,Levocetirizine 5mg,0.0,3,7,0
2025-07-10,Loperamide 2mg,0.0,3,7,0
2025-07-10,Losartan 50mg,5.0,3,7,0
2025-07-10,Metformin 500mg,0.0,3,7,0
2025-07-10,Montelukast 10mg,15.0,3,7,0
2025-07-10,Multivitamin Syrup,0.0,3,7,0
2025-07-10,N95 Mask,0.0,3,7,0
2025-07-10,Nicotine Patch,0.0,3,7,0
2025-07-10,ORS Sachet,0.0,3,7,0
2025-07-10,Omeprazole 20mg,0.0,3,7,0
2025-07-10,Pantoprazole 40mg,5.0,3,7,0
2025-07-10,Paracetamol 500mg,5.0,3,7,0
2025-07-10,Prednisolone 10mg,0.0,3,7,0
2025-07-10,Ranitidine 150mg,0.0,3,7,0
2025-07-10,Salbutamol Inhaler,0.0,3,7,0
2025-07-10,Surgical Gloves,0.0,3,7,0
2025-07-10,Tetanus Toxoid,0.0,3,7,0
2025-07-10,Thermometer,0.0,3,7,0
2025-07-10,Thyroxine 50mcg,0.0,3,7,0
2025-07-10,Vitamin C Tablets,0.0,3,7,0
2025-07-10,Volini Gel,0.0,3,7,0
2025-07-10,Zincovit,0.0,3,7,0
2025-07-11,Allegra 120mg,0.0,4,7,0
2025-07-11,Amlodipine 5mg,0.0,4,7,0
2025-07-11,Amoxicillin 250mg,0.0,4,7,0
2025-07-11,Atorvastatin 10mg,0.0,4,7,0
2025-07-11,Avil 25mg,0.0,4,7,0
2025-07-11,Azithromycin 500mg,0.0,4,7,0
2025-07-11,Bandage Roll,0.0,4,7,0
2025-07-11,Becosules,0.0,4,7,0
2025-07-11,Betadine Ointment,0.0,4,7,0
2025-07-11,Calpol 500mg,0.0,4,7,0
2025-07-11,Cetirizine 10mg,4.0,4,7,0
2025-07-11,Chlorpheniramine,0.0,4,7,0
2025-07-11,Ciprofloxacin 500mg,0.0,4,7,0
2025-07-11,Clotrimazole Cream,0.0,4,7,0
2025-07-11,Combiflam,0.0,4,7,0
2025-07-11,Crocin Advance,0.0,4,7,0
2025-07-11,Dexamethasone 4mg,0.0,4,7,0
2025-07-11,Digene,0.0,4,7,0
2025-07-11,Disprin,7.0,4,7,0
2025-07-11,Dolo 650mg,0.0,4,7,0
2025-07-11,Domperidone 10mg,0.0,4,7,0
2025-07-11,Erythromycin 250mg,0.0,4,7,0
2025-07-11,Glibenclamide 5mg,0.0,4,7,0
2025-07-11,Hand Sanitizer,0.0,4,7,0
2025-07-11,Hydroxychloroquine 200mg,0.0,4,7,0
2025-07-11,Ibuprofen 400mg,7.0,4,7,0
2025-07-11,Insulin 30/70,0.0,4,7,0
2025-07-11,Ivermectin 12mg,0.0,4,7,0
2025-07-11,Levocetirizine 5mg,0.0,4,7,0
2025-07-11,Loperamide 2mg,3.0,4,7,0
2025-07-11,Losartan 50mg,0.0,4,7,0
2025-07-11,Metformin 500mg,10.0,4,7,0
2025-07-11,Montelukast 10mg,0.0,4,7,0
2025-07-11,Multivitamin Syrup,0.0,4,7,0
2025-07-11,N95 Mask,0.0,4,7,0
2025-07-11,Nicotine Patch,0.0,4,7,0
2025-07-11,ORS Sachet,0.0,4,7,0
2025-07-11,Omeprazole 20mg,0.0,4,7,0
2025-07-11,Pantoprazole 40mg,0.0,4,7,0
2025-07-11,Paracetamol 500mg,0.0,4,7,0
2025-07-11,Prednisolone 10mg,0.0,4,7,0
2025-07-11,Ranitidine 150mg,0.0,4,7,0
2025-07-11,Salbutamol Inhaler,6.0,4,7,0
2025-07-11,Surgical Gloves,0.0,4,7,0
2025-07-11,Tetanus Toxoid,0.0,4,7,0
2025-07-11,Thermometer,0.0,4,7,0
2025-07-11,Thyroxine 50mcg,0.0,4,7,0
2025-07-11,Vitamin C Tablets,0.0,4,7,0
2025-07-11,Volini Gel,0.0,4,7,0
2025-07-11,Zincovit,0.0,4,7,0
2025-07-12,Allegra 120mg,0.0,5,7,1
2025-07-12,Amlodipine 5mg,0.0,5,7,1
2025-07-12,Amoxicillin 250mg,0.0,5,7,1
2025-07-12,Atorvastatin 10mg,0.0,5,7,1
2025-07-12,Avil 25mg,0.0,5,7,1
2025-07-12,Azithromycin 500mg,8.0,5,7,1
2025-07-12,Bandage Roll,0.0,5,7,1
2025-07-12,Becosules,0.0,5,7,1
2025-07-12,Betadine Ointment,0.0,5,7,1
2025-07-12,Calpol 500mg,0.0,5,7,1
2025-07-12,Cetirizine 10mg,0.0,5,7,1
2025-07-12,Chlorpheniramine,0.0,5,7,1
2025-07-12,Ciprofloxacin 500mg,0.0,5,7,1
2025-07-12,Clotrimazole Cream,10.0,5,7,1
2025-07-12,Combiflam,0.0,5,7,1
2025-07-12,Crocin Advance,4.0,5,7,1
2025-07-12,Dexamethasone 4mg,0.0,5,7,1
2025-07-12,Digene,0.0,5,7,1
2025-07-12,Disprin,0.0,5,7,1
2025-07-12,Dolo 650mg,0.0,5,7,1
2025-07-12,Domperidone 10mg,4.0,5,7,1
2025-07-12,Erythromycin 250mg,0.0,5,7,1
2025-07-12,Glibenclamide 5mg,0.0,5,7,1
2025-07-12,Hand Sanitizer,0.0,5,7,1
2025-07-12,Hydroxychloroquine 200mg,0.0,5,7,1
2025-07-12,Ibuprofen 400mg,9.0,5,7,1
2025-07-12,Insulin 30/70,0.0,5,7,1
2025-07-12,Ivermectin 12mg,0.0,5,7,1
2025-07-12,Levocetirizine 5mg,0.0,5,7,1
2025-07-12,Loperamide 2mg,0.0,5,7,1
2025-07-12,Losartan 50mg,11.0,5,7,1
2025-07-12,Metformin 500mg,0.0,5,7,1
2025-07-12,Montelukast 10mg,0.0,5,7,1
2025-07-12,Multivitamin Syrup,5.0,5,7,1
2025-07-12,N95 Mask,0.0,5,7,1
2025-07-12,Nicotine Patch,0.0,5,7,1
2025-07-12,ORS Sachet,0.0,5,7,1
2025-07-12,Omeprazole 20mg,0.0,5,7,1
2025-07-12,Pantoprazole 40mg,0.0,5,7,1
2025-07-12,Paracetamol 500mg,0.0,5,7,1
2025-07-12,Prednisolone 10mg,0.0,5,7,1
2025-07-12,Ranitidine 150mg,0.0,5,7,1
2025-07-12,Salbutamol Inhaler,0.0,5,7,1
2025-07-12,Surgical Gloves,0.0,5,7,1
2025-07-12,Tetanus Toxoid,0.0,5,7,1
2025-07-12,Thermometer,0.0,5,7,1
2025-07-12,Thyroxine 50mcg,0.0,5,7,1
2025-07-12,Vitamin C Tablets,0.0,5,7,1
2025-07-12,Volini Gel,0.0,5,7,1
2025-07-12,Zincovit,0.0,5,7,1
2025-07-13,Allegra 120mg,3.0,6,7,1
2025-07-13,Amlodipine 5mg,0.0,6,7,1
2025-07-13,Amoxicillin 250mg,0.0,6,7,1
2025-07-13,Atorvastatin 10mg,0.0,6,7,1
2025-07-13,Avil 25mg,0.0,6,7,1
2025-07-13,Azithromycin 500mg,0.0,6,7,1
2025-07-13,Bandage Roll,0.0,6,7,1
2025-07-13,Becosules,0.0,6,7,1
2025-07-13,Betadine Ointment,0.0,6,7,1
2025-07-13,Calpol 500mg,0.0,6,7,1
2025-07-13,Cetirizine 10mg,0.0,6,7,1
2025-07-13,Chlorpheniramine,0.0,6,7,1
2025-07-13,Ciprofloxacin 500mg,0.0,6,7,1
2025-07-13,Clotrimazole Cream,0.0,6,7,1
2025-07-13,Combiflam,0.0,6,7,1
2025-07-13,Crocin Advance,0.0,6,7,1
2025-07-13,Dexamethasone 4mg,0.0,6,7,1
2025-07-13,Digene,0.0,6,7,1
2025-07-13,Disprin,0.0,6,7,1
2025-07-13,Dolo 650mg,0.0,6,7,1
2025-07-13,Domperidone 10mg,0.0,6,7,1
2025-07-13,Erythromycin 250mg,0.0,6,7,1
2025-07-13,Glibenclamide 5mg,0.0,6,7,1
2025-07-13,Hand Sanitizer,0.0,6,7,1
2025-07-13,Hydroxychloroquine 200mg,0.0,6,7,1
2025-07-13,Ibuprofen 400mg,0.0,6,7,1
2025-07-13,Insulin 30/70,0.0,6,7,1
2025-07-13,Ivermectin 12mg,0.0,6,7,1
2025-07-13,Levocetirizine 5mg,0.0,6,7,1
2025-07-13,Loperamide 2mg,0.0,6,7,1
2025-07-13,Losartan 50mg,0.0,6,7,1
2025-07-13,Metformin 500mg,0.0,6,7,1
2025-07-13,Montelukast 10mg,0.0,6,7,1
2025-07-13,Multivitamin Syrup,10.0,6,7,1
2025-07-13,N95 Mask,4.0,6,7,1
2025-07-13,Nicotine Patch,0.0,6,7,1
2025-07-13,ORS Sachet,0.0,6,7,1
2025-07-13,Omeprazole 20mg,0.0,6,7,1
2025-07-13,Pantoprazole 40mg,0.0,6,7,1
2025-07-13,Paracetamol 500mg,0.0,6,7,1
2025-07-13,Prednisolone 10mg,0.0,6,7,1
2025-07-13,Ranitidine 150mg,0.0,6,7,1
2025-07-13,Salbutamol Inhaler,0.0,6,7,1
2025-07-13,Surgical Gloves,5.0,6,7,1
2025-07-13,Tetanus Toxoid,5.0,6,7,1
2025-07-13,Thermometer,6.0,6,7,1
2025-07-13,Thyroxine 50mcg,0.0,6,7,1
2025-07-13,Vitamin C Tablets,0.0,6,7,1
2025-07-13,Volini Gel,0.0,6,7,1
2025-07-13,Zincovit,0.0,6,7,1
2025-07-14,Allegra 120mg,0.0,0,7,0
2025-07-14,Amlodipine 5mg,0.0,0,7,0
2025-07-14,Amoxicillin 250mg,0.0,0,7,0
2025-07-14,Atorvastatin 10mg,0.0,0,7,0
2025-07-14,Avil 25mg,1.0,0,7,0
2025-07-14,Azithromycin 500mg,0.0,0,7,0
2025-07-14,Bandage Roll,0.0,0,7,0
2025-07-14,Becosules,0.0,0,7,0
2025-07-14,Betadine Ointment,0.0,0,7,0
2025-07-14,Calpol 500mg,0.0,0,7,0
2025-07-14,Cetirizine 10mg,2.0,0,7,0
2025-07-14,Chlorpheniramine,0.0,0,7,0
2025-07-14,Ciprofloxacin 500mg,7.0,0,7,0
2025-07-14,Clotrimazole Cream,9.0,0,7,0
2025-07-14,Combiflam,0.0,0,7,0
2025-07-14,Crocin Advance,0.0,0,7,0
2025-07-14,Dexamethasone 4mg,5.0,0,7,0
2025-07-14,Digene,0.0,0,7,0
2025-07-14,Disprin,0.0,0,7,0
2025-07-14,Dolo 650mg,0.0,0,7,0
2025-07-14,Domperidone 10mg,0.0,0,7,0
2025-07-14,Erythromycin 250mg,0.0,0,7,0
2025-07-14,Glibenclamide 5mg,0.0,0,7,0
2025-07-14,Hand Sanitizer,0.0,0,7,0
2025-07-14,Hydroxychloroquine 200mg,0.0,0,7,0
2025-07-14,Ibuprofen 400mg,0.0,0,7,0
2025-07-14,Insulin 30/70,11.0,0,7,0
2025-07-14,Ivermectin 12mg,0.0,0,7,0
2025-07-14,Levocetirizine 5mg,0.0,0,7,0
2025-07-14,Loperamide 2mg,0.0,0,7,0
2025-07-14,Losartan 50mg,10.0,0,7,0
2025-07-14,Metformin 500mg,0.0,0,7,0
2025-07-14,Montelukast 10mg,0.0,0,7,0
2025-07-14,Multivitamin Syrup,0.0,0,7,0
2025-07-14,N95 Mask,0.0,0,7,0
2025-07-14,Nicotine Patch,0.0,0,7,0
2025-07-14,ORS Sachet,0.0,0,7,0
2025-07-14,Omeprazole 20mg,0.0,0,7,0
2025-07-14,Pantoprazole 40mg,0.0,0,7,0
2025-07-14,Paracetamol 500mg,0.0,0,7,0
2025-07-14,Prednisolone 10mg,0.0,0,7,0
2025-07-14,Ranitidine 150mg,0.0,0,7,0
2025-07-14,Salbutamol Inhaler,0.0,0,7,0
2025-07-14,Surgical Gloves,0.0,0,7,0
2025-07-14,Tetanus Toxoid,0.0,0,7,0
2025-07-14,Thermometer,0.0,0,7,0
2025-07-14,Thyroxine 50mcg,0.0,0,7,0
2025-07-14,Vitamin C Tablets,5.0,0,7,0
2025-07-14,Volini Gel,0.0,0,7,0
2025-07-14,Zincovit,6.0,0,7,0
2025-07-15,Allegra 120mg,0.0,1,7,0
2025-07-15,Amlodipine 5mg,0.0,1,7,0
2025-07-15,Amoxicillin 250mg,0.0,1,7,0
2025-07-15,Atorvastatin 10mg,0.0,1,7,0
2025-07-15,Avil 25mg,0.0,1,7,0
2025-07-15,Azithromycin 500mg,0.0,1,7,0
2025-07-15,Bandage Roll,0.0,1,7,0
2025-07-15,Becosules,0.0,1,7,0
2025-07-15,Betadine Ointment,1.0,1,7,0
2025-07-15,Calpol 500mg,0.0,1,7,0
2025-07-15,Cetirizine 10mg,0.0,1,7,0
2025-07-15,Chlorpheniramine,0.0,1,7,0
2025-07-15,Ciprofloxacin 500mg,0.0,1,7,0
2025-07-15,Clotrimazole Cream,3.0,1,7,0
2025-07-15,Combiflam,7.0,1,7,0
2025-07-15,Crocin Advance,0.0,1,7,0
2025-07-15,Dexamethasone 4mg,0.0,1,7,0
2025-07-15,Digene,0.0,1,7,0
2025-07-15,Disprin,3.0,1,7,0
2025-07-15,Dolo 650mg,0.0,1,7,0
2025-07-15,Domperidone 10mg,0.0,1,7,0
2025-07-15,Erythromycin 250mg,0.0,1,7,0
2025-07-15,Glibenclamide 5mg,6.0,1,7,0
2025-07-15,Hand Sanitizer,0.0,1,7,0
2025-07-15,Hydroxychloroquine 200mg,0.0,1,7,0
2025-07-15,Ibuprofen 400mg,0.0,1,7,0
2025-07-15,Insulin 30/70,0.0,1,7,0
2025-07-15,Ivermectin 12mg,0.0,1,7,0
2025-07-15,Levocetirizine 5mg,0.0,1,7,0
2025-07-15,Loperamide 2mg,0.0,1,7,0
2025-07-15,Losartan 50mg,0.0,1,7,0
2025-07-15,Metformin 500mg,0.0,1,7,0
2025-07-15,Montelukast 10mg,0.0,1,7,0
2025-07-15,Multivitamin Syrup,10.0,1,7,0
2025-07-15,N95 Mask,0.0,1,7,0
2025-07-15,Nicotine Patch,0.0,1,7,0
2025-07-15,ORS Sachet,0.0,1,7,0
2025-07-15,Omeprazole 20mg,0.0,1,7,0
2025-07-15,Pantoprazole 40mg,0.0,1,7,0
2025-07-15,Paracetamol 500mg,0.0,1,7,0
2025-07-15,Prednisolone 10mg,0.0,1,7,0
2025-07-15,Ranitidine 150mg,0.0,1,7,0
2025-07-15,Salbutamol Inhaler,4.0,1,7,0
2025-07-15,Surgical Gloves,0.0,1,7,0
2025-07-15,Tetanus Toxoid,1.0,1,7,0
2025-07-15,Thermometer,0.0,1,7,0
2025-07-15,Thyroxine 50mcg,0.0,1,7,0
2025-07-15,Vitamin C Tablets,0.0,1,7,0
2025-07-15,Volini Gel,0.0,1,7,0
2025-07-15,Zincovit,0.0,1,7,0
2025-07-16,Allegra 120mg,0.0,2,7,0
2025-07-16,Amlodipine 5mg,0.0,2,7,0
2025-07-16,Amoxicillin 250mg,0.0,2,7,0
2025-07-16,Atorvastatin 10mg,0.0,2,7,0
2025-07-16,Avil 25mg,0.0,2,7,0
2025-07-16,Azithromycin 500mg,0.0,2,7,0
2025-07-16,Bandage Roll,0.0,2,7,0
2025-07-16,Becosules,0.0,2,7,0
2025-07-16,Betadine Ointment,0.0,2,7,0
2025-07-16,Calpol 500mg,0.0,2,7,0
2025-07-16,Cetirizine 10mg,0.0,2,7,0
2025-07-16,Chlorpheniramine,0.0,2,7,0
2025-07-16,Ciprofloxacin 500mg,0.0,2,7,0
2025-07-16,Clotrimazole Cream,0.0,2,7,0
2025-07-16,Combiflam,0.0,2,7,0
2025-07-16,Crocin Advance,0.0,2,7,0
2025-07-16,Dexamethasone 4mg,0.0,2,7,0
2025-07-16,Digene,0.0,2,7,0
2025-07-16,Disprin,0.0,2,7,0
2025-07-16,Dolo 650mg,12.0,2,7,0
2025-07-16,Domperidone 10mg,0.0,2,7,0
2025-07-16,Erythromycin 250mg,0.0,2,7,0
2025-07-16,Glibenclamide 5mg,0.0,2,7,0
2025-07-16,Hand Sanitizer,0.0,2,7,0
2025-07-16,Hydroxychloroquine 200mg,0.0,2,7,0
2025-07-16,Ibuprofen 400mg,0.0,2,7,0
2025-07-16,Insulin 30/70,0.0,2,7,0
2025-07-16,Ivermectin 12mg,7.0,2,7,0
2025-07-16,Levocetirizine 5mg,0.0,2,7,0
2025-07-16,Loperamide 2mg,0.0,2,7,0
2025-07-16,Losartan 50mg,0.0,2,7,0
2025-07-16,Metformin 500mg,0.0,2,7,0
2025-07-16,Montelukast 10mg,0.0,2,7,0
2025-07-16,Multivitamin Syrup,0.0,2,7,0
2025-07-16,N95 Mask,3.0,2,7,0
2025-07-16,Nicotine Patch,0.0,2,7,0
2025-07-16,ORS Sachet,7.0,2,7,0
2025-07-16,Omeprazole 20mg,0.0,2,7,0
2025-07-16,Pantoprazole 40mg,0.0,2,7,0
2025-07-16,Paracetamol 500mg,0.0,2,7,0
2025-07-16,Prednisolone 10mg,0.0,2,7,0
2025-07-16,Ranitidine 150mg,0.0,2,7,0
2025-07-16,Salbutamol Inhaler,5.0,2,7,0
2025-07-16,Surgical Gloves,0.0,2,7,0
2025-07-16,Tetanus Toxoid,0.0,2,7,0
2025-07-16,Thermometer,0.0,2,7,0
2025-07-16,Thyroxine 50mcg,0.0,2,7,0
2025-07-16,Vitamin C Tablets,0.0,2,7,0
2025-07-16,Volini Gel,5.0,2,7,0
2025-07-16,Zincovit,0.0,2,7,0
2025-07-17,Allegra 120mg,11.0,3,7,0
2025-07-17,Amlodipine 5mg,0.0,3,7,0
2025-07-17,Amoxicillin 250mg,0.0,3,7,0
2025-07-17,Atorvastatin 10mg,0.0,3,7,0
2025-07-17,Avil 25mg,10.0,3,7,0
2025-07-17,Azithromycin 500mg,0.0,3,7,0
2025-07-17,Bandage Roll,7.0,3,7,0
2025-07-17,Becosules,0.0,3,7,0
2025-07-17,Betadine Ointment,0.0,3,7,0
2025-07-17,Calpol 500mg,0.0,3,7,0
2025-07-17,Cetirizine 10mg,0.0,3,7,0
2025-07-17,Chlorpheniramine,0.0,3,7,0
2025-07-17,Ciprofloxacin 500mg,0.0,3,7,0
2025-07-17,Clotrimazole Cream,0.0,3,7,0
2025-07-17,Combiflam,0.0,3,7,0
2025-07-17,Crocin Advance,0.0,3,7,0
2025-07-17,Dexamethasone 4mg,0.0,3,7,0
2025-07-17,Digene,7.0,3,7,0
2025-07-17,Disprin,0.0,3,7,0
2025-07-17,Dolo 650mg,0.0,3,7,0
2025-07-17,Domperidone 10mg,0.0,3,7,0
2025-07-17,Erythromycin 250mg,8.0,3,7,0
2025-07-17,Glibenclamide 5mg,15.0,3,7,0
2025-07-17,Hand Sanitizer,0.0,3,7,0
2025-07-17,Hydroxychloroquine 200mg,0.0,3,7,0
2025-07-17,Ibuprofen 400mg,0.0,3,7,0
2025-07-17,Insulin 30/70,0.0,3,7,0
2025-07-17,Ivermectin 12mg,0.0,3,7,0
2025-07-17,Levocetirizine 5mg,0.0,3,7,0
2025-07-17,Loperamide 2mg,0.0,3,7,0
2025-07-17,Losartan 50mg,0.0,3,7,0
2025-07-17,Metformin 500mg,0.0,3,7,0
2025-07-17,Montelukast 10mg,0.0,3,7,0
2025-07-17,Multivitamin Syrup,0.0,3,7,0
2025-07-17,N95 Mask,0.0,3,7,0
2025-07-17,Nicotine Patch,0.0,3,7,0
2025-07-17,ORS Sachet,0.0,3,7,0
2025-07-17,Omeprazole 20mg,0.0,3,7,0
2025-07-17,Pantoprazole 40mg,0.0,3,7,0
2025-07-17,Paracetamol 500mg,0.0,3,7,0
2025-07-17,Prednisolone 10mg,0.0,3,7,0
2025-07-17,Ranitidine 150mg,0.0,3,7,0
2025-07-17,Salbutamol Inhaler,6.0,3,7,0
2025-07-17,Surgical Gloves,0.0,3,7,0
2025-07-17,Tetanus Toxoid,0.0,3,7,0
2025-07-17,Thermometer,5.0,3,7,0
2025-07-17,Thyroxine 50mcg,0.0,3,7,0
2025-07-17,Vitamin C Tablets,0.0,3,7,0
2025-07-17,Volini Gel,0.0,3,7,0
2025-07-17,Zincovit,0.0,3,7,0
2025-07-18,Allegra 120mg,0.0,4,7,0
2025-07-18,Amlodipine 5mg,0.0,4,7,0
2025-07-18,Amoxicillin 250mg,0.0,4,7,0
2025-07-18,Atorvastatin 10mg,0.0,4,7,0
2025-07-18,Avil 25mg,0.0,4,7,0
2025-07-18,Azithromycin 500mg,4.0,4,7,0
2025-07-18,Bandage Roll,9.0,4,7,0
2025-07-18,Becosules,0.0,4,7,0
2025-07-18,Betadine Ointment,0.0,4,7,0
2025-07-18,Calpol 500mg,0.0,4,7,0
2025-07-18,Cetirizine 10mg,10.0,4,7,0
2025-07-18,Chlorpheniramine,0.0,4,7,0
2025-07-18,Ciprofloxacin 500mg,0.0,4,7,0
2025-07-18,Clotrimazole Cream,3.0,4,7,0
2025-07-18,Combiflam,0.0,4,7,0
2025-07-18,Crocin Advance,0.0,4,7,0
2025-07-18,Dexamethasone 4mg,0.0,4,7,0
2025-07-18,Digene,16.0,4,7,0
2025-07-18,Disprin,0.0,4,7,0
2025-07-18,Dolo 650mg,0.0,4,7,0
2025-07-18,Domperidone 10mg,0.0,4,7,0
2025-07-18,Erythromycin 250mg,0.0,4,7,0
2025-07-18,Glibenclamide 5mg,0.0,4,7,0
2025-07-18,Hand Sanitizer,0.0,4,7,0
2025-07-18,Hydroxychloroquine 200mg,0.0,4,7,0
2025-07-18,Ibuprofen 400mg,0.0,4,7,0
2025-07-18,Insulin 30/70,0.0,4,7,0
2025-07-18,Ivermectin 12mg,0.0,4,7,0
2025-07-18,Levocetirizine 5mg,0.0,4,7,0
2025-07-18,Loperamide 2mg,0.0,4,7,0
2025-07-18,Losartan 50mg,0.0,4,7,0
2025-07-18,Metformin 500mg,0.0,4,7,0
2025-07-18,Montelukast 10mg,0.0,4,7,0
2025-07-18,Multivitamin Syrup,0.0,4,7,0
2025-07-18,N95 Mask,5.0,4,7,0
2025-07-18,Nicotine Patch,0.0,4,7,0
2025-07-18,ORS Sachet,0.0,4,7,0
2025-07-18,Omeprazole 20mg,0.0,4,7,0
2025-07-18,Pantoprazole 40mg,0.0,4,7,0
2025-07-18,Paracetamol 500mg,13.0,4,7,0
2025-07-18,Prednisolone 10mg,0.0,4,7,0
2025-07-18,Ranitidine 150mg,0.0,4,7,0
2025-07-18,Salbutamol Inhaler,0.0,4,7,0
2025-07-18,Surgical Gloves,0.0,4,7,0
2025-07-18,Tetanus Toxoid,0.0,4,7,0
2025-07-18,Thermometer,0.0,4,7,0
2025-07-18,Thyroxine 50mcg,0.0,4,7,0
2025-07-18,Vitamin C Tablets,0.0,4,7,0
2025-07-18,Volini Gel,0.0,4,7,0
2025-07-18,Zincovit,0.0,4,7,0
2025-07-19,Allegra 120mg,0.0,5,7,1
2025-07-19,Amlodipine 5mg,0.0,5,7,1
2025-07-19,Amoxicillin 250mg,0.0,5,7,1
2025-07-19,Atorvastatin 10mg,10.0,5,7,1
2025-07-19,Avil 25mg,0.0,5,7,1
2025-07-19,Azithromycin 500mg,0.0,5,7,1
2025-07-19,Bandage Roll,7.0,5,7,1
2025-07-19,Becosules,0.0,5,7,1
2025-07-19,Betadine Ointment,0.0,5,7,1
2025-07-19,Calpol 500mg,0.0,5,7,1
2025-07-19,Cetirizine 10mg,0.0,5,7,1
2025-07-19,Chlorpheniramine,0.0,5,7,1
2025-07-19,Ciprofloxacin 500mg,7.0,5,7,1
2025-07-19,Clotrimazole Cream,0.0,5,7,1
2025-07-19,Combiflam,0.0,5,7,1
2025-07-19,Crocin Advance,12.0,5,7,1
2025-07-19,Dexamethasone 4mg,0.0,5,7,1
2025-07-19,Digene,0.0,5,7,1
2025-07-19,Disprin,0.0,5,7,1
2025-07-19,Dolo 650mg,0.0,5,7,1
2025-07-19,Domperidone 10mg,0.0,5,7,1
2025-07-19,Erythromycin 250mg,0.0,5,7,1
2025-07-19,Glibenclamide 5mg,0.0,5,7,1
2025-07-19,Hand Sanitizer,0.0,5,7,1
2025-07-19,Hydroxychloroquine 200mg,0.0,5,7,1
2025-07-19,Ibuprofen 400mg,0.0,5,7,1
2025-07-19,Insulin 30/70,0.0,5,7,1
2025-07-19,Ivermectin 12mg,0.0,5,7,1
2025-07-19,Levocetirizine 5mg,0.0,5,7,1
2025-07-19,Loperamide 2mg,11.0,5,7,1
2025-07-19,Losartan 50mg,0.0,5,7,1
2025-07-19,Metformin 500mg,0.0,5,7,1
2025-07-19,Montelukast 10mg,0.0,5,7,1
2025-07-19,Multivitamin Syrup,0.0,5,7,1
2025-07-19,N95 Mask,0.0,5,7,1
2025-07-19,Nicotine Patch,5.0,5,7,1
2025-07-19,ORS Sachet,0.0,5,7,1
2025-07-19,Omeprazole 20mg,0.0,5,7,1
2025-07-19,Pantoprazole 40mg,0.0,5,7,1
2025-07-19,Paracetamol 500mg,0.0,5,7,1
2025-07-19,Prednisolone 10mg,0.0,5,7,1
2025-07-19,Ranitidine 150mg,0.0,5,7,1
2025-07-19,Salbutamol Inhaler,0.0,5,7,1
2025-07-19,Surgical Gloves,0.0,5,7,1
2025-07-19,Tetanus Toxoid,0.0,5,7,1
2025-07-19,Thermometer,0.0,5,7,1
2025-07-19,Thyroxine 50mcg,0.0,5,7,1
2025-07-19,Vitamin C Tablets,0.0,5,7,1
2025-07-19,Volini Gel,0.0,5,7,1
2025-07-19,Zincovit,0.0,5,7,1
2025-07-20,Allegra 120mg,10.0,6,7,1
2025-07-20,Amlodipine 5mg,0.0,6,7,1
2025-07-20,Amoxicillin 250mg,0.0,6,7,1
2025-07-20,Atorvastatin 10mg,0.0,6,7,1
2025-07-20,Avil 25mg,5.0,6,7,1
2025-07-20,Azithromycin 500mg,0.0,6,7,1
2025-07-20,Bandage Roll,8.0,6,7,1
2025-07-20,Becosules,0.0,6,7,1
2025-07-20,Betadine Ointment,1.0,6,7,1
2025-07-20,Calpol 500mg,0.0,6,7,1
2025-07-20,Cetirizine 10mg,0.0,6,7,1
2025-07-20,Chlorpheniramine,0.0,6,7,1
2025-07-20,Ciprofloxacin 500mg,0.0,6,7,1
2025-07-20,Clotrimazole Cream,0.0,6,7,1
2025-07-20,Combiflam,0.0,6,7,1
2025-07-20,Crocin Advance,0.0,6,7,1
2025-07-20,Dexamethasone 4mg,0.0,6,7,1
2025-07-20,Digene,0.0,6,7,1
2025-07-20,Disprin,0.0,6,7,1
2025-07-20,Dolo 650mg,0.0,6,7,1
2025-07-20,Domperidone 10mg,0.0,6,7,1
2025-07-20,Erythromycin 250mg,0.0,6,7,1
2025-07-20,Glibenclamide 5mg,0.0,6,7,1
2025-07-20,Hand Sanitizer,0.0,6,7,1
2025-07-20,Hydroxychloroquine 200mg,0.0,6,7,1
2025-07-20,Ibuprofen 400mg,0.0,6,7,1
2025-07-20,Insulin 30/70,0.0,6,7,1
2025-07-20,Ivermectin 12mg,0.0,6,7,1
2025-07-20,Levocetirizine 5mg,12.0,6,7,1
2025-07-20,Loperamide 2mg,9.0,6,7,1
2025-07-20,Losartan 50mg,0.0,6,7,1
2025-07-20,Metformin 500mg,0.0,6,7,1
2025-07-20,Montelukast 10mg,0.0,6,7,1
2025-07-20,Multivitamin Syrup,0.0,6,7,1
2025-07-20,N95 Mask,0.0,6,7,1
2025-07-20,Nicotine Patch,0.0,6,7,1
2025-07-20,ORS Sachet,0.0,6,7,1
2025-07-20,Omeprazole 20mg,0.0,6,7,1
2025-07-20,Pantoprazole 40mg,0.0,6,7,1
2025-07-20,Paracetamol 500mg,17.0,6,7,1
2025-07-20,Prednisolone 10mg,0.0,6,7,1
2025-07-20,Ranitidine 150mg,0.0,6,7,1
2025-07-20,Salbutamol Inhaler,0.0,6,7,1
2025-07-20,Surgical Gloves,8.0,6,7,1
2025-07-20,Tetanus Toxoid,0.0,6,7,1
2025-07-20,Thermometer,0.0,6,7,1
2025-07-20,Thyroxine 50mcg,0.0,6,7,1
2025-07-20,Vitamin C Tablets,0.0,6,7,1
2025-07-20,Volini Gel,0.0,6,7,1
2025-07-20,Zincovit,0.0,6,7,1
2025-07-21,Allegra 120mg,0.0,0,7,0
2025-07-21,Amlodipine 5mg,0.0,0,7,0
2025-07-21,Amoxicillin 250mg,0.0,0,7,0
2025-07-21,Atorvastatin 10mg,0.0,0,7,0
2025-07-21,Avil 25mg,0.0,0,7,0
2025-07-21,Azithromycin 500mg,0.0,0,7,0
2025-07-21,Bandage Roll,0.0,0,7,0
2025-07-21,Becosules,9.0,0,7,0
2025-07-21,Betadine Ointment,0.0,0,7,0
2025-07-21,Calpol 500mg,0.0,0,7,0
2025-07-21,Cetirizine 10mg,0.0,0,7,0
2025-07-21,Chlorpheniramine,0.0,0,7,0
2025-07-21,Ciprofloxacin 500mg,0.0,0,7,0
2025-07-21,Clotrimazole Cream,0.0,0,7,0
2025-07-21,Combiflam,0.0,0,7,0
2025-07-21,Crocin Advance,1.0,0,7,0
2025-07-21,Dexamethasone 4mg,0.0,0,7,0
2025-07-21,Digene,0.0,0,7,0
2025-07-21,Disprin,0.0,0,7,0
2025-07-21,Dolo 650mg,0.0,0,7,0
2025-07-21,Domperidone 10mg,0.0,0,7,0
2025-07-21,Erythromycin 250mg,0.0,0,7,0
2025-07-21,Glibenclamide 5mg,0.0,0,7,0
2025-07-21,Hand Sanitizer,0.0,0,7,0
2025-07-21,Hydroxychloroquine 200mg,0.0,0,7,0
2025-07-21,Ibuprofen 400mg,0.0,0,7,0
2025-07-21,Insulin 30/70,0.0,0,7,0
2025-07-21,Ivermectin 12mg,0.0,0,7,0
2025-07-21,Levocetirizine 5mg,0.0,0,7,0
2025-07-21,Loperamide 2mg,0.0,0,7,0
2025-07-21,Losartan 50mg,0.0,0,7,0
2025-07-21,Metformin 500mg,0.0,0,7,0
2025-07-21,Montelukast 10mg,0.0,0,7,0
2025-07-21,Multivitamin Syrup,0.0,0,7,0
2025-07-21,N95 Mask,0.0,0,7,0
2025-07-21,Nicotine Patch,0.0,0,7,0
2025-07-21,ORS Sachet,0.0,0,7,0
2025-07-21,Omeprazole 20mg,2.0,0,7,0
2025-07-21,Pantoprazole 40mg,2.0,0,7,0
2025-07-21,Paracetamol 500mg,0.0,0,7,0
2025-07-21,Prednisolone 10mg,2.0,0,7,0
2025-07-21,Ranitidine 150mg,0.0,0,7,0
2025-07-21,Salbutamol Inhaler,0.0,0,7,0
2025-07-21,Surgical Gloves,0.0,0,7,0
2025-07-21,Tetanus Toxoid,2.0,0,7,0
2025-07-21,Thermometer,0.0,0,7,0
2025-07-21,Thyroxine 50mcg,0.0,0,7,0
2025-07-21,Vitamin C Tablets,0.0,0,7,0
2025-07-21,Volini Gel,0.0,0,7,0
2025-07-21,Zincovit,0.0,0,7,0
2025-07-22,Allegra 120mg,5.0,1,7,0
2025-07-22,Amlodipine 5mg,6.0,1,7,0
2025-07-22,Amoxicillin 250mg,0.0,1,7,0
2025-07-22,Atorvastatin 10mg,0.0,1,7,0
2025-07-22,Avil 25mg,0.0,1,7,0
2025-07-22,Azithromycin 500mg,0.0,1,7,0
2025-07-22,Bandage Roll,0.0,1,7,0
2025-07-22,Becosules,0.0,1,7,0
2025-07-22,Betadine Ointment,0.0,1,7,0
2025-07-22,Calpol 500mg,0.0,1,7,0
2025-07-22,Cetirizine 10mg,0.0,1,7,0
2025-07-22,Chlorpheniramine,0.0,1,7,0
2025-07-22,Ciprofloxacin 500mg,0.0,1,7,0
2025-07-22,Clotrimazole Cream,0.0,1,7,0
2025-07-22,Combiflam,0.0,1,7,0
2025-07-22,Crocin Advance,6.0,1,7,0
2025-07-22,Dexamethasone 4mg,0.0,1,7,0
2025-07-22,Digene,0.0,1,7,0
2025-07-22,Disprin,0.0,1,7,0
2025-07-22,Dolo 650mg,0.0,1,7,0
2025-07-22,Domperidone 10mg,0.0,1,7,0
2025-07-22,Erythromycin 250mg,0.0,1,7,0
2025-07-22,Glibenclamide 5mg,0.0,1,7,0
2025-07-22,Hand Sanitizer,0.0,1,7,0
2025-07-22,Hydroxychloroquine 200mg,0.0,1,7,0
2025-07-22,Ibuprofen 400mg,0.0,1,7,0
2025-07-22,Insulin 30/70,0.0,1,7,0
2025-07-22,Ivermectin 12mg,0.0,1,7,0
2025-07-22,Levocetirizine 5mg,0.0,1,7,0
2025-07-22,Loperamide 2mg,0.0,1,7,0
2025-07-22,Losartan 50mg,0.0,1,7,0
2025-07-22,Metformin 500mg,0.0,1,7,0
2025-07-22,Montelukast 10mg,0.0,1,7,0
2025-07-22,Multivitamin Syrup,0.0,1,7,0
2025-07-22,N95 Mask,0.0,1,7,0
2025-07-22,Nicotine Patch,0.0,1,7,0
2025-07-22,ORS Sachet,15.0,1,7,0
2025-07-22,Omeprazole 20mg,0.0,1,7,0
2025-07-22,Pantoprazole 40mg,0.0,1,7,0
2025-07-22,Paracetamol 500mg,0.0,1,7,0
2025-07-22,Prednisolone 10mg,0.0,1,7,0
2025-07-22,Ranitidine 150mg,0.0,1,7,0
2025-07-22,Salbutamol Inhaler,0.0,1,7,0
2025-07-22,Surgical Gloves,0.0,1,7,0
2025-07-22,Tetanus Toxoid,10.0,1,7,0
2025-07-22,Thermometer,0.0,1,7,0
2025-07-22,Thyroxine 50mcg,0.0,1,7,0
2025-07-22,Vitamin C Tablets,10.0,1,7,0
2025-07-22,Volini Gel,0.0,1,7,0
2025-07-22,Zincovit,0.0,1,7,0
2025-07-23,Allegra 120mg,0.0,2,7,0
2025-07-23,Amlodipine 5mg,0.0,2,7,0
2025-07-23,Amoxicillin 250mg,0.0,2,7,0
2025-07-23,Atorvastatin 10mg,0.0,2,7,0
2025-07-23,Avil 25mg,0.0,2,7,0
2025-07-23,Azithromycin 500mg,0.0,2,7,0
2025-07-23,Bandage Roll,0.0,2,7,0
2025-07-23,Becosules,0.0,2,7,0
2025-07-23,Betadine Ointment,0.0,2,7,0
2025-07-23,Calpol 500mg,0.0,2,7,0
2025-07-23,Cetirizine 10mg,0.0,2,7,0
2025-07-23,Chlorpheniramine,0.0,2,7,0
2025-07-23,Ciprofloxacin 500mg,0.0,2,7,0
2025-07-23,Clotrimazole Cream,0.0,2,7,0
2025-07-23,Combiflam,0.0,2,7,0
2025-07-23,Crocin Advance,3.0,2,7,0
2025-07-23,Dexamethasone 4mg,0.0,2,7,0
2025-07-23,Digene,0.0,2,7,0
2025-07-23,Disprin,0.0,2,7,0
2025-07-23,Dolo 650mg,0.0,2,7,0
2025-07-23,Domperidone 10mg,0.0,2,7,0
2025-07-23,Erythromycin 250mg,0.0,2,7,0
2025-07-23,Glibenclamide 5mg,0.0,2,7,0
2025-07-23,Hand Sanitizer,0.0,2,7,0
2025-07-23,Hydroxychloroquine 200mg,0.0,2,7,0
2025-07-23,Ibuprofen 400mg,0.0,2,7,0
2025-07-23,Insulin 30/70,0.0,2,7,0
2025-07-23,Ivermectin 12mg,0.0,2,7,0
2025-07-23,Levocetirizine 5mg,0.0,2,7,0
2025-07-23,Loperamide 2mg,0.0,2,7,0
2025-07-23,Losartan 50mg,0.0,2,7,0
2025-07-23,Metformin 500mg,0.0,2,7,0
2025-07-23,Montelukast 10mg,0.0,2,7,0
2025-07-23,Multivitamin Syrup,0.0,2,7,0
2025-07-23,N95 Mask,0.0,2,7,0
2025-07-23,Nicotine Patch,0.0,2,7,0
2025-07-23,ORS Sachet,0.0,2,7,0
2025-07-23,Omeprazole 20mg,1.0,2,7,0
2025-07-23,Pantoprazole 40mg,8.0,2,7,0
2025-07-23,Paracetamol 500mg,0.0,2,7,0
2025-07-23,Prednisolone 10mg,0.0,2,7,0
2025-07-23,Ranitidine 150mg,7.0,2,7,0
2025-07-23,Salbutamol Inhaler,8.0,2,7,0
2025-07-23,Surgical Gloves,7.0,2,7,0
2025-07-23,Tetanus Toxoid,0.0,2,7,0
2025-07-23,Thermometer,0.0,2,7,0
2025-07-23,Thyroxine 50mcg,0.0,2,7,0
2025-07-23,Vitamin C Tablets,0.0,2,7,0
2025-07-23,Volini Gel,0.0,2,7,0
2025-07-23,Zincovit,0.0,2,7,0
2025-07-24,Allegra 120mg,0.0,3,7,0
2025-07-24,Amlodipine 5mg,0.0,3,7,0
2025-07-24,Amoxicillin 250mg,1.0,3,7,0
2025-07-24,Atorvastatin 10mg,8.0,3,7,0
2025-07-24,Avil 25mg,0.0,3,7,0
2025-07-24,Azithromycin 500mg,0.0,3,7,0
2025-07-24,Bandage Roll,7.0,3,7,0
2025-07-24,Becosules,0.0,3,7,0
2025-07-24,Betadine Ointment,4.0,3,7,0
2025-07-24,Calpol 500mg,0.0,3,7,0
2025-07-24,Cetirizine 10mg,0.0,3,7,0
2025-07-24,Chlorpheniramine,0.0,3,7,0
2025-07-24,Ciprofloxacin 500mg,0.0,3,7,0
2025-07-24,Clotrimazole Cream,0.0,3,7,0
2025-07-24,Combiflam,0.0,3,7,0
2025-07-24,Crocin Advance,0.0,3,7,0
2025-07-24,Dexamethasone 4mg,0.0,3,7,0
2025-07-24,Digene,0.0,3,7,0
2025-07-24,Disprin,0.0,3,7,0
2025-07-24,Dolo 650mg,0.0,3,7,0
2025-07-24,Domperidone 10mg,0.0,3,7,0
2025-07-24,Erythromycin 250mg,0.0,3,7,0
2025-07-24,Glibenclamide 5mg,0.0,3,7,0
2025-07-24,Hand Sanitizer,0.0,3,7,0
2025-07-24,Hydroxychloroquine 200mg,0.0,3,7,0
2025-07-24,Ibuprofen 400mg,6.0,3,7,0
2025-07-24,Insulin 30/70,0.0,3,7,0
2025-07-24,Ivermectin 12mg,0.0,3,7,0
2025-07-24,Levocetirizine 5mg,0.0,3,7,0
2025-07-24,Loperamide 2mg,0.0,3,7,0
2025-07-24,Losartan 50mg,0.0,3,7,0
2025-07-24,Metformin 500mg,0.0,3,7,0
2025-07-24,Montelukast 10mg,0.0,3,7,0
2025-07-24,Multivitamin Syrup,0.0,3,7,0
2025-07-24,N95 Mask,0.0,3,7,0
2025-07-24,Nicotine Patch,0.0,3,7,0
2025-07-24,ORS Sachet,0.0,3,7,0
2025-07-24,Omeprazole 20mg,0.0,3,7,0
2025-07-24,Pantoprazole 40mg,6.0,3,7,0
2025-07-24,Paracetamol 500mg,0.0,3,7,0
2025-07-24,Prednisolone 10mg,0.0,3,7,0
2025-07-24,Ranitidine 150mg,0.0,3,7,0
2025-07-24,Salbutamol Inhaler,0.0,3,7,0
2025-07-24,Surgical Gloves,0.0,3,7,0
2025-07-24,Tetanus Toxoid,0.0,3,7,0
2025-07-24,Thermometer,6.0,3,7,0
2025-07-24,Thyroxine 50mcg,0.0,3,7,0
2025-07-24,Vitamin C Tablets,0.0,3,7,0
2025-07-24,Volini Gel,0.0,3,7,0
2025-07-24,Zincovit,0.0,3,7,0
2025-07-25,Allegra 120mg,10.0,4,7,0
2025-07-25,Amlodipine 5mg,0.0,4,7,0
2025-07-25,Amoxicillin 250mg,0.0,4,7,0
2025-07-25,Atorvastatin 10mg,0.0,4,7,0
2025-07-25,Avil 25mg,0.0,4,7,0
2025-07-25,Azithromycin 500mg,0.0,4,7,0
2025-07-25,Bandage Roll,0.0,4,7,0
2025-07-25,Becosules,0.0,4,7,0
2025-07-25,Betadine Ointment,0.0,4,7,0
2025-07-25,Calpol 500mg,0.0,4,7,0
2025-07-25,Cetirizine 10mg,0.0,4,7,0
2025-07-25,Chlorpheniramine,0.0,4,7,0
2025-07-25,Ciprofloxacin 500mg,0.0,4,7,0
2025-07-25,Clotrimazole Cream,0.0,4,7,0
2025-07-25,Combiflam,6.0,4,7,0
2025-07-25,Crocin Advance,0.0,4,7,0
2025-07-25,Dexamethasone 4mg,0.0,4,7,0
2025-07-25,Digene,0.0,4,7,0
2025-07-25,Disprin,0.0,4,7,0
2025-07-25,Dolo 650mg,0.0,4,7,0
2025-07-25,Domperidone 10mg,8.0,4,7,0
2025-07-25,Erythromycin 250mg,0.0,4,7,0
2025-07-25,Glibenclamide 5mg,0.0,4,7,0
2025-07-25,Hand Sanitizer,4.0,4,7,0
2025-07-25,Hydroxychloroquine 200mg,0.0,4,7,0
2025-07-25,Ibuprofen 400mg,0.0,4,7,0
2025-07-25,Insulin 30/70,0.0,4,7,0
2025-07-25,Ivermectin 12mg,0.0,4,7,0
2025-07-25,Levocetirizine 5mg,0.0,4,7,0
2025-07-25,Loperamide 2mg,11.0,4,7,0
2025-07-25,Losartan 50mg,0.0,4,7,0
2025-07-25,Metformin 500mg,0.0,4,7,0
2025-07-25,Montelukast 10mg,0.0,4,7,0
2025-07-25,Multivitamin Syrup,0.0,4,7,0
2025-07-25,N95 Mask,0.0,4,7,0
2025-07-25,Nicotine Patch,6.0,4,7,0
2025-07-25,ORS Sachet,0.0,4,7,0
2025-07-25,Omeprazole 20mg,0.0,4,7,0
2025-07-25,Pantoprazole 40mg,0.0,4,7,0
2025-07-25,Paracetamol 500mg,0.0,4,7,0
2025-07-25,Prednisolone 10mg,4.0,4,7,0
2025-07-25,Ranitidine 150mg,0.0,4,7,0
2025-07-25,Salbutamol Inhaler,0.0,4,7,0
2025-07-25,Surgical Gloves,0.0,4,7,0
2025-07-25,Tetanus Toxoid,0.0,4,7,0
2025-07-25,Thermometer,0.0,4,7,0
2025-07-25,Thyroxine 50mcg,0.0,4,7,0
2025-07-25,Vitamin C Tablets,0.0,4,7,0
2025-07-25,Volini Gel,0.0,4,7,0
2025-07-25,Zincovit,0.0,4,7,0
2025-07-26,Allegra 120mg,0.0,5,7,1
2025-07-26,Amlodipine 5mg,0.0,5,7,1
2025-07-26,Amoxicillin 250mg,0.0,5,7,1
2025-07-26,Atorvastatin 10mg,0.0,5,7,1
2025-07-26,Avil 25mg,0.0,5,7,1
2025-07-26,Azithromycin 500mg,0.0,5,7,1
2025-07-26,Bandage Roll,0.0,5,7,1
2025-07-26,Becosules,0.0,5,7,1
2025-07-26,Betadine Ointment,0.0,5,7,1
2025-07-26,Calpol 500mg,0.0,5,7,1
2025-07-26,Cetirizine 10mg,0.0,5,7,1
2025-07-26,Chlorpheniramine,5.0,5,7,1
2025-07-26,Ciprofloxacin 500mg,0.0,5,7,1
2025-07-26,Clotrimazole Cream,7.0,5,7,1
2025-07-26,Combiflam,13.0,5,7,1
2025-07-26,Crocin Advance,0.0,5,7,1
2025-07-26,Dexamethasone 4mg,8.0,5,7,1
2025-07-26,Digene,0.0,5,7,1
2025-07-26,Disprin,0.0,5,7,1
2025-07-26,Dolo 650mg,7.0,5,7,1
2025-07-26,Domperidone 10mg,0.0,5,7,1
2025-07-26,Erythromycin 250mg,0.0,5,7,1
2025-07-26,Glibenclamide 5mg,0.0,5,7,1
2025-07-26,Hand Sanitizer,0.0,5,7,1
2025-07-26,Hydroxychloroquine 200mg,0.0,5,7,1
2025-07-26,Ibuprofen 400mg,0.0,5,7,1
2025-07-26,Insulin 30/70,0.0,5,7,1
2025-07-26,Ivermectin 12mg,0.0,5,7,1
2025-07-26,Levocetirizine 5mg,0.0,5,7,1
2025-07-26,Loperamide 2mg,0.0,5,7,1
2025-07-26,Losartan 50mg,8.0,5,7,1
2025-07-26,Metformin 500mg,0.0,5,7,1
2025-07-26,Montelukast 10mg,0.0,5,7,1
2025-07-26,Multivitamin Syrup,0.0,5,7,1
2025-07-26,N95 Mask,6.0,5,7,1
2025-07-26,Nicotine Patch,0.0,5,7,1
2025-07-26,ORS Sachet,0.0,5,7,1
2025-07-26,Omeprazole 20mg,0.0,5,7,1
2025-07-26,Pantoprazole 40mg,0.0,5,7,1
2025-07-26,Paracetamol 500mg,12.0,5,7,1
2025-07-26,Prednisolone 10mg,0.0,5,7,1
2025-07-26,Ranitidine 150mg,0.0,5,7,1
2025-07-26,Salbutamol Inhaler,0.0,5,7,1
2025-07-26,Surgical Gloves,0.0,5,7,1
2025-07-26,Tetanus Toxoid,0.0,5,7,1
2025-07-26,Thermometer,0.0,5,7,1
2025-07-26,Thyroxine 50mcg,0.0,5,7,1
2025-07-26,Vitamin C Tablets,0.0,5,7,1
2025-07-26,Volini Gel,0.0,5,7,1
2025-07-26,Zincovit,0.0,5,7,1
2025-07-27,Allegra 120mg,0.0,6,7,1
2025-07-27,Amlodipine 5mg,2.0,6,7,1
2025-07-27,Amoxicillin 250mg,0.0,6,7,1
2025-07-27,Atorvastatin 10mg,0.0,6,7,1
2025-07-27,Avil 25mg,0.0,6,7,1
2025-07-27,Azithromycin 500mg,0.0,6,7,1
2025-07-27,Bandage Roll,0.0,6,7,1
2025-07-27,Becosules,0.0,6,7,1
2025-07-27,Betadine Ointment,0.0,6,7,1
2025-07-27,Calpol 500mg,0.0,6,7,1
2025-07-27,Cetirizine 10mg,0.0,6,7,1
2025-07-27,Chlorpheniramine,0.0,6,7,1
2025-07-27,Ciprofloxacin 500mg,0.0,6,7,1
2025-07-27,Clotrimazole Cream,8.0,6,7,1
2025-07-27,Combiflam,0.0,6,7,1
2025-07-27,Crocin Advance,0.0,6,7,1
2025-07-27,Dexamethasone 4mg,0.0,6,7,1
2025-07-27,Digene,0.0,6,7,1
2025-07-27,Disprin,0.0,6,7,1
2025-07-27,Dolo 650mg,0.0,6,7,1
2025-07-27,Domperidone 10mg,6.0,6,7,1
2025-07-27,Erythromycin 250mg,0.0,6,7,1
2025-07-27,Glibenclamide 5mg,9.0,6,7,1
2025-07-27,Hand Sanitizer,10.0,6,7,1
2025-07-27,Hydroxychloroquine 200mg,0.0,6,7,1
2025-07-27,Ibuprofen 400mg,0.0,6,7,1
2025-07-27,Insulin 30/70,0.0,6,7,1
2025-07-27,Ivermectin 12mg,0.0,6,7,1
2025-07-27,Levocetirizine 5mg,0.0,6,7,1
2025-07-27,Loperamide 2mg,0.0,6,7,1
2025-07-27,Losartan 50mg,0.0,6,7,1
2025-07-27,Metformin 500mg,0.0,6,7,1
2025-07-27,Montelukast 10mg,0.0,6,7,1
2025-07-27,Multivitamin Syrup,0.0,6,7,1
2025-07-27,N95 Mask,0.0,6,7,1
2025-07-27,Nicotine Patch,0.0,6,7,1
2025-07-27,ORS Sachet,0.0,6,7,1
2025-07-27,Omeprazole 20mg,2.0,6,7,1
2025-07-27,Pantoprazole 40mg,0.0,6,7,1
2025-07-27,Paracetamol 500mg,0.0,6,7,1
2025-07-27,Prednisolone 10mg,0.0,6,7,1
2025-07-27,Ranitidine 150mg,0.0,6,7,1
2025-07-27,Salbutamol Inhaler,0.0,6,7,1
2025-07-27,Surgical Gloves,0.0,6,7,1
2025-07-27,Tetanus Toxoid,0.0,6,7,1
2025-07-27,Thermometer,6.0,6,7,1
2025-07-27,Thyroxine 50mcg,0.0,6,7,1
2025-07-27,Vitamin C Tablets,0.0,6,7,1
2025-07-27,Volini Gel,8.0,6,7,1
2025-07-27,Zincovit,2.0,6,7,1
2025-07-28,Allegra 120mg,0.0,0,7,0
2025-07-28,Amlodipine 5mg,0.0,0,7,0
2025-07-28,Amoxicillin 250mg,0.0,0,7,0
2025-07-28,Atorvastatin 10mg,0.0,0,7,0
2025-07-28,Avil 25mg,0.0,0,7,0
2025-07-28,Azithromycin 500mg,0.0,0,7,0
2025-07-28,Bandage Roll,0.0,0,7,0
2025-07-28,Becosules,10.0,0,7,0
2025-07-28,Betadine Ointment,0.0,0,7,0
2025-07-28,Calpol 500mg,0.0,0,7,0
2025-07-28,Cetirizine 10mg,0.0,0,7,0
2025-07-28,Chlorpheniramine,0.0,0,7,0
2025-07-28,Ciprofloxacin 500mg,0.0,0,7,0
2025-07-28,Clotrimazole Cream,0.0,0,7,0
2025-07-28,Combiflam,12.0,0,7,0
2025-07-28,Crocin Advance,0.0,0,7,0
2025-07-28,Dexamethasone 4mg,0.0,0,7,0
2025-07-28,Digene,0.0,0,7,0
2025-07-28,Disprin,0.0,0,7,0
2025-07-28,Dolo 650mg,8.0,0,7,0
2025-07-28,Domperidone 10mg,8.0,0,7,0
2025-07-28,Erythromycin 250mg,0.0,0,7,0
2025-07-28,Glibenclamide 5mg,0.0,0,7,0
2025-07-28,Hand Sanitizer,0.0,0,7,0
2025-07-28,Hydroxychloroquine 200mg,0.0,0,7,0
2025-07-28,Ibuprofen 400mg,0.0,0,7,0
2025-07-28,Insulin 30/70,0.0,0,7,0
2025-07-28,Ivermectin 12mg,0.0,0,7,0
2025-07-28,Levocetirizine 5mg,0.0,0,7,0
2025-07-28,Loperamide 2mg,0.0,0,7,0
2025-07-28,Losartan 50mg,0.0,0,7,0
2025-07-28,Metformin 500mg,0.0,0,7,0
2025-07-28,Montelukast 10mg,0.0,0,7,0
2025-07-28,Multivitamin Syrup,0.0,0,7,0
2025-07-28,N95 Mask,7.0,0,7,0
2025-07-28,Nicotine Patch,0.0,0,7,0
2025-07-28,ORS Sachet,0.0,0,7,0
2025-07-28,Omeprazole 20mg,0.0,0,7,0
2025-07-28,Pantoprazole 40mg,6.0,0,7,0
2025-07-28,Paracetamol 500mg,0.0,0,7,0
2025-07-28,Prednisolone 10mg,0.0,0,7,0
2025-07-28,Ranitidine 150mg,0.0,0,7,0
2025-07-28,Salbutamol Inhaler,0.0,0,7,0
2025-07-28,Surgical Gloves,0.0,0,7,0
2025-07-28,Tetanus Toxoid,0.0,0,7,0
2025-07-28,Thermometer,0.0,0,7,0
2025-07-28,Thyroxine 50mcg,0.0,0,7,0
2025-07-28,Vitamin C Tablets,6.0,0,7,0
2025-07-28,Volini Gel,0.0,0,7,0
2025-07-28,Zincovit,0.0,0,7,0
2025-07-29,Allegra 120mg,5.0,1,7,0
2025-07-29,Amlodipine 5mg,0.0,1,7,0
2025-07-29,Amoxicillin 250mg,0.0,1,7,0
2025-07-29,Atorvastatin 10mg,0.0,1,7,0
2025-07-29,Avil 25mg,0.0,1,7,0
2025-07-29,Azithromycin 500mg,12.0,1,7,0
2025-07-29,Bandage Roll,0.0,1,7,0
2025-07-29,Becosules,0.0,1,7,0
2025-07-29,Betadine Ointment,0.0,1,7,0
2025-07-29,Calpol 500mg,0.0,1,7,0
2025-07-29,Cetirizine 10mg,0.0,1,7,0
2025-07-29,Chlorpheniramine,0.0,1,7,0
2025-07-29,Ciprofloxacin 500mg,0.0,1,7,0
2025-07-29,Clotrimazole Cream,5.0,1,7,0
2025-07-29,Combiflam,0.0,1,7,0
2025-07-29,Crocin Advance,0.0,1,7,0
2025-07-29,Dexamethasone 4mg,0.0,1,7,0
2025-07-29,Digene,0.0,1,7,0
2025-07-29,Disprin,0.0,1,7,0
2025-07-29,Dolo 650mg,0.0,1,7,0
2025-07-29,Domperidone 10mg,0.0,1,7,0
2025-07-29,Erythromycin 250mg,0.0,1,7,0
2025-07-29,Glibenclamide 5mg,0.0,1,7,0
2025-07-29,Hand Sanitizer,0.0,1,7,0
2025-07-29,Hydroxychloroquine 200mg,0.0,1,7,0
2025-07-29,Ibuprofen 400mg,0.0,1,7,0
2025-07-29,Insulin 30/70,0.0,1,7,0
2025-07-29,Ivermectin 12mg,0.0,1,7,0
2025-07-29,Levocetirizine 5mg,0.0,1,7,0
2025-07-29,Loperamide 2mg,0.0,1,7,0
2025-07-29,Losartan 50mg,5.0,1,7,0
2025-07-29,Metformin 500mg,0.0,1,7,0
2025-07-29,Montelukast 10mg,0.0,1,7,0
2025-07-29,Multivitamin Syrup,0.0,1,7,0
2025-07-29,N95 Mask,0.0,1,7,0
2025-07-29,Nicotine Patch,5.0,1,7,0
2025-07-29,ORS Sachet,0.0,1,7,0
2025-07-29,Omeprazole 20mg,0.0,1,7,0
2025-07-29,Pantoprazole 40mg,0.0,1,7,0
2025-07-29,Paracetamol 500mg,0.0,1,7,0
2025-07-29,Prednisolone 10mg,1.0,1,7,0
2025-07-29,Ranitidine 150mg,0.0,1,7,0
2025-07-29,Salbutamol Inhaler,9.0,1,7,0
2025-07-29,Surgical Gloves,0.0,1,7,0
2025-07-29,Tetanus Toxoid,8.0,1,7,0
2025-07-29,Thermometer,0.0,1,7,0
2025-07-29,Thyroxine 50mcg,0.0,1,7,0
2025-07-29,Vitamin C Tablets,0.0,1,7,0
2025-07-29,Volini Gel,0.0,1,7,0
2025-07-29,Zincovit,0.0,1,7,0
2025-07-30,Allegra 120mg,0.0,2,7,0
2025-07-30,Amlodipine 5mg,0.0,2,7,0
2025-07-30,Amoxicillin 250mg,3.0,2,7,0
2025-07-30,Atorvastatin 10mg,0.0,2,7,0
2025-07-30,Avil 25mg,10.0,2,7,0
2025-07-30,Azithromycin 500mg,0.0,2,7,0
2025-07-30,Bandage Roll,0.0,2,7,0
2025-07-30,Becosules,0.0,2,7,0
2025-07-30,Betadine Ointment,0.0,2,7,0
2025-07-30,Calpol 500mg,0.0,2,7,0
2025-07-30,Cetirizine 10mg,0.0,2,7,0
2025-07-30,Chlorpheniramine,6.0,2,7,0
2025-07-30,Ciprofloxacin 500mg,0.0,2,7,0
2025-07-30,Clotrimazole Cream,0.0,2,7,0
2025-07-30,Combiflam,0.0,2,7,0
2025-07-30,Crocin Advance,14.0,2,7,0
2025-07-30,Dexamethasone 4mg,0.0,2,7,0
2025-07-30,Digene,0.0,2,7,0
2025-07-30,Disprin,0.0,2,7,0
2025-07-30,Dolo 650mg,0.0,2,7,0
2025-07-30,Domperidone 10mg,8.0,2,7,0
2025-07-30,Erythromycin 250mg,0.0,2,7,0
2025-07-30,Glibenclamide 5mg,0.0,2,7,0
2025-07-30,Hand Sanitizer,0.0,2,7,0
2025-07-30,Hydroxychloroquine 200mg,0.0,2,7,0
2025-07-30,Ibuprofen 400mg,0.0,2,7,0
2025-07-30,Insulin 30/70,0.0,2,7,0
2025-07-30,Ivermectin 12mg,0.0,2,7,0
2025-07-30,Levocetirizine 5mg,0.0,2,7,0
2025-07-30,Loperamide 2mg,0.0,2,7,0
2025-07-30,Losartan 50mg,0.0,2,7,0
2025-07-30,Metformin 500mg,0.0,2,7,0
2025-07-30,Montelukast 10mg,0.0,2,7,0
2025-07-30,Multivitamin Syrup,0.0,2,7,0
2025-07-30,N95 Mask,2.0,2,7,0
2025-07-30,Nicotine Patch,0.0,2,7,0
2025-07-30,ORS Sachet,0.0,2,7,0
2025-07-30,Omeprazole 20mg,0.0,2,7,0
2025-07-30,Pantoprazole 40mg,0.0,2,7,0
2025-07-30,Paracetamol 500mg,0.0,2,7,0
2025-07-30,Prednisolone 10mg,0.0,2,7,0
2025-07-30,Ranitidine 150mg,0.0,2,7,0
2025-07-30,Salbutamol Inhaler,0.0,2,7,0
2025-07-30,Surgical Gloves,0.0,2,7,0
2025-07-30,Tetanus Toxoid,0.0,2,7,0
2025-07-30,Thermometer,7.0,2,7,0
2025-07-30,Thyroxine 50mcg,0.0,2,7,0
2025-07-30,Vitamin C Tablets,7.0,2,7,0
2025-07-30,Volini Gel,0.0,2,7,0
2025-07-30,Zincovit,0.0,2,7,0
2025-07-31,Allegra 120mg,0.0,3,7,0
2025-07-31,Amlodipine 5mg,0.0,3,7,0
2025-07-31,Amoxicillin 250mg,0.0,3,7,0
2025-07-31,Atorvastatin 10mg,0.0,3,7,0
2025-07-31,Avil 25mg,7.0,3,7,0
2025-07-31,Azithromycin 500mg,0.0,3,7,0
2025-07-31,Bandage Roll,0.0,3,7,0
2025-07-31,Becosules,10.0,3,7,0
2025-07-31,Betadine Ointment,0.0,3,7,0
2025-07-31,Calpol 500mg,0.0,3,7,0
2025-07-31,Cetirizine 10mg,0.0,3,7,0
2025-07-31,Chlorpheniramine,0.0,3,7,0
2025-07-31,Ciprofloxacin 500mg,0.0,3,7,0
2025-07-31,Clotrimazole Cream,0.0,3,7,0
2025-07-31,Combiflam,0.0,3,7,0
2025-07-31,Crocin Advance,0.0,3,7,0
2025-07-31,Dexamethasone 4mg,0.0,3,7,0
2025-07-31,Digene,0.0,3,7,0
2025-07-31,Disprin,0.0,3,7,0
2025-07-31,Dolo 650mg,0.0,3,7,0
2025-07-31,Domperidone 10mg,0.0,3,7,0
2025-07-31,Erythromycin 250mg,0.0,3,7,0
2025-07-31,Glibenclamide 5mg,0.0,3,7,0
2025-07-31,Hand Sanitizer,0.0,3,7,0
2025-07-31,Hydroxychloroquine 200mg,0.0,3,7,0
2025-07-31,Ibuprofen 400mg,0.0,3,7,0
2025-07-31,Insulin 30/70,0.0,3,7,0
2025-07-31,Ivermectin 12mg,8.0,3,7,0
2025-07-31,Levocetirizine 5mg,0.0,3,7,0
2025-07-31,Loperamide 2mg,0.0,3,7,0
2025-07-31,Losartan 50mg,0.0,3,7,0
2025-07-31,Metformin 500mg,0.0,3,7,0
2025-07-31,Montelukast 10mg,0.0,3,7,0
2025-07-31,Multivitamin Syrup,0.0,3,7,0
2025-07-31,N95 Mask,0.0,3,7,0
2025-07-31,Nicotine Patch,0.0,3,7,0
2025-07-31,ORS Sachet,8.0,3,7,0
2025-07-31,Omeprazole 20mg,2.0,3,7,0
2025-07-31,Pantoprazole 40mg,5.0,3,7,0
2025-07-31,Paracetamol 500mg,0.0,3,7,0
2025-07-31,Prednisolone 10mg,0.0,3,7,0
2025-07-31,Ranitidine 150mg,0.0,3,7,0
2025-07-31,Salbutamol Inhaler,7.0,3,7,0
2025-07-31,Surgical Gloves,0.0,3,7,0
2025-07-31,Tetanus Toxoid,5.0,3,7,0
2025-07-31,Thermometer,0.0,3,7,0
2025-07-31,Thyroxine 50mcg,4.0,3,7,0
2025-07-31,Vitamin C Tablets,0.0,3,7,0
2025-07-31,Volini Gel,0.0,3,7,0
2025-07-31,Zincovit,0.0,3,7,0
2025-08-01,Allegra 120mg,7.0,4,8,0
2025-08-01,Amlodipine 5mg,0.0,4,8,0
2025-08-01,Amoxicillin 250mg,0.0,4,8,0
2025-08-01,Atorvastatin 10mg,0.0,4,8,0
2025-08-01,Avil 25mg,0.0,4,8,0
2025-08-01,Azithromycin 500mg,0.0,4,8,0
2025-08-01,Bandage Roll,0.0,4,8,0
2025-08-01,Becosules,0.0,4,8,0
2025-08-01,Betadine Ointment,0.0,4,8,0
2025-08-01,Calpol 500mg,0.0,4,8,0
2025-08-01,Cetirizine 10mg,0.0,4,8,0
2025-08-01,Chlorpheniramine,0.0,4,8,0
2025-08-01,Ciprofloxacin 500mg,0.0,4,8,0
2025-08-01,Clotrimazole Cream,0.0,4,8,0
2025-08-01,Combiflam,0.0,4,8,0
2025-08-01,Crocin Advance,0.0,4,8,0
2025-08-01,Dexamethasone 4mg,0.0,4,8,0
2025-08-01,Digene,0.0,4,8,0
2025-08-01,Disprin,6.0,4,8,0
2025-08-01,Dolo 650mg,0.0,4,8,0
2025-08-01,Domperidone 10mg,0.0,4,8,0
2025-08-01,Erythromycin 250mg,0.0,4,8,0
2025-08-01,Glibenclamide 5mg,0.0,4,8,0
2025-08-01,Hand Sanitizer,0.0,4,8,0
2025-08-01,Hydroxychloroquine 200mg,0.0,4,8,0
2025-08-01,Ibuprofen 400mg,0.0,4,8,0
2025-08-01,Insulin 30/70,9.0,4,8,0
2025-08-01,Ivermectin 12mg,5.0,4,8,0
2025-08-01,Levocetirizine 5mg,4.0,4,8,0
2025-08-01,Loperamide 2mg,0.0,4,8,0
2025-08-01,Losartan 50mg,0.0,4,8,0
2025-08-01,Metformin 500mg,0.0,4,8,0
2025-08-01,Montelukast 10mg,0.0,4,8,0
2025-08-01,Multivitamin Syrup,0.0,4,8,0
2025-08-01,N95 Mask,0.0,4,8,0
2025-08-01,Nicotine Patch,0.0,4,8,0
2025-08-01,ORS Sachet,0.0,4,8,0
2025-08-01,Omeprazole 20mg,0.0,4,8,0
2025-08-01,Pantoprazole 40mg,0.0,4,8,0
2025-08-01,Paracetamol 500mg,0.0,4,8,0
2025-08-01,Prednisolone 10mg,0.0,4,8,0
2025-08-01,Ranitidine 150mg,0.0,4,8,0
2025-08-01,Salbutamol Inhaler,7.0,4,8,0
2025-08-01,Surgical Gloves,0.0,4,8,0
2025-08-01,Tetanus Toxoid,8.0,4,8,0
2025-08-01,Thermometer,0.0,4,8,0
2025-08-01,Thyroxine 50mcg,0.0,4,8,0
2025-08-01,Vitamin C Tablets,0.0,4,8,0
2025-08-01,Volini Gel,0.0,4,8,0
2025-08-01,Zincovit,0.0,4,8,0
2025-08-02,Allegra 120mg,0.0,5,8,1
2025-08-02,Amlodipine 5mg,0.0,5,8,1
2025-08-02,Amoxicillin 250mg,0.0,5,8,1
2025-08-02,Atorvastatin 10mg,0.0,5,8,1
2025-08-02,Avil 25mg,4.0,5,8,1
2025-08-02,Azithromycin 500mg,0.0,5,8,1
2025-08-02,Bandage Roll,0.0,5,8,1
2025-08-02,Becosules,2.0,5,8,1
2025-08-02,Betadine Ointment,0.0,5,8,1
2025-08-02,Calpol 500mg,0.0,5,8,1
2025-08-02,Cetirizine 10mg,0.0,5,8,1
2025-08-02,Chlorpheniramine,7.0,5,8,1
2025-08-02,Ciprofloxacin 500mg,4.0,5,8,1
2025-08-02,Clotrimazole Cream,0.0,5,8,1
2025-08-02,Combiflam,0.0,5,8,1
2025-08-02,Crocin Advance,0.0,5,8,1
2025-08-02,Dexamethasone 4mg,0.0,5,8,1
2025-08-02,Digene,0.0,5,8,1
2025-08-02,Disprin,0.0,5,8,1
2025-08-02,Dolo 650mg,9.0,5,8,1
2025-08-02,Domperidone 10mg,7.0,5,8,1
2025-08-02,Erythromycin 250mg,0.0,5,8,1
2025-08-02,Glibenclamide 5mg,0.0,5,8,1
2025-08-02,Hand Sanitizer,0.0,5,8,1
2025-08-02,Hydroxychloroquine 200mg,0.0,5,8,1
2025-08-02,Ibuprofen 400mg,0.0,5,8,1
2025-08-02,Insulin 30/70,0.0,5,8,1
2025-08-02,Ivermectin 12mg,0.0,5,8,1
2025-08-02,Levocetirizine 5mg,0.0,5,8,1
2025-08-02,Loperamide 2mg,0.0,5,8,1
2025-08-02,Losartan 50mg,0.0,5,8,1
2025-08-02,Metformin 500mg,0.0,5,8,1
2025-08-02,Montelukast 10mg,0.0,5,8,1
2025-08-02,Multivitamin Syrup,0.0,5,8,1
2025-08-02,N95 Mask,0.0,5,8,1
2025-08-02,Nicotine Patch,0.0,5,8,1
2025-08-02,ORS Sachet,0.0,5,8,1
2025-08-02,Omeprazole 20mg,0.0,5,8,1
2025-08-02,Pantoprazole 40mg,0.0,5,8,1
2025-08-02,Paracetamol 500mg,0.0,5,8,1
2025-08-02,Prednisolone 10mg,0.0,5,8,1
2025-08-02,Ranitidine 150mg,0.0,5,8,1
2025-08-02,Salbutamol Inhaler,0.0,5,8,1
2025-08-02,Surgical Gloves,5.0,5,8,1
2025-08-02,Tetanus Toxoid,0.0,5,8,1
2025-08-02,Thermometer,0.0,5,8,1
2025-08-02,Thyroxine 50mcg,0.0,5,8,1
2025-08-02,Vitamin C Tablets,0.0,5,8,1
2025-08-02,Volini Gel,0.0,5,8,1
2025-08-02,Zincovit,0.0,5,8,1
2025-08-03,Allegra 120mg,0.0,6,8,1
2025-08-03,Amlodipine 5mg,0.0,6,8,1
2025-08-03,Amoxicillin 250mg,0.0,6,8,1
2025-08-03,Atorvastatin 10mg,0.0,6,8,1
2025-08-03,Avil 25mg,0.0,6,8,1
2025-08-03,Azithromycin 500mg,0.0,6,8,1
2025-08-03,Bandage Roll,0.0,6,8,1
2025-08-03,Becosules,8.0,6,8,1
2025-08-03,Betadine Ointment,0.0,6,8,1
2025-08-03,Calpol 500mg,0.0,6,8,1
2025-08-03,Cetirizine 10mg,6.0,6,8,1
2025-08-03,Chlorpheniramine,0.0,6,8,1
2025-08-03,Ciprofloxacin 500mg,0.0,6,8,1
2025-08-03,Clotrimazole Cream,0.0,6,8,1
2025-08-03,Combiflam,12.0,6,8,1
2025-08-03,Crocin Advance,0.0,6,8,1
2025-08-03,Dexamethasone 4mg,0.0,6,8,1
2025-08-03,Digene,0.0,6,8,1
2025-08-03,Disprin,0.0,6,8,1
2025-08-03,Dolo 650mg,0.0,6,8,1
2025-08-03,Domperidone 10mg,0.0,6,8,1
2025-08-03,Erythromycin 250mg,9.0,6,8,1
2025-08-03,Glibenclamide 5mg,0.0,6,8,1
2025-08-03,Hand Sanitizer,9.0,6,8,1
2025-08-03,Hydroxychloroquine 200mg,0.0,6,8,1
2025-08-03,Ibuprofen 400mg,0.0,6,8,1
2025-08-03,Insulin 30/70,0.0,6,8,1
2025-08-03,Ivermectin 12mg,0.0,6,8,1
2025-08-03,Levocetirizine 5mg,0.0,6,8,1
2025-08-03,Loperamide 2mg,0.0,6,8,1
2025-08-03,Losartan 50mg,0.0,6,8,1
2025-08-03,Metformin 500mg,0.0,6,8,1
2025-08-03,Montelukast 10mg,0.0,6,8,1
2025-08-03,Multivitamin Syrup,0.0,6,8,1
2025-08-03,N95 Mask,0.0,6,8,1
2025-08-03,Nicotine Patch,0.0,6,8,1
2025-08-03,ORS Sachet,0.0,6,8,1
2025-08-03,Omeprazole 20mg,0.0,6,8,1
2025-08-03,Pantoprazole 40mg,6.0,6,8,1
2025-08-03,Paracetamol 500mg,0.0,6,8,1
2025-08-03,Prednisolone 10mg,0.0,6,8,1
2025-08-03,Ranitidine 150mg,0.0,6,8,1
2025-08-03,Salbutamol Inhaler,0.0,6,8,1
2025-08-03,Surgical Gloves,5.0,6,8,1
2025-08-03,Tetanus Toxoid,0.0,6,8,1
2025-08-03,Thermometer,0.0,6,8,1
2025-08-03,Thyroxine 50mcg,0.0,6,8,1
2025-08-03,Vitamin C Tablets,0.0,6,8,1
2025-08-03,Volini Gel,8.0,6,8,1
2025-08-03,Zincovit,7.0,6,8,1
2025-08-04,Allegra 120mg,0.0,0,8,0
2025-08-04,Amlodipine 5mg,0.0,0,8,0
2025-08-04,Amoxicillin 250mg,0.0,0,8,0
2025-08-04,Atorvastatin 10mg,0.0,0,8,0
2025-08-04,Avil 25mg,9.0,0,8,0
2025-08-04,Azithromycin 500mg,0.0,0,8,0
2025-08-04,Bandage Roll,0.0,0,8,0
2025-08-04,Becosules,0.0,0,8,0
2025-08-04,Betadine Ointment,0.0,0,8,0
2025-08-04,Calpol 500mg,0.0,0,8,0
2025-08-04,Cetirizine 10mg,0.0,0,8,0
2025-08-04,Chlorpheniramine,0.0,0,8,0
2025-08-04,Ciprofloxacin 500mg,6.0,0,8,0
2025-08-04,Clotrimazole Cream,0.0,0,8,0
2025-08-04,Combiflam,0.0,0,8,0
2025-08-04,Crocin Advance,0.0,0,8,0
2025-08-04,Dexamethasone 4mg,0.0,0,8,0
2025-08-04,Digene,0.0,0,8,0
2025-08-04,Disprin,0.0,0,8,0
2025-08-04,Dolo 650mg,0.0,0,8,0
2025-08-04,Domperidone 10mg,0.0,0,8,0
2025-08-04,Erythromycin 250mg,0.0,0,8,0
2025-08-04,Glibenclamide 5mg,0.0,0,8,0
2025-08-04,Hand Sanitizer,0.0,0,8,0
2025-08-04,Hydroxychloroquine 200mg,0.0,0,8,0
2025-08-04,Ibuprofen 400mg,0.0,0,8,0
2025-08-04,Insulin 30/70,0.0,0,8,0
2025-08-04,Ivermectin 12mg,8.0,0,8,0
2025-08-04,Levocetirizine 5mg,0.0,0,8,0
2025-08-04,Loperamide 2mg,0.0,0,8,0
2025-08-04,Losartan 50mg,0.0,0,8,0
2025-08-04,Metformin 500mg,0.0,0,8,0
2025-08-04,Montelukast 10mg,0.0,0,8,0
2025-08-04,Multivitamin Syrup,0.0,0,8,0
2025-08-04,N95 Mask,0.0,0,8,0
2025-08-04,Nicotine Patch,0.0,0,8,0
2025-08-04,ORS Sachet,0.0,0,8,0
2025-08-04,Omeprazole 20mg,0.0,0,8,0
2025-08-04,Pantoprazole 40mg,4.0,0,8,0
2025-08-04,Paracetamol 500mg,0.0,0,8,0
2025-08-04,Prednisolone 10mg,5.0,0,8,0
2025-08-04,Ranitidine 150mg,0.0,0,8,0
2025-08-04,Salbutamol Inhaler,0.0,0,8,0
2025-08-04,Surgical Gloves,8.0,0,8,0
2025-08-04,Tetanus Toxoid,0.0,0,8,0
2025-08-04,Thermometer,0.0,0,8,0
2025-08-04,Thyroxine 50mcg,0.0,0,8,0
2025-08-04,Vitamin C Tablets,9.0,0,8,0
2025-08-04,Volini Gel,0.0,0,8,0
2025-08-04,Zincovit,0.0,0,8,0
2025-08-05,Allegra 120mg,0.0,1,8,0
2025-08-05,Amlodipine 5mg,0.0,1,8,0
2025-08-05,Amoxicillin 250mg,0.0,1,8,0
2025-08-05,Atorvastatin 10mg,9.0,1,8,0
2025-08-05,Avil 25mg,0.0,1,8,0
2025-08-05,Azithromycin 500mg,0.0,1,8,0
2025-08-05,Bandage Roll,0.0,1,8,0
2025-08-05,Becosules,0.0,1,8,0
2025-08-05,Betadine Ointment,0.0,1,8,0
2025-08-05,Calpol 500mg,4.0,1,8,0
2025-08-05,Cetirizine 10mg,0.0,1,8,0
2025-08-05,Chlorpheniramine,0.0,1,8,0
2025-08-05,Ciprofloxacin 500mg,0.0,1,8,0
2025-08-05,Clotrimazole Cream,3.0,1,8,0
2025-08-05,Combiflam,9.0,1,8,0
2025-08-05,Crocin Advance,0.0,1,8,0
2025-08-05,Dexamethasone 4mg,0.0,1,8,0
2025-08-05,Digene,6.0,1,8,0
2025-08-05,Disprin,0.0,1,8,0
2025-08-05,Dolo 650mg,0.0,1,8,0
2025-08-05,Domperidone 10mg,0.0,1,8,0
2025-08-05,Erythromycin 250mg,0.0,1,8,0
2025-08-05,Glibenclamide 5mg,0.0,1,8,0
2025-08-05,Hand Sanitizer,0.0,1,8,0
2025-08-05,Hydroxychloroquine 200mg,0.0,1,8,0
2025-08-05,Ibuprofen 400mg,0.0,1,8,0
2025-08-05,Insulin 30/70,0.0,1,8,0
2025-08-05,Ivermectin 12mg,0.0,1,8,0
2025-08-05,Levocetirizine 5mg,0.0,1,8,0
2025-08-05,Loperamide 2mg,0.0,1,8,0
2025-08-05,Losartan 50mg,0.0,1,8,0
2025-08-05,Metformin 500mg,0.0,1,8,0
2025-08-05,Montelukast 10mg,0.0,1,8,0
2025-08-05,Multivitamin Syrup,0.0,1,8,0
2025-08-05,N95 Mask,0.0,1,8,0
2025-08-05,Nicotine Patch,8.0,1,8,0
2025-08-05,ORS Sachet,0.0,1,8,0
2025-08-05,Omeprazole 20mg,0.0,1,8,0
2025-08-05,Pantoprazole 40mg,0.0,1,8,0
2025-08-05,Paracetamol 500mg,0.0,1,8,0
2025-08-05,Prednisolone 10mg,0.0,1,8,0
2025-08-05,Ranitidine 150mg,10.0,1,8,0
2025-08-05,Salbutamol Inhaler,0.0,1,8,0
2025-08-05,Surgical Gloves,0.0,1,8,0
2025-08-05,Tetanus Toxoid,6.0,1,8,0
2025-08-05,Thermometer,0.0,1,8,0
2025-08-05,Thyroxine 50mcg,0.0,1,8,0
2025-08-05,Vitamin C Tablets,0.0,1,8,0
2025-08-05,Volini Gel,0.0,1,8,0
2025-08-05,Zincovit,0.0,1,8,0
2025-08-06,Allegra 120mg,0.0,2,8,0
2025-08-06,Amlodipine 5mg,0.0,2,8,0
2025-08-06,Amoxicillin 250mg,0.0,2,8,0
2025-08-06,Atorvastatin 10mg,0.0,2,8,0
2025-08-06,Avil 25mg,8.0,2,8,0
2025-08-06,Azithromycin 500mg,0.0,2,8,0
2025-08-06,Bandage Roll,0.0,2,8,0
2025-08-06,Becosules,0.0,2,8,0
2025-08-06,Betadine Ointment,0.0,2,8,0
2025-08-06,Calpol 500mg,0.0,2,8,0
2025-08-06,Cetirizine 10mg,0.0,2,8,0
2025-08-06,Chlorpheniramine,2.0,2,8,0
2025-08-06,Ciprofloxacin 500mg,0.0,2,8,0
2025-08-06,Clotrimazole Cream,0.0,2,8,0
2025-08-06,Combiflam,0.0,2,8,0
2025-08-06,Crocin Advance,0.0,2,8,0
2025-08-06,Dexamethasone 4mg,0.0,2,8,0
2025-08-06,Digene,0.0,2,8,0
2025-08-06,Disprin,6.0,2,8,0
2025-08-06,Dolo 650mg,0.0,2,8,0
2025-08-06,Domperidone 10mg,6.0,2,8,0
2025-08-06,Erythromycin 250mg,0.0,2,8,0
2025-08-06,Glibenclamide 5mg,0.0,2,8,0
2025-08-06,Hand Sanitizer,0.0,2,8,0
2025-08-06,Hydroxychloroquine 200mg,0.0,2,8,0
2025-08-06,Ibuprofen 400mg,0.0,2,8,0
2025-08-06,Insulin 30/70,0.0,2,8,0
2025-08-06,Ivermectin 12mg,0.0,2,8,0
2025-08-06,Levocetirizine 5mg,0.0,2,8,0
2025-08-06,Loperamide 2mg,0.0,2,8,0
2025-08-06,Losartan 50mg,0.0,2,8,0
2025-08-06,Metformin 500mg,0.0,2,8,0
2025-08-06,Montelukast 10mg,0.0,2,8,0
2025-08-06,Multivitamin Syrup,0.0,2,8,0
2025-08-06,N95 Mask,0.0,2,8,0
2025-08-06,Nicotine Patch,0.0,2,8,0
2025-08-06,ORS Sachet,0.0,2,8,0
2025-08-06,Omeprazole 20mg,0.0,2,8,0
2025-08-06,Pantoprazole 40mg,0.0,2,8,0
2025-08-06,Paracetamol 500mg,0.0,2,8,0
2025-08-06,Prednisolone 10mg,8.0,2,8,0
2025-08-06,Ranitidine 150mg,0.0,2,8,0
2025-08-06,Salbutamol Inhaler,0.0,2,8,0
2025-08-06,Surgical Gloves,0.0,2,8,0
2025-08-06,Tetanus Toxoid,0.0,2,8,0
2025-08-06,Thermometer,5.0,2,8,0
2025-08-06,Thyroxine 50mcg,7.0,2,8,0
2025-08-06,Vitamin C Tablets,0.0,2,8,0
2025-08-06,Volini Gel,0.0,2,8,0
2025-08-06,Zincovit,0.0,2,8,0
2025-08-07,Allegra 120mg,0.0,3,8,0
2025-08-07,Amlodipine 5mg,0.0,3,8,0
2025-08-07,Amoxicillin 250mg,0.0,3,8,0
2025-08-07,Atorvastatin 10mg,0.0,3,8,0
2025-08-07,Avil 25mg,0.0,3,8,0
2025-08-07,Azithromycin 500mg,2.0,3,8,0
2025-08-07,Bandage Roll,0.0,3,8,0
2025-08-07,Becosules,0.0,3,8,0
2025-08-07,Betadine Ointment,0.0,3,8,0
2025-08-07,Calpol 500mg,0.0,3,8,0
2025-08-07,Cetirizine 10mg,0.0,3,8,0
2025-08-07,Chlorpheniramine,0.0,3,8,0
2025-08-07,Ciprofloxacin 500mg,10.0,3,8,0
2025-08-07,Clotrimazole Cream,0.0,3,8,0
2025-08-07,Combiflam,0.0,3,8,0
2025-08-07,Crocin Advance,0.0,3,8,0
2025-08-07,Dexamethasone 4mg,0.0,3,8,0
2025-08-07,Digene,0.0,3,8,0
2025-08-07,Disprin,0.0,3,8,0
2025-08-07,Dolo 650mg,0.0,3,8,0
2025-08-07,Domperidone 10mg,0.0,3,8,0
2025-08-07,Erythromycin 250mg,0.0,3,8,0
2025-08-07,Glibenclamide 5mg,0.0,3,8,0
2025-08-07,Hand Sanitizer,10.0,3,8,0
2025-08-07,Hydroxychloroquine 200mg,0.0,3,8,0
2025-08-07,Ibuprofen 400mg,0.0,3,8,0
2025-08-07,Insulin 30/70,0.0,3,8,0
2025-08-07,Ivermectin 12mg,0.0,3,8,0
2025-08-07,Levocetirizine 5mg,0.0,3,8,0
2025-08-07,Loperamide 2mg,0.0,3,8,0
2025-08-07,Losartan 50mg,0.0,3,8,0
2025-08-07,Metformin 500mg,0.0,3,8,0
2025-08-07,Montelukast 10mg,0.0,3,8,0
2025-08-07,Multivitamin Syrup,0.0,3,8,0
2025-08-07,N95 Mask,0.0,3,8,0
2025-08-07,Nicotine Patch,0.0,3,8,0
2025-08-07,ORS Sachet,0.0,3,8,0
2025-08-07,Omeprazole 20mg,0.0,3,8,0
2025-08-07,Pantoprazole 40mg,9.0,3,8,0
2025-08-07,Paracetamol 500mg,0.0,3,8,0
2025-08-07,Prednisolone 10mg,0.0,3,8,0
2025-08-07,Ranitidine 150mg,0.0,3,8,0
2025-08-07,Salbutamol Inhaler,0.0,3,8,0
2025-08-07,Surgical Gloves,0.0,3,8,0
2025-08-07,Tetanus Toxoid,0.0,3,8,0
2025-08-07,Thermometer,0.0,3,8,0
2025-08-07,Thyroxine 50mcg,8.0,3,8,0
2025-08-07,Vitamin C Tablets,0.0,3,8,0
2025-08-07,Volini Gel,0.0,3,8,0
2025-08-07,Zincovit,0.0,3,8,0
2025-08-08,Allegra 120mg,0.0,4,8,0
2025-08-08,Amlodipine 5mg,0.0,4,8,0
2025-08-08,Amoxicillin 250mg,3.0,4,8,0
2025-08-08,Atorvastatin 10mg,0.0,4,8,0
2025-08-08,Avil 25mg,0.0,4,8,0
2025-08-08,Azithromycin 500mg,0.0,4,8,0
2025-08-08,Bandage Roll,13.0,4,8,0
2025-08-08,Becosules,0.0,4,8,0
2025-08-08,Betadine Ointment,0.0,4,8,0
2025-08-08,Calpol 500mg,0.0,4,8,0
2025-08-08,Cetirizine 10mg,0.0,4,8,0
2025-08-08,Chlorpheniramine,0.0,4,8,0
2025-08-08,Ciprofloxacin 500mg,0.0,4,8,0
2025-08-08,Clotrimazole Cream,15.0,4,8,0
2025-08-08,Combiflam,0.0,4,8,0
2025-08-08,Crocin Advance,0.0,4,8,0
2025-08-08,Dexamethasone 4mg,0.0,4,8,0
2025-08-08,Digene,0.0,4,8,0
2025-08-08,Disprin,0.0,4,8,0
2025-08-08,Dolo 650mg,0.0,4,8,0
2025-08-08,Domperidone 10mg,0.0,4,8,0
2025-08-08,Erythromycin 250mg,0.0,4,8,0
2025-08-08,Glibenclamide 5mg,0.0,4,8,0
2025-08-08,Hand Sanitizer,0.0,4,8,0
2025-08-08,Hydroxychloroquine 200mg,7.0,4,8,0
2025-08-08,Ibuprofen 400mg,0.0,4,8,0
2025-08-08,Insulin 30/70,0.0,4,8,0
2025-08-08,Ivermectin 12mg,0.0,4,8,0
2025-08-08,Levocetirizine 5mg,0.0,4,8,0
2025-08-08,Loperamide 2mg,0.0,4,8,0
2025-08-08,Losartan 50mg,6.0,4,8,0
2025-08-08,Metformin 500mg,0.0,4,8,0
2025-08-08,Montelukast 10mg,0.0,4,8,0
2025-08-08,Multivitamin Syrup,0.0,4,8,0
2025-08-08,N95 Mask,4.0,4,8,0
2025-08-08,Nicotine Patch,0.0,4,8,0
2025-08-08,ORS Sachet,0.0,4,8,0
2025-08-08,Omeprazole 20mg,0.0,4,8,0
2025-08-08,Pantoprazole 40mg,0.0,4,8,0
2025-08-08,Paracetamol 500mg,8.0,4,8,0
2025-08-08,Prednisolone 10mg,0.0,4,8,0
2025-08-08,Ranitidine 150mg,0.0,4,8,0
2025-08-08,Salbutamol Inhaler,0.0,4,8,0
2025-08-08,Surgical Gloves,0.0,4,8,0
2025-08-08,Tetanus Toxoid,0.0,4,8,0
2025-08-08,Thermometer,0.0,4,8,0
2025-08-08,Thyroxine 50mcg,0.0,4,8,0
2025-08-08,Vitamin C Tablets,0.0,4,8,0
2025-08-08,Volini Gel,0.0,4,8,0
2025-08-08,Zincovit,0.0,4,8,0
2025-08-09,Allegra 120mg,0.0,5,8,1
2025-08-09,Amlodipine 5mg,0.0,5,8,1
2025-08-09,Amoxicillin 250mg,0.0,5,8,1
2025-08-09,Atorvastatin 10mg,0.0,5,8,1
2025-08-09,Avil 25mg,0.0,5,8,1
2025-08-09,Azithromycin 500mg,0.0,5,8,1
2025-08-09,Bandage Roll,18.0,5,8,1
2025-08-09,Becosules,8.0,5,8,1
2025-08-09,Betadine Ointment,0.0,5,8,1
2025-08-09,Calpol 500mg,0.0,5,8,1
2025-08-09,Cetirizine 10mg,0.0,5,8,1
2025-08-09,Chlorpheniramine,8.0,5,8,1
2025-08-09,Ciprofloxacin 500mg,0.0,5,8,1
2025-08-09,Clotrimazole Cream,0.0,5,8,1
2025-08-09,Combiflam,0.0,5,8,1
2025-08-09,Crocin Advance,0.0,5,8,1
2025-08-09,Dexamethasone 4mg,7.0,5,8,1
2025-08-09,Digene,0.0,5,8,1
2025-08-09,Disprin,0.0,5,8,1
2025-08-09,Dolo 650mg,0.0,5,8,1
2025-08-09,Domperidone 10mg,0.0,5,8,1
2025-08-09,Erythromycin 250mg,0.0,5,8,1
2025-08-09,Glibenclamide 5mg,0.0,5,8,1
2025-08-09,Hand Sanitizer,0.0,5,8,1
2025-08-09,Hydroxychloroquine 200mg,0.0,5,8,1
2025-08-09,Ibuprofen 400mg,0.0,5,8,1
2025-08-09,Insulin 30/70,0.0,5,8,1
2025-08-09,Ivermectin 12mg,9.0,5,8,1
2025-08-09,Levocetirizine 5mg,0.0,5,8,1
2025-08-09,Loperamide 2mg,0.0,5,8,1
2025-08-09,Losartan 50mg,0.0,5,8,1
2025-08-09,Metformin 500mg,0.0,5,8,1
2025-08-09,Montelukast 10mg,0.0,5,8,1
2025-08-09,Multivitamin Syrup,0.0,5,8,1
2025-08-09,N95 Mask,0.0,5,8,1
2025-08-09,Nicotine Patch,0.0,5,8,1
2025-08-09,ORS Sachet,0.0,5,8,1
2025-08-09,Omeprazole 20mg,6.0,5,8,1
2025-08-09,Pantoprazole 40mg,0.0,5,8,1
2025-08-09,Paracetamol 500mg,0.0,5,8,1
2025-08-09,Prednisolone 10mg,0.0,5,8,1
2025-08-09,Ranitidine 150mg,0.0,5,8,1
2025-08-09,Salbutamol Inhaler,8.0,5,8,1
2025-08-09,Surgical Gloves,0.0,5,8,1
2025-08-09,Tetanus Toxoid,0.0,5,8,1
2025-08-09,Thermometer,0.0,5,8,1
2025-08-09,Thyroxine 50mcg,0.0,5,8,1
2025-08-09,Vitamin C Tablets,0.0,5,8,1
2025-08-09,Volini Gel,0.0,5,8,1
2025-08-09,Zincovit,0.0,5,8,1
2025-08-10,Allegra 120mg,0.0,6,8,1
2025-08-10,Amlodipine 5mg,0.0,6,8,1
2025-08-10,Amoxicillin 250mg,0.0,6,8,1
2025-08-10,Atorvastatin 10mg,0.0,6,8,1
2025-08-10,Avil 25mg,0.0,6,8,1
2025-08-10,Azithromycin 500mg,6.0,6,8,1
2025-08-10,Bandage Roll,0.0,6,8,1
2025-08-10,Becosules,0.0,6,8,1
2025-08-10,Betadine Ointment,0.0,6,8,1
2025-08-10,Calpol 500mg,0.0,6,8,1
2025-08-10,Cetirizine 10mg,0.0,6,8,1
2025-08-10,Chlorpheniramine,5.0,6,8,1
2025-08-10,Ciprofloxacin 500mg,0.0,6,8,1
2025-08-10,Clotrimazole Cream,0.0,6,8,1
2025-08-10,Combiflam,0.0,6,8,1
2025-08-10,Crocin Advance,0.0,6,8,1
2025-08-10,Dexamethasone 4mg,0.0,6,8,1
2025-08-10,Digene,8.0,6,8,1
2025-08-10,Disprin,0.0,6,8,1
2025-08-10,Dolo 650mg,0.0,6,8,1
2025-08-10,Domperidone 10mg,0.0,6,8,1
2025-08-10,Erythromycin 250mg,0.0,6,8,1
2025-08-10,Glibenclamide 5mg,9.0,6,8,1
2025-08-10,Hand Sanitizer,0.0,6,8,1
2025-08-10,Hydroxychloroquine 200mg,8.0,6,8,1
2025-08-10,Ibuprofen 400mg,0.0,6,8,1
2025-08-10,Insulin 30/70,0.0,6,8,1
2025-08-10,Ivermectin 12mg,0.0,6,8,1
2025-08-10,Levocetirizine 5mg,0.0,6,8,1
2025-08-10,Loperamide 2mg,0.0,6,8,1
2025-08-10,Losartan 50mg,0.0,6,8,1
2025-08-10,Metformin 500mg,0.0,6,8,1
2025-08-10,Montelukast 10mg,0.0,6,8,1
2025-08-10,Multivitamin Syrup,0.0,6,8,1
2025-08-10,N95 Mask,5.0,6,8,1
2025-08-10,Nicotine Patch,0.0,6,8,1
2025-08-10,ORS Sachet,10.0,6,8,1
2025-08-10,Omeprazole 20mg,0.0,6,8,1
2025-08-10,Pantoprazole 40mg,0.0,6,8,1
2025-08-10,Paracetamol 500mg,0.0,6,8,1
2025-08-10,Prednisolone 10mg,0.0,6,8,1
2025-08-10,Ranitidine 150mg,0.0,6,8,1
2025-08-10,Salbutamol Inhaler,6.0,6,8,1
2025-08-10,Surgical Gloves,0.0,6,8,1
2025-08-10,Tetanus Toxoid,0.0,6,8,1
2025-08-10,Thermometer,0.0,6,8,1
2025-08-10,Thyroxine 50mcg,0.0,6,8,1
2025-08-10,Vitamin C Tablets,0.0,6,8,1
2025-08-10,Volini Gel,7.0,6,8,1
2025-08-10,Zincovit,0.0,6,8,1
2025-08-11,Allegra 120mg,0.0,0,8,0
2025-08-11,Amlodipine 5mg,0.0,0,8,0
2025-08-11,Amoxicillin 250mg,0.0,0,8,0
2025-08-11,Atorvastatin 10mg,0.0,0,8,0
2025-08-11,Avil 25mg,0.0,0,8,0
2025-08-11,Azithromycin 500mg,0.0,0,8,0
2025-08-11,Bandage Roll,0.0,0,8,0
2025-08-11,Becosules,0.0,0,8,0
2025-08-11,Betadine Ointment,0.0,0,8,0
2025-08-11,Calpol 500mg,0.0,0,8,0
2025-08-11,Cetirizine 10mg,0.0,0,8,0
2025-08-11,Chlorpheniramine,0.0,0,8,0
2025-08-11,Ciprofloxacin 500mg,0.0,0,8,0
2025-08-11,Clotrimazole Cream,5.0,0,8,0
2025-08-11,Combiflam,0.0,0,8,0
2025-08-11,Crocin Advance,0.0,0,8,0
2025-08-11,Dexamethasone 4mg,0.0,0,8,0
2025-08-11,Digene,0.0,0,8,0
2025-08-11,Disprin,0.0,0,8,0
2025-08-11,Dolo 650mg,0.0,0,8,0
2025-08-11,Domperidone 10mg,0.0,0,8,0
2025-08-11,Erythromycin 250mg,0.0,0,8,0
2025-08-11,Glibenclamide 5mg,0.0,0,8,0
2025-08-11,Hand Sanitizer,0.0,0,8,0
2025-08-11,Hydroxychloroquine 200mg,9.0,0,8,0
2025-08-11,Ibuprofen 400mg,0.0,0,8,0
2025-08-11,Insulin 30/70,0.0,0,8,0
2025-08-11,Ivermectin 12mg,0.0,0,8,0
2025-08-11,Levocetirizine 5mg,0.0,0,8,0
2025-08-11,Loperamide 2mg,0.0,0,8,0
2025-08-11,Losartan 50mg,0.0,0,8,0
2025-08-11,Metformin 500mg,0.0,0,8,0
2025-08-11,Montelukast 10mg,16.0,0,8,0
2025-08-11,Multivitamin Syrup,0.0,0,8,0
2025-08-11,N95 Mask,0.0,0,8,0
2025-08-11,Nicotine Patch,5.0,0,8,0
2025-08-11,ORS Sachet,0.0,0,8,0
2025-08-11,Omeprazole 20mg,0.0,0,8,0
2025-08-11,Pantoprazole 40mg,0.0,0,8,0
2025-08-11,Paracetamol 500mg,0.0,0,8,0
2025-08-11,Prednisolone 10mg,0.0,0,8,0
2025-08-11,Ranitidine 150mg,0.0,0,8,0
2025-08-11,Salbutamol Inhaler,0.0,0,8,0
2025-08-11,Surgical Gloves,0.0,0,8,0
2025-08-11,Tetanus Toxoid,8.0,0,8,0
2025-08-11,Thermometer,0.0,0,8,0
2025-08-11,Thyroxine 50mcg,0.0,0,8,0
2025-08-11,Vitamin C Tablets,4.0,0,8,0
2025-08-11,Volini Gel,0.0,0,8,0
2025-08-11,Zincovit,0.0,0,8,0
2025-08-12,Allegra 120mg,0.0,1,8,0
2025-08-12,Amlodipine 5mg,0.0,1,8,0
2025-08-12,Amoxicillin 250mg,0.0,1,8,0
2025-08-12,Atorvastatin 10mg,0.0,1,8,0
2025-08-12,Avil 25mg,0.0,1,8,0
2025-08-12,Azithromycin 500mg,0.0,1,8,0
2025-08-12,Bandage Roll,6.0,1,8,0
2025-08-12,Becosules,0.0,1,8,0
2025-08-12,Betadine Ointment,0.0,1,8,0
2025-08-12,Calpol 500mg,0.0,1,8,0
2025-08-12,Cetirizine 10mg,0.0,1,8,0
2025-08-12,Chlorpheniramine,0.0,1,8,0
2025-08-12,Ciprofloxacin 500mg,0.0,1,8,0
2025-08-12,Clotrimazole Cream,4.0,1,8,0
2025-08-12,Combiflam,12.0,1,8,0
2025-08-12,Crocin Advance,0.0,1,8,0
2025-08-12,Dexamethasone 4mg,8.0,1,8,0
2025-08-12,Digene,0.0,1,8,0
2025-08-12,Disprin,0.0,1,8,0
2025-08-12,Dolo 650mg,0.0,1,8,0
2025-08-12,Domperidone 10mg,0.0,1,8,0
2025-08-12,Erythromycin 250mg,0.0,1,8,0
2025-08-12,Glibenclamide 5mg,0.0,1,8,0
2025-08-12,Hand Sanitizer,0.0,1,8,0
2025-08-12,Hydroxychloroquine 200mg,0.0,1,8,0
2025-08-12,Ibuprofen 400mg,0.0,1,8,0
2025-08-12,Insulin 30/70,0.0,1,8,0
2025-08-12,Ivermectin 12mg,0.0,1,8,0
2025-08-12,Levocetirizine 5mg,10.0,1,8,0
2025-08-12,Loperamide 2mg,0.0,1,8,0
2025-08-12,Losartan 50mg,0.0,1,8,0
2025-08-12,Metformin 500mg,0.0,1,8,0
2025-08-12,Montelukast 10mg,0.0,1,8,0
2025-08-12,Multivitamin Syrup,0.0,1,8,0
2025-08-12,N95 Mask,0.0,1,8,0
2025-08-12,Nicotine Patch,0.0,1,8,0
2025-08-12,ORS Sachet,0.0,1,8,0
2025-08-12,Omeprazole 20mg,4.0,1,8,0
2025-08-12,Pantoprazole 40mg,0.0,1,8,0
2025-08-12,Paracetamol 500mg,0.0,1,8,0
2025-08-12,Prednisolone 10mg,0.0,1,8,0
2025-08-12,Ranitidine 150mg,0.0,1,8,0
2025-08-12,Salbutamol Inhaler,0.0,1,8,0
2025-08-12,Surgical Gloves,0.0,1,8,0
2025-08-12,Tetanus Toxoid,0.0,1,8,0
2025-08-12,Thermometer,2.0,1,8,0
2025-08-12,Thyroxine 50mcg,0.0,1,8,0
2025-08-12,Vitamin C Tablets,0.0,1,8,0
2025-08-12,Volini Gel,0.0,1,8,0
2025-08-12,Zincovit,0.0,1,8,0
2025-08-13,Allegra 120mg,0.0,2,8,0
2025-08-13,Amlodipine 5mg,0.0,2,8,0
2025-08-13,Amoxicillin 250mg,6.0,2,8,0
2025-08-13,Atorvastatin 10mg,0.0,2,8,0
2025-08-13,Avil 25mg,0.0,2,8,0
2025-08-13,Azithromycin 500mg,0.0,2,8,0
2025-08-13,Bandage Roll,0.0,2,8,0
2025-08-13,Becosules,0.0,2,8,0
2025-08-13,Betadine Ointment,0.0,2,8,0
2025-08-13,Calpol 500mg,0.0,2,8,0
2025-08-13,Cetirizine 10mg,0.0,2,8,0
2025-08-13,Chlorpheniramine,0.0,2,8,0
2025-08-13,Ciprofloxacin 500mg,0.0,2,8,0
2025-08-13,Clotrimazole Cream,0.0,2,8,0
2025-08-13,Combiflam,0.0,2,8,0
2025-08-13,Crocin Advance,0.0,2,8,0
2025-08-13,Dexamethasone 4mg,0.0,2,8,0
2025-08-13,Digene,0.0,2,8,0
2025-08-13,Disprin,8.0,2,8,0
2025-08-13,Dolo 650mg,0.0,2,8,0
2025-08-13,Domperidone 10mg,0.0,2,8,0
2025-08-13,Erythromycin 250mg,0.0,2,8,0
2025-08-13,Glibenclamide 5mg,0.0,2,8,0
2025-08-13,Hand Sanitizer,0.0,2,8,0
2025-08-13,Hydroxychloroquine 200mg,0.0,2,8,0
2025-08-13,Ibuprofen 400mg,0.0,2,8,0
2025-08-13,Insulin 30/70,12.0,2,8,0
2025-08-13,Ivermectin 12mg,0.0,2,8,0
2025-08-13,Levocetirizine 5mg,0.0,2,8,0
2025-08-13,Loperamide 2mg,0.0,2,8,0
2025-08-13,Losartan 50mg,0.0,2,8,0
2025-08-13,Metformin 500mg,0.0,2,8,0
2025-08-13,Montelukast 10mg,0.0,2,8,0
2025-08-13,Multivitamin Syrup,0.0,2,8,0
2025-08-13,N95 Mask,0.0,2,8,0
2025-08-13,Nicotine Patch,0.0,2,8,0
2025-08-13,ORS Sachet,6.0,2,8,0
2025-08-13,Omeprazole 20mg,0.0,2,8,0
2025-08-13,Pantoprazole 40mg,0.0,2,8,0
2025-08-13,Paracetamol 500mg,0.0,2,8,0
2025-08-13,Prednisolone 10mg,0.0,2,8,0
2025-08-13,Ranitidine 150mg,6.0,2,8,0
2025-08-13,Salbutamol Inhaler,9.0,2,8,0
2025-08-13,Surgical Gloves,0.0,2,8,0
2025-08-13,Tetanus Toxoid,0.0,2,8,0
2025-08-13,Thermometer,0.0,2,8,0
2025-08-13,Thyroxine 50mcg,0.0,2,8,0
2025-08-13,Vitamin C Tablets,0.0,2,8,0
2025-08-13,Volini Gel,0.0,2,8,0
2025-08-13,Zincovit,0.0,2,8,0
2025-08-14,Allegra 120mg,0.0,3,8,0
2025-08-14,Amlodipine 5mg,0.0,3,8,0
2025-08-14,Amoxicillin 250mg,0.0,3,8,0
2025-08-14,Atorvastatin 10mg,0.0,3,8,0
2025-08-14,Avil 25mg,0.0,3,8,0
2025-08-14,Azithromycin 500mg,0.0,3,8,0
2025-08-14,Bandage Roll,0.0,3,8,0
2025-08-14,Becosules,0.0,3,8,0
2025-08-14,Betadine Ointment,0.0,3,8,0
2025-08-14,Calpol 500mg,0.0,3,8,0
2025-08-14,Cetirizine 10mg,5.0,3,8,0
2025-08-14,Chlorpheniramine,0.0,3,8,0
2025-08-14,Ciprofloxacin 500mg,0.0,3,8,0
2025-08-14,Clotrimazole Cream,0.0,3,8,0
2025-08-14,Combiflam,4.0,3,8,0
2025-08-14,Crocin Advance,0.0,3,8,0
2025-08-14,Dexamethasone 4mg,0.0,3,8,0
2025-08-14,Digene,0.0,3,8,0
2025-08-14,Disprin,0.0,3,8,0
2025-08-14,Dolo 650mg,4.0,3,8,0
2025-08-14,Domperidone 10mg,0.0,3,8,0
2025-08-14,Erythromycin 250mg,0.0,3,8,0
2025-08-14,Glibenclamide 5mg,0.0,3,8,0
2025-08-14,Hand Sanitizer,0.0,3,8,0
2025-08-14,Hydroxychloroquine 200mg,0.0,3,8,0
2025-08-14,Ibuprofen 400mg,10.0,3,8,0
2025-08-14,Insulin 30/70,0.0,3,8,0
2025-08-14,Ivermectin 12mg,6.0,3,8,0
2025-08-14,Levocetirizine 5mg,0.0,3,8,0
2025-08-14,Loperamide 2mg,0.0,3,8,0
2025-08-14,Losartan 50mg,0.0,3,8,0
2025-08-14,Metformin 500mg,0.0,3,8,0
2025-08-14,Montelukast 10mg,0.0,3,8,0
2025-08-14,Multivitamin Syrup,0.0,3,8,0
2025-08-14,N95 Mask,0.0,3,8,0
2025-08-14,Nicotine Patch,0.0,3,8,0
2025-08-14,ORS Sachet,0.0,3,8,0
2025-08-14,Omeprazole 20mg,0.0,3,8,0
2025-08-14,Pantoprazole 40mg,0.0,3,8,0
2025-08-14,Paracetamol 500mg,0.0,3,8,0
2025-08-14,Prednisolone 10mg,6.0,3,8,0
2025-08-14,Ranitidine 150mg,0.0,3,8,0
2025-08-14,Salbutamol Inhaler,0.0,3,8,0
2025-08-14,Surgical Gloves,0.0,3,8,0
2025-08-14,Tetanus Toxoid,0.0,3,8,0
2025-08-14,Thermometer,0.0,3,8,0
2025-08-14,Thyroxine 50mcg,0.0,3,8,0
2025-08-14,Vitamin C Tablets,0.0,3,8,0
2025-08-14,Volini Gel,0.0,3,8,0
2025-08-14,Zincovit,0.0,3,8,0
2025-08-15,Allegra 120mg,0.0,4,8,0
2025-08-15,Amlodipine 5mg,0.0,4,8,0
2025-08-15,Amoxicillin 250mg,0.0,4,8,0
2025-08-15,Atorvastatin 10mg,0.0,4,8,0
2025-08-15,Avil 25mg,0.0,4,8,0
2025-08-15,Azithromycin 500mg,0.0,4,8,0
2025-08-15,Bandage Roll,0.0,4,8,0
2025-08-15,Becosules,0.0,4,8,0
2025-08-15,Betadine Ointment,0.0,4,8,0
2025-08-15,Calpol 500mg,8.0,4,8,0
2025-08-15,Cetirizine 10mg,0.0,4,8,0
2025-08-15,Chlorpheniramine,0.0,4,8,0
2025-08-15,Ciprofloxacin 500mg,0.0,4,8,0
2025-08-15,Clotrimazole Cream,0.0,4,8,0
2025-08-15,Combiflam,0.0,4,8,0
2025-08-15,Crocin Advance,5.0,4,8,0
2025-08-15,Dexamethasone 4mg,0.0,4,8,0
2025-08-15,Digene,0.0,4,8,0
2025-08-15,Disprin,0.0,4,8,0
2025-08-15,Dolo 650mg,0.0,4,8,0
2025-08-15,Domperidone 10mg,0.0,4,8,0
2025-08-15,Erythromycin 250mg,8.0,4,8,0
2025-08-15,Glibenclamide 5mg,0.0,4,8,0
2025-08-15,Hand Sanitizer,0.0,4,8,0
2025-08-15,Hydroxychloroquine 200mg,0.0,4,8,0
2025-08-15,Ibuprofen 400mg,0.0,4,8,0
2025-08-15,Insulin 30/70,0.0,4,8,0
2025-08-15,Ivermectin 12mg,0.0,4,8,0
2025-08-15,Levocetirizine 5mg,0.0,4,8,0
2025-08-15,Loperamide 2mg,0.0,4,8,0
2025-08-15,Losartan 50mg,0.0,4,8,0
2025-08-15,Metformin 500mg,0.0,4,8,0
2025-08-15,Montelukast 10mg,0.0,4,8,0
2025-08-15,Multivitamin Syrup,0.0,4,8,0
2025-08-15,N95 Mask,0.0,4,8,0
2025-08-15,Nicotine Patch,4.0,4,8,0
2025-08-15,ORS Sachet,0.0,4,8,0
2025-08-15,Omeprazole 20mg,5.0,4,8,0
2025-08-15,Pantoprazole 40mg,0.0,4,8,0
2025-08-15,Paracetamol 500mg,0.0,4,8,0
2025-08-15,Prednisolone 10mg,0.0,4,8,0
2025-08-15,Ranitidine 150mg,5.0,4,8,0
2025-08-15,Salbutamol Inhaler,0.0,4,8,0
2025-08-15,Surgical Gloves,4.0,4,8,0
2025-08-15,Tetanus Toxoid,0.0,4,8,0
2025-08-15,Thermometer,0.0,4,8,0
2025-08-15,Thyroxine 50mcg,0.0,4,8,0
2025-08-15,Vitamin C Tablets,4.0,4,8,0
2025-08-15,Volini Gel,7.0,4,8,0
2025-08-15,Zincovit,0.0,4,8,0
2025-08-16,Allegra 120mg,0.0,5,8,1
2025-08-16,Amlodipine 5mg,0.0,5,8,1
2025-08-16,Amoxicillin 250mg,0.0,5,8,1
2025-08-16,Atorvastatin 10mg,0.0,5,8,1
2025-08-16,Avil 25mg,0.0,5,8,1
2025-08-16,Azithromycin 500mg,7.0,5,8,1
2025-08-16,Bandage Roll,0.0,5,8,1
2025-08-16,Becosules,0.0,5,8,1
2025-08-16,Betadine Ointment,0.0,5,8,1
2025-08-16,Calpol 500mg,0.0,5,8,1
2025-08-16,Cetirizine 10mg,0.0,5,8,1
2025-08-16,Chlorpheniramine,0.0,5,8,1
2025-08-16,Ciprofloxacin 500mg,0.0,5,8,1
2025-08-16,Clotrimazole Cream,0.0,5,8,1
2025-08-16,Combiflam,0.0,5,8,1
2025-08-16,Crocin Advance,0.0,5,8,1
2025-08-16,Dexamethasone 4mg,5.0,5,8,1
2025-08-16,Digene,0.0,5,8,1
2025-08-16,Disprin,0.0,5,8,1
2025-08-16,Dolo 650mg,0.0,5,8,1
2025-08-16,Domperidone 10mg,0.0,5,8,1
2025-08-16,Erythromycin 250mg,7.0,5,8,1
2025-08-16,Glibenclamide 5mg,0.0,5,8,1
2025-08-16,Hand Sanitizer,0.0,5,8,1
2025-08-16,Hydroxychloroquine 200mg,0.0,5,8,1
2025-08-16,Ibuprofen 400mg,0.0,5,8,1
2025-08-16,Insulin 30/70,14.0,5,8,1
2025-08-16,Ivermectin 12mg,0.0,5,8,1
2025-08-16,Levocetirizine 5mg,0.0,5,8,1
2025-08-16,Loperamide 2mg,0.0,5,8,1
2025-08-16,Losartan 50mg,0.0,5,8,1
2025-08-16,Metformin 500mg,10.0,5,8,1
2025-08-16,Montelukast 10mg,0.0,5,8,1
2025-08-16,Multivitamin Syrup,0.0,5,8,1
2025-08-16,N95 Mask,0.0,5,8,1
2025-08-16,Nicotine Patch,0.0,5,8,1
2025-08-16,ORS Sachet,0.0,5,8,1
2025-08-16,Omeprazole 20mg,0.0,5,8,1
2025-08-16,Pantoprazole 40mg,7.0,5,8,1
2025-08-16,Paracetamol 500mg,0.0,5,8,1
2025-08-16,Prednisolone 10mg,0.0,5,8,1
2025-08-16,Ranitidine 150mg,0.0,5,8,1
2025-08-16,Salbutamol Inhaler,0.0,5,8,1
2025-08-16,Surgical Gloves,0.0,5,8,1
2025-08-16,Tetanus Toxoid,0.0,5,8,1
2025-08-16,Thermometer,0.0,5,8,1
2025-08-16,Thyroxine 50mcg,0.0,5,8,1
2025-08-16,Vitamin C Tablets,0.0,5,8,1
2025-08-16,Volini Gel,0.0,5,8,1
2025-08-16,Zincovit,0.0,5,8,1
2025-08-17,Allegra 120mg,0.0,6,8,1
2025-08-17,Amlodipine 5mg,5.0,6,8,1
2025-08-17,Amoxicillin 250mg,9.0,6,8,1
2025-08-17,Atorvastatin 10mg,0.0,6,8,1
2025-08-17,Avil 25mg,0.0,6,8,1
2025-08-17,Azithromycin 500mg,0.0,6,8,1
2025-08-17,Bandage Roll,0.0,6,8,1
2025-08-17,Becosules,0.0,6,8,1
2025-08-17,Betadine Ointment,0.0,6,8,1
2025-08-17,Calpol 500mg,0.0,6,8,1
2025-08-17,Cetirizine 10mg,0.0,6,8,1
2025-08-17,Chlorpheniramine,0.0,6,8,1
2025-08-17,Ciprofloxacin 500mg,0.0,6,8,1
2025-08-17,Clotrimazole Cream,0.0,6,8,1
2025-08-17,Combiflam,0.0,6,8,1
2025-08-17,Crocin Advance,4.0,6,8,1
2025-08-17,Dexamethasone 4mg,8.0,6,8,1
2025-08-17,Digene,0.0,6,8,1
2025-08-17,Disprin,0.0,6,8,1
2025-08-17,Dolo 650mg,0.0,6,8,1
2025-08-17,Domperidone 10mg,10.0,6,8,1
2025-08-17,Erythromycin 250mg,0.0,6,8,1
2025-08-17,Glibenclamide 5mg,0.0,6,8,1
2025-08-17,Hand Sanitizer,0.0,6,8,1
2025-08-17,Hydroxychloroquine 200mg,0.0,6,8,1
2025-08-17,Ibuprofen 400mg,0.0,6,8,1
2025-08-17,Insulin 30/70,0.0,6,8,1
2025-08-17,Ivermectin 12mg,0.0,6,8,1
2025-08-17,Levocetirizine 5mg,0.0,6,8,1
2025-08-17,Loperamide 2mg,0.0,6,8,1
2025-08-17,Losartan 50mg,0.0,6,8,1
2025-08-17,Metformin 500mg,0.0,6,8,1
2025-08-17,Montelukast 10mg,0.0,6,8,1
2025-08-17,Multivitamin Syrup,0.0,6,8,1
2025-08-17,N95 Mask,0.0,6,8,1
2025-08-17,Nicotine Patch,0.0,6,8,1
2025-08-17,ORS Sachet,0.0,6,8,1
2025-08-17,Omeprazole 20mg,5.0,6,8,1
2025-08-17,Pantoprazole 40mg,0.0,6,8,1
2025-08-17,Paracetamol 500mg,0.0,6,8,1
2025-08-17,Prednisolone 10mg,0.0,6,8,1
2025-08-17,Ranitidine 150mg,0.0,6,8,1
2025-08-17,Salbutamol Inhaler,5.0,6,8,1
2025-08-17,Surgical Gloves,0.0,6,8,1
2025-08-17,Tetanus Toxoid,0.0,6,8,1
2025-08-17,Thermometer,3.0,6,8,1
2025-08-17,Thyroxine 50mcg,0.0,6,8,1
2025-08-17,Vitamin C Tablets,0.0,6,8,1
2025-08-17,Volini Gel,0.0,6,8,1
2025-08-17,Zincovit,7.0,6,8,1
2025-08-18,Allegra 120mg,9.0,0,8,0
2025-08-18,Amlodipine 5mg,0.0,0,8,0
2025-08-18,Amoxicillin 250mg,0.0,0,8,0
2025-08-18,Atorvastatin 10mg,0.0,0,8,0
2025-08-18,Avil 25mg,0.0,0,8,0
2025-08-18,Azithromycin 500mg,0.0,0,8,0
2025-08-18,Bandage Roll,0.0,0,8,0
2025-08-18,Becosules,0.0,0,8,0
2025-08-18,Betadine Ointment,5.0,0,8,0
2025-08-18,Calpol 500mg,0.0,0,8,0
2025-08-18,Cetirizine 10mg,3.0,0,8,0
2025-08-18,Chlorpheniramine,0.0,0,8,0
2025-08-18,Ciprofloxacin 500mg,0.0,0,8,0
2025-08-18,Clotrimazole Cream,0.0,0,8,0
2025-08-18,Combiflam,0.0,0,8,0
2025-08-18,Crocin Advance,0.0,0,8,0
2025-08-18,Dexamethasone 4mg,3.0,0,8,0
2025-08-18,Digene,0.0,0,8,0
2025-08-18,Disprin,0.0,0,8,0
2025-08-18,Dolo 650mg,0.0,0,8,0
2025-08-18,Domperidone 10mg,0.0,0,8,0
2025-08-18,Erythromycin 250mg,0.0,0,8,0
2025-08-18,Glibenclamide 5mg,0.0,0,8,0
2025-08-18,Hand Sanitizer,0.0,0,8,0
2025-08-18,Hydroxychloroquine 200mg,8.0,0,8,0
2025-08-18,Ibuprofen 400mg,0.0,0,8,0
2025-08-18,Insulin 30/70,0.0,0,8,0
2025-08-18,Ivermectin 12mg,0.0,0,8,0
2025-08-18,Levocetirizine 5mg,0.0,0,8,0
2025-08-18,Loperamide 2mg,0.0,0,8,0
2025-08-18,Losartan 50mg,5.0,0,8,0
2025-08-18,Metformin 500mg,0.0,0,8,0
2025-08-18,Montelukast 10mg,0.0,0,8,0
2025-08-18,Multivitamin Syrup,0.0,0,8,0
2025-08-18,N95 Mask,0.0,0,8,0
2025-08-18,Nicotine Patch,0.0,0,8,0
2025-08-18,ORS Sachet,0.0,0,8,0
2025-08-18,Omeprazole 20mg,0.0,0,8,0
2025-08-18,Pantoprazole 40mg,0.0,0,8,0
2025-08-18,Paracetamol 500mg,3.0,0,8,0
2025-08-18,Prednisolone 10mg,0.0,0,8,0
2025-08-18,Ranitidine 150mg,0.0,0,8,0
2025-08-18,Salbutamol Inhaler,8.0,0,8,0
2025-08-18,Surgical Gloves,0.0,0,8,0
2025-08-18,Tetanus Toxoid,0.0,0,8,0
2025-08-18,Thermometer,0.0,0,8,0
2025-08-18,Thyroxine 50mcg,9.0,0,8,0
2025-08-18,Vitamin C Tablets,0.0,0,8,0
2025-08-18,Volini Gel,0.0,0,8,0
2025-08-18,Zincovit,0.0,0,8,0
2025-08-19,Allegra 120mg,0.0,1,8,0
2025-08-19,Amlodipine 5mg,0.0,1,8,0
2025-08-19,Amoxicillin 250mg,0.0,1,8,0
2025-08-19,Atorvastatin 10mg,0.0,1,8,0
2025-08-19,Avil 25mg,0.0,1,8,0
2025-08-19,Azithromycin 500mg,0.0,1,8,0
2025-08-19,Bandage Roll,0.0,1,8,0
2025-08-19,Becosules,0.0,1,8,0
2025-08-19,Betadine Ointment,4.0,1,8,0
2025-08-19,Calpol 500mg,0.0,1,8,0
2025-08-19,Cetirizine 10mg,0.0,1,8,0
2025-08-19,Chlorpheniramine,7.0,1,8,0
2025-08-19,Ciprofloxacin 500mg,0.0,1,8,0
2025-08-19,Clotrimazole Cream,0.0,1,8,0
2025-08-19,Combiflam,0.0,1,8,0
2025-08-19,Crocin Advance,10.0,1,8,0
2025-08-19,Dexamethasone 4mg,0.0,1,8,0
2025-08-19,Digene,0.0,1,8,0
2025-08-19,Disprin,0.0,1,8,0
2025-08-19,Dolo 650mg,0.0,1,8,0
2025-08-19,Domperidone 10mg,0.0,1,8,0
2025-08-19,Erythromycin 250mg,0.0,1,8,0
2025-08-19,Glibenclamide 5mg,0.0,1,8,0
2025-08-19,Hand Sanitizer,0.0,1,8,0
2025-08-19,Hydroxychloroquine 200mg,0.0,1,8,0
2025-08-19,Ibuprofen 400mg,7.0,1,8,0
2025-08-19,Insulin 30/70,0.0,1,8,0
2025-08-19,Ivermectin 12mg,0.0,1,8,0
2025-08-19,Levocetirizine 5mg,0.0,1,8,0
2025-08-19,Loperamide 2mg,0.0,1,8,0
2025-08-19,Losartan 50mg,0.0,1,8,0
2025-08-19,Metformin 500mg,0.0,1,8,0
2025-08-19,Montelukast 10mg,0.0,1,8,0
2025-08-19,Multivitamin Syrup,0.0,1,8,0
2025-08-19,N95 Mask,0.0,1,8,0
2025-08-19,Nicotine Patch,8.0,1,8,0
2025-08-19,ORS Sachet,8.0,1,8,0
2025-08-19,Omeprazole 20mg,0.0,1,8,0
2025-08-19,Pantoprazole 40mg,0.0,1,8,0
2025-08-19,Paracetamol 500mg,0.0,1,8,0
2025-08-19,Prednisolone 10mg,0.0,1,8,0
2025-08-19,Ranitidine 150mg,0.0,1,8,0
2025-08-19,Salbutamol Inhaler,0.0,1,8,0
2025-08-19,Surgical Gloves,0.0,1,8,0
2025-08-19,Tetanus Toxoid,0.0,1,8,0
2025-08-19,Thermometer,0.0,1,8,0
2025-08-19,Thyroxine 50mcg,0.0,1,8,0
2025-08-19,Vitamin C Tablets,0.0,1,8,0
2025-08-19,Volini Gel,0.0,1,8,0
2025-08-19,Zincovit,0.0,1,8,0
2025-08-20,Allegra 120mg,0.0,2,8,0
2025-08-20,Amlodipine 5mg,8.0,2,8,0
2025-08-20,Amoxicillin 250mg,0.0,2,8,0
2025-08-20,Atorvastatin 10mg,0.0,2,8,0
2025-08-20,Avil 25mg,0.0,2,8,0
2025-08-20,Azithromycin 500mg,0.0,2,8,0
2025-08-20,Bandage Roll,0.0,2,8,0
2025-08-20,Becosules,0.0,2,8,0
2025-08-20,Betadine Ointment,0.0,2,8,0
2025-08-20,Calpol 500mg,0.0,2,8,0
2025-08-20,Cetirizine 10mg,0.0,2,8,0
2025-08-20,Chlorpheniramine,0.0,2,8,0
2025-08-20,Ciprofloxacin 500mg,0.0,2,8,0
2025-08-20,Clotrimazole Cream,0.0,2,8,0
2025-08-20,Combiflam,0.0,2,8,0
2025-08-20,Crocin Advance,0.0,2,8,0
2025-08-20,Dexamethasone 4mg,0.0,2,8,0
2025-08-20,Digene,0.0,2,8,0
2025-08-20,Disprin,0.0,2,8,0
2025-08-20,Dolo 650mg,0.0,2,8,0
2025-08-20,Domperidone 10mg,0.0,2,8,0
2025-08-20,Erythromycin 250mg,0.0,2,8,0
2025-08-20,Glibenclamide 5mg,0.0,2,8,0
2025-08-20,Hand Sanitizer,0.0,2,8,0
2025-08-20,Hydroxychloroquine 200mg,0.0,2,8,0
2025-08-20,Ibuprofen 400mg,0.0,2,8,0
2025-08-20,Insulin 30/70,7.0,2,8,0
2025-08-20,Ivermectin 12mg,0.0,2,8,0
2025-08-20,Levocetirizine 5mg,0.0,2,8,0
2025-08-20,Loperamide 2mg,0.0,2,8,0
2025-08-20,Losartan 50mg,0.0,2,8,0
2025-08-20,Metformin 500mg,0.0,2,8,0
2025-08-20,Montelukast 10mg,0.0,2,8,0
2025-08-20,Multivitamin Syrup,7.0,2,8,0
2025-08-20,N95 Mask,0.0,2,8,0
2025-08-20,Nicotine Patch,0.0,2,8,0
2025-08-20,ORS Sachet,8.0,2,8,0
2025-08-20,Omeprazole 20mg,0.0,2,8,0
2025-08-20,Pantoprazole 40mg,0.0,2,8,0
2025-08-20,Paracetamol 500mg,0.0,2,8,0
2025-08-20,Prednisolone 10mg,0.0,2,8,0
2025-08-20,Ranitidine 150mg,0.0,2,8,0
2025-08-20,Salbutamol Inhaler,0.0,2,8,0
2025-08-20,Surgical Gloves,0.0,2,8,0
2025-08-20,Tetanus Toxoid,5.0,2,8,0
2025-08-20,Thermometer,0.0,2,8,0
2025-08-20,Thyroxine 50mcg,0.0,2,8,0
2025-08-20,Vitamin C Tablets,8.0,2,8,0
2025-08-20,Volini Gel,0.0,2,8,0
2025-08-20,Zincovit,1.0,2,8,0
2025-08-21,Allegra 120mg,0.0,3,8,0
2025-08-21,Amlodipine 5mg,0.0,3,8,0
2025-08-21,Amoxicillin 250mg,7.0,3,8,0
2025-08-21,Atorvastatin 10mg,0.0,3,8,0
2025-08-21,Avil 25mg,0.0,3,8,0
2025-08-21,Azithromycin 500mg,0.0,3,8,0
2025-08-21,Bandage Roll,0.0,3,8,0
2025-08-21,Becosules,0.0,3,8,0
2025-08-21,Betadine Ointment,0.0,3,8,0
2025-08-21,Calpol 500mg,0.0,3,8,0
2025-08-21,Cetirizine 10mg,0.0,3,8,0
2025-08-21,Chlorpheniramine,0.0,3,8,0
2025-08-21,Ciprofloxacin 500mg,0.0,3,8,0
2025-08-21,Clotrimazole Cream,0.0,3,8,0
2025-08-21,Combiflam,0.0,3,8,0
2025-08-21,Crocin Advance,0.0,3,8,0
2025-08-21,Dexamethasone 4mg,0.0,3,8,0
2025-08-21,Digene,8.0,3,8,0
2025-08-21,Disprin,0.0,3,8,0
2025-08-21,Dolo 650mg,6.0,3,8,0
2025-08-21,Domperidone 10mg,0.0,3,8,0
2025-08-21,Erythromycin 250mg,0.0,3,8,0
2025-08-21,Glibenclamide 5mg,0.0,3,8,0
2025-08-21,Hand Sanitizer,0.0,3,8,0
2025-08-21,Hydroxychloroquine 200mg,0.0,3,8,0
2025-08-21,Ibuprofen 400mg,0.0,3,8,0
2025-08-21,Insulin 30/70,0.0,3,8,0
2025-08-21,Ivermectin 12mg,0.0,3,8,0
2025-08-21,Levocetirizine 5mg,10.0,3,8,0
2025-08-21,Loperamide 2mg,0.0,3,8,0
2025-08-21,Losartan 50mg,9.0,3,8,0
2025-08-21,Metformin 500mg,0.0,3,8,0
2025-08-21,Montelukast 10mg,0.0,3,8,0
2025-08-21,Multivitamin Syrup,0.0,3,8,0
2025-08-21,N95 Mask,0.0,3,8,0
2025-08-21,Nicotine Patch,9.0,3,8,0
2025-08-21,ORS Sachet,6.0,3,8,0
2025-08-21,Omeprazole 20mg,0.0,3,8,0
2025-08-21,Pantoprazole 40mg,0.0,3,8,0
2025-08-21,Paracetamol 500mg,0.0,3,8,0
2025-08-21,Prednisolone 10mg,0.0,3,8,0
2025-08-21,Ranitidine 150mg,0.0,3,8,0
2025-08-21,Salbutamol Inhaler,0.0,3,8,0
2025-08-21,Surgical Gloves,0.0,3,8,0
2025-08-21,Tetanus Toxoid,0.0,3,8,0
2025-08-21,Thermometer,0.0,3,8,0
2025-08-21,Thyroxine 50mcg,0.0,3,8,0
2025-08-21,Vitamin C Tablets,0.0,3,8,0
2025-08-21,Volini Gel,0.0,3,8,0
2025-08-21,Zincovit,0.0,3,8,0
2025-08-22,Allegra 120mg,0.0,4,8,0
2025-08-22,Amlodipine 5mg,0.0,4,8,0
2025-08-22,Amoxicillin 250mg,0.0,4,8,0
2025-08-22,Atorvastatin 10mg,0.0,4,8,0
2025-08-22,Avil 25mg,0.0,4,8,0
2025-08-22,Azithromycin 500mg,5.0,4,8,0
2025-08-22,Bandage Roll,13.0,4,8,0
2025-08-22,Becosules,0.0,4,8,0
2025-08-22,Betadine Ointment,0.0,4,8,0
2025-08-22,Calpol 500mg,0.0,4,8,0
2025-08-22,Cetirizine 10mg,0.0,4,8,0
2025-08-22,Chlorpheniramine,0.0,4,8,0
2025-08-22,Ciprofloxacin 500mg,0.0,4,8,0
2025-08-22,Clotrimazole Cream,0.0,4,8,0
2025-08-22,Combiflam,0.0,4,8,0
2025-08-22,Crocin Advance,5.0,4,8,0
2025-08-22,Dexamethasone 4mg,0.0,4,8,0
2025-08-22,Digene,0.0,4,8,0
2025-08-22,Disprin,0.0,4,8,0
2025-08-22,Dolo 650mg,0.0,4,8,0
2025-08-22,Domperidone 10mg,0.0,4,8,0
2025-08-22,Erythromycin 250mg,0.0,4,8,0
2025-08-22,Glibenclamide 5mg,0.0,4,8,0
2025-08-22,Hand Sanitizer,9.0,4,8,0
2025-08-22,Hydroxychloroquine 200mg,6.0,4,8,0
2025-08-22,Ibuprofen 400mg,0.0,4,8,0
2025-08-22,Insulin 30/70,0.0,4,8,0
2025-08-22,Ivermectin 12mg,0.0,4,8,0
2025-08-22,Levocetirizine 5mg,0.0,4,8,0
2025-08-22,Loperamide 2mg,14.0,4,8,0
2025-08-22,Losartan 50mg,0.0,4,8,0
2025-08-22,Metformin 500mg,0.0,4,8,0
2025-08-22,Montelukast 10mg,0.0,4,8,0
2025-08-22,Multivitamin Syrup,0.0,4,8,0
2025-08-22,N95 Mask,0.0,4,8,0
2025-08-22,Nicotine Patch,5.0,4,8,0
2025-08-22,ORS Sachet,0.0,4,8,0
2025-08-22,Omeprazole 20mg,0.0,4,8,0
2025-08-22,Pantoprazole 40mg,0.0,4,8,0
2025-08-22,Paracetamol 500mg,5.0,4,8,0
2025-08-22,Prednisolone 10mg,0.0,4,8,0
2025-08-22,Ranitidine 150mg,0.0,4,8,0
2025-08-22,Salbutamol Inhaler,0.0,4,8,0
2025-08-22,Surgical Gloves,8.0,4,8,0
2025-08-22,Tetanus Toxoid,0.0,4,8,0
2025-08-22,Thermometer,0.0,4,8,0
2025-08-22,Thyroxine 50mcg,0.0,4,8,0
2025-08-22,Vitamin C Tablets,0.0,4,8,0
2025-08-22,Volini Gel,0.0,4,8,0
2025-08-22,Zincovit,0.0,4,8,0
2025-08-23,Allegra 120mg,0.0,5,8,1
2025-08-23,Amlodipine 5mg,0.0,5,8,1
2025-08-23,Amoxicillin 250mg,0.0,5,8,1
2025-08-23,Atorvastatin 10mg,0.0,5,8,1
2025-08-23,Avil 25mg,0.0,5,8,1
2025-08-23,Azithromycin 500mg,0.0,5,8,1
2025-08-23,Bandage Roll,9.0,5,8,1
2025-08-23,Becosules,14.0,5,8,1
2025-08-23,Betadine Ointment,0.0,5,8,1
2025-08-23,Calpol 500mg,0.0,5,8,1
2025-08-23,Cetirizine 10mg,0.0,5,8,1
2025-08-23,Chlorpheniramine,0.0,5,8,1
2025-08-23,Ciprofloxacin 500mg,0.0,5,8,1
2025-08-23,Clotrimazole Cream,0.0,5,8,1
2025-08-23,Combiflam,0.0,5,8,1
2025-08-23,Crocin Advance,3.0,5,8,1
2025-08-23,Dexamethasone 4mg,0.0,5,8,1
2025-08-23,Digene,6.0,5,8,1
2025-08-23,Disprin,7.0,5,8,1
2025-08-23,Dolo 650mg,0.0,5,8,1
2025-08-23,Domperidone 10mg,0.0,5,8,1
2025-08-23,Erythromycin 250mg,0.0,5,8,1
2025-08-23,Glibenclamide 5mg,0.0,5,8,1
2025-08-23,Hand Sanitizer,0.0,5,8,1
2025-08-23,Hydroxychloroquine 200mg,5.0,5,8,1
2025-08-23,Ibuprofen 400mg,0.0,5,8,1
2025-08-23,Insulin 30/70,0.0,5,8,1
2025-08-23,Ivermectin 12mg,0.0,5,8,1
2025-08-23,Levocetirizine 5mg,0.0,5,8,1
2025-08-23,Loperamide 2mg,0.0,5,8,1
2025-08-23,Losartan 50mg,0.0,5,8,1
2025-08-23,Metformin 500mg,0.0,5,8,1
2025-08-23,Montelukast 10mg,0.0,5,8,1
2025-08-23,Multivitamin Syrup,0.0,5,8,1
2025-08-23,N95 Mask,0.0,5,8,1
2025-08-23,Nicotine Patch,0.0,5,8,1
2025-08-23,ORS Sachet,0.0,5,8,1
2025-08-23,Omeprazole 20mg,0.0,5,8,1
2025-08-23,Pantoprazole 40mg,0.0,5,8,1
2025-08-23,Paracetamol 500mg,0.0,5,8,1
2025-08-23,Prednisolone 10mg,0.0,5,8,1
2025-08-23,Ranitidine 150mg,0.0,5,8,1
2025-08-23,Salbutamol Inhaler,0.0,5,8,1
2025-08-23,Surgical Gloves,0.0,5,8,1
2025-08-23,Tetanus Toxoid,0.0,5,8,1
2025-08-23,Thermometer,0.0,5,8,1
2025-08-23,Thyroxine 50mcg,0.0,5,8,1
2025-08-23,Vitamin C Tablets,7.0,5,8,1
2025-08-23,Volini Gel,0.0,5,8,1
2025-08-23,Zincovit,0.0,5,8,1
2025-08-24,Allegra 120mg,0.0,6,8,1
2025-08-24,Amlodipine 5mg,0.0,6,8,1
2025-08-24,Amoxicillin 250mg,0.0,6,8,1
2025-08-24,Atorvastatin 10mg,1.0,6,8,1
2025-08-24,Avil 25mg,0.0,6,8,1
2025-08-24,Azithromycin 500mg,0.0,6,8,1
2025-08-24,Bandage Roll,0.0,6,8,1
2025-08-24,Becosules,0.0,6,8,1
2025-08-24,Betadine Ointment,0.0,6,8,1
2025-08-24,Calpol 500mg,8.0,6,8,1
2025-08-24,Cetirizine 10mg,0.0,6,8,1
2025-08-24,Chlorpheniramine,0.0,6,8,1
2025-08-24,Ciprofloxacin 500mg,0.0,6,8,1
2025-08-24,Clotrimazole Cream,0.0,6,8,1
2025-08-24,Combiflam,0.0,6,8,1
2025-08-24,Crocin Advance,0.0,6,8,1
2025-08-24,Dexamethasone 4mg,0.0,6,8,1
2025-08-24,Digene,0.0,6,8,1
2025-08-24,Disprin,0.0,6,8,1
2025-08-24,Dolo 650mg,0.0,6,8,1
2025-08-24,Domperidone 10mg,0.0,6,8,1
2025-08-24,Erythromycin 250mg,0.0,6,8,1
2025-08-24,Glibenclamide 5mg,0.0,6,8,1
2025-08-24,Hand Sanitizer,0.0,6,8,1
2025-08-24,Hydroxychloroquine 200mg,0.0,6,8,1
2025-08-24,Ibuprofen 400mg,0.0,6,8,1
2025-08-24,Insulin 30/70,0.0,6,8,1
2025-08-24,Ivermectin 12mg,0.0,6,8,1
2025-08-24,Levocetirizine 5mg,0.0,6,8,1
2025-08-24,Loperamide 2mg,0.0,6,8,1
2025-08-24,Losartan 50mg,0.0,6,8,1
2025-08-24,Metformin 500mg,0.0,6,8,1
2025-08-24,Montelukast 10mg,0.0,6,8,1
2025-08-24,Multivitamin Syrup,8.0,6,8,1
2025-08-24,N95 Mask,0.0,6,8,1
2025-08-24,Nicotine Patch,0.0,6,8,1
2025-08-24,ORS Sachet,0.0,6,8,1
2025-08-24,Omeprazole 20mg,2.0,6,8,1
2025-08-24,Pantoprazole 40mg,0.0,6,8,1
2025-08-24,Paracetamol 500mg,7.0,6,8,1
2025-08-24,Prednisolone 10mg,0.0,6,8,1
2025-08-24,Ranitidine 150mg,0.0,6,8,1
2025-08-24,Salbutamol Inhaler,0.0,6,8,1
2025-08-24,Surgical Gloves,0.0,6,8,1
2025-08-24,Tetanus Toxoid,0.0,6,8,1
2025-08-24,Thermometer,0.0,6,8,1
2025-08-24,Thyroxine 50mcg,0.0,6,8,1
2025-08-24,Vitamin C Tablets,0.0,6,8,1
2025-08-24,Volini Gel,3.0,6,8,1
2025-08-24,Zincovit,0.0,6,8,1
2025-08-25,Allegra 120mg,0.0,0,8,0
2025-08-25,Amlodipine 5mg,0.0,0,8,0
2025-08-25,Amoxicillin 250mg,0.0,0,8,0
2025-08-25,Atorvastatin 10mg,0.0,0,8,0
2025-08-25,Avil 25mg,3.0,0,8,0
2025-08-25,Azithromycin 500mg,0.0,0,8,0
2025-08-25,Bandage Roll,0.0,0,8,0
2025-08-25,Becosules,0.0,0,8,0
2025-08-25,Betadine Ointment,0.0,0,8,0
2025-08-25,Calpol 500mg,0.0,0,8,0
2025-08-25,Cetirizine 10mg,0.0,0,8,0
2025-08-25,Chlorpheniramine,5.0,0,8,0
2025-08-25,Ciprofloxacin 500mg,0.0,0,8,0
2025-08-25,Clotrimazole Cream,0.0,0,8,0
2025-08-25,Combiflam,0.0,0,8,0
2025-08-25,Crocin Advance,0.0,0,8,0
2025-08-25,Dexamethasone 4mg,0.0,0,8,0
2025-08-25,Digene,0.0,0,8,0
2025-08-25,Disprin,6.0,0,8,0
2025-08-25,Dolo 650mg,0.0,0,8,0
2025-08-25,Domperidone 10mg,0.0,0,8,0
2025-08-25,Erythromycin 250mg,0.0,0,8,0
2025-08-25,Glibenclamide 5mg,0.0,0,8,0
2025-08-25,Hand Sanitizer,0.0,0,8,0
2025-08-25,Hydroxychloroquine 200mg,0.0,0,8,0
2025-08-25,Ibuprofen 400mg,0.0,0,8,0
2025-08-25,Insulin 30/70,0.0,0,8,0
2025-08-25,Ivermectin 12mg,12.0,0,8,0
2025-08-25,Levocetirizine 5mg,0.0,0,8,0
2025-08-25,Loperamide 2mg,0.0,0,8,0
2025-08-25,Losartan 50mg,0.0,0,8,0
2025-08-25,Metformin 500mg,0.0,0,8,0
2025-08-25,Montelukast 10mg,0.0,0,8,0
2025-08-25,Multivitamin Syrup,0.0,0,8,0
2025-08-25,N95 Mask,1.0,0,8,0
2025-08-25,Nicotine Patch,0.0,0,8,0
2025-08-25,ORS Sachet,4.0,0,8,0
2025-08-25,Omeprazole 20mg,0.0,0,8,0
2025-08-25,Pantoprazole 40mg,0.0,0,8,0
2025-08-25,Paracetamol 500mg,0.0,0,8,0
2025-08-25,Prednisolone 10mg,0.0,0,8,0
2025-08-25,Ranitidine 150mg,0.0,0,8,0
2025-08-25,Salbutamol Inhaler,0.0,0,8,0
2025-08-25,Surgical Gloves,0.0,0,8,0
2025-08-25,Tetanus Toxoid,0.0,0,8,0
2025-08-25,Thermometer,0.0,0,8,0
2025-08-25,Thyroxine 50mcg,4.0,0,8,0
2025-08-25,Vitamin C Tablets,8.0,0,8,0
2025-08-25,Volini Gel,0.0,0,8,0
2025-08-25,Zincovit,0.0,0,8,0
2025-08-26,Allegra 120mg,0.0,1,8,0
2025-08-26,Amlodipine 5mg,0.0,1,8,0
2025-08-26,Amoxicillin 250mg,0.0,1,8,0
2025-08-26,Atorvastatin 10mg,0.0,1,8,0
2025-08-26,Avil 25mg,0.0,1,8,0
2025-08-26,Azithromycin 500mg,0.0,1,8,0
2025-08-26,Bandage Roll,0.0,1,8,0
2025-08-26,Becosules,0.0,1,8,0
2025-08-26,Betadine Ointment,5.0,1,8,0
2025-08-26,Calpol 500mg,0.0,1,8,0
2025-08-26,Cetirizine 10mg,4.0,1,8,0
2025-08-26,Chlorpheniramine,0.0,1,8,0
2025-08-26,Ciprofloxacin 500mg,9.0,1,8,0
2025-08-26,Clotrimazole Cream,0.0,1,8,0
2025-08-26,Combiflam,0.0,1,8,0
2025-08-26,Crocin Advance,15.0,1,8,0
2025-08-26,Dexamethasone 4mg,0.0,1,8,0
2025-08-26,Digene,0.0,1,8,0
2025-08-26,Disprin,0.0,1,8,0
2025-08-26,Dolo 650mg,0.0,1,8,0
2025-08-26,Domperidone 10mg,0.0,1,8,0
2025-08-26,Erythromycin 250mg,0.0,1,8,0
2025-08-26,Glibenclamide 5mg,0.0,1,8,0
2025-08-26,Hand Sanitizer,0.0,1,8,0
2025-08-26,Hydroxychloroquine 200mg,0.0,1,8,0
2025-08-26,Ibuprofen 400mg,0.0,1,8,0
2025-08-26,Insulin 30/70,0.0,1,8,0
2025-08-26,Ivermectin 12mg,0.0,1,8,0
2025-08-26,Levocetirizine 5mg,0.0,1,8,0
2025-08-26,Loperamide 2mg,0.0,1,8,0
2025-08-26,Losartan 50mg,0.0,1,8,0
2025-08-26,Metformin 500mg,15.0,1,8,0
2025-08-26,Montelukast 10mg,0.0,1,8,0
2025-08-26,Multivitamin Syrup,5.0,1,8,0
2025-08-26,N95 Mask,0.0,1,8,0
2025-08-26,Nicotine Patch,0.0,1,8,0
2025-08-26,ORS Sachet,0.0,1,8,0
2025-08-26,Omeprazole 20mg,0.0,1,8,0
2025-08-26,Pantoprazole 40mg,0.0,1,8,0
2025-08-26,Paracetamol 500mg,6.0,1,8,0
2025-08-26,Prednisolone 10mg,0.0,1,8,0
2025-08-26,Ranitidine 150mg,10.0,1,8,0
2025-08-26,Salbutamol Inhaler,0.0,1,8,0
2025-08-26,Surgical Gloves,0.0,1,8,0
2025-08-26,Tetanus Toxoid,0.0,1,8,0
2025-08-26,Thermometer,0.0,1,8,0
2025-08-26,Thyroxine 50mcg,0.0,1,8,0
2025-08-26,Vitamin C Tablets,0.0,1,8,0
2025-08-26,Volini Gel,0.0,1,8,0
2025-08-26,Zincovit,0.0,1,8,0
2025-08-27,Allegra 120mg,0.0,2,8,0
2025-08-27,Amlodipine 5mg,9.0,2,8,0
2025-08-27,Amoxicillin 250mg,0.0,2,8,0
2025-08-27,Atorvastatin 10mg,0.0,2,8,0
2025-08-27,Avil 25mg,5.0,2,8,0
2025-08-27,Azithromycin 500mg,0.0,2,8,0
2025-08-27,Bandage Roll,0.0,2,8,0
2025-08-27,Becosules,0.0,2,8,0
2025-08-27,Betadine Ointment,0.0,2,8,0
2025-08-27,Calpol 500mg,5.0,2,8,0
2025-08-27,Cetirizine 10mg,3.0,2,8,0
2025-08-27,Chlorpheniramine,0.0,2,8,0
2025-08-27,Ciprofloxacin 500mg,0.0,2,8,0
2025-08-27,Clotrimazole Cream,0.0,2,8,0
2025-08-27,Combiflam,0.0,2,8,0
2025-08-27,Crocin Advance,0.0,2,8,0
2025-08-27,Dexamethasone 4mg,0.0,2,8,0
2025-08-27,Digene,0.0,2,8,0
2025-08-27,Disprin,0.0,2,8,0
2025-08-27,Dolo 650mg,5.0,2,8,0
2025-08-27,Domperidone 10mg,0.0,2,8,0
2025-08-27,Erythromycin 250mg,4.0,2,8,0
2025-08-27,Glibenclamide 5mg,0.0,2,8,0
2025-08-27,Hand Sanitizer,0.0,2,8,0
2025-08-27,Hydroxychloroquine 200mg,8.0,2,8,0
2025-08-27,Ibuprofen 400mg,6.0,2,8,0
2025-08-27,Insulin 30/70,0.0,2,8,0
2025-08-27,Ivermectin 12mg,0.0,2,8,0
2025-08-27,Levocetirizine 5mg,10.0,2,8,0
2025-08-27,Loperamide 2mg,0.0,2,8,0
2025-08-27,Losartan 50mg,0.0,2,8,0
2025-08-27,Metformin 500mg,0.0,2,8,0
2025-08-27,Montelukast 10mg,0.0,2,8,0
2025-08-27,Multivitamin Syrup,0.0,2,8,0
2025-08-27,N95 Mask,0.0,2,8,0
2025-08-27,Nicotine Patch,0.0,2,8,0
2025-08-27,ORS Sachet,0.0,2,8,0
2025-08-27,Omeprazole 20mg,0.0,2,8,0
2025-08-27,Pantoprazole 40mg,0.0,2,8,0
2025-08-27,Paracetamol 500mg,0.0,2,8,0
2025-08-27,Prednisolone 10mg,0.0,2,8,0
2025-08-27,Ranitidine 150mg,0.0,2,8,0
2025-08-27,Salbutamol Inhaler,0.0,2,8,0
2025-08-27,Surgical Gloves,0.0,2,8,0
2025-08-27,Tetanus Toxoid,0.0,2,8,0
2025-08-27,Thermometer,0.0,2,8,0
2025-08-27,Thyroxine 50mcg,0.0,2,8,0
2025-08-27,Vitamin C Tablets,0.0,2,8,0
2025-08-27,Volini Gel,0.0,2,8,0
2025-08-27,Zincovit,7.0,2,8,0
2025-08-28,Allegra 120mg,0.0,3,8,0
2025-08-28,Amlodipine 5mg,0.0,3,8,0
2025-08-28,Amoxicillin 250mg,0.0,3,8,0
2025-08-28,Atorvastatin 10mg,0.0,3,8,0
2025-08-28,Avil 25mg,0.0,3,8,0
2025-08-28,Azithromycin 500mg,3.0,3,8,0
2025-08-28,Bandage Roll,0.0,3,8,0
2025-08-28,Becosules,0.0,3,8,0
2025-08-28,Betadine Ointment,0.0,3,8,0
2025-08-28,Calpol 500mg,0.0,3,8,0
2025-08-28,Cetirizine 10mg,0.0,3,8,0
2025-08-28,Chlorpheniramine,0.0,3,8,0
2025-08-28,Ciprofloxacin 500mg,0.0,3,8,0
2025-08-28,Clotrimazole Cream,0.0,3,8,0
2025-08-28,Combiflam,0.0,3,8,0
2025-08-28,Crocin Advance,8.0,3,8,0
2025-08-28,Dexamethasone 4mg,6.0,3,8,0
2025-08-28,Digene,0.0,3,8,0
2025-08-28,Disprin,0.0,3,8,0
2025-08-28,Dolo 650mg,0.0,3,8,0
2025-08-28,Domperidone 10mg,0.0,3,8,0
2025-08-28,Erythromycin 250mg,0.0,3,8,0
2025-08-28,Glibenclamide 5mg,0.0,3,8,0
2025-08-28,Hand Sanitizer,0.0,3,8,0
2025-08-28,Hydroxychloroquine 200mg,0.0,3,8,0
2025-08-28,Ibuprofen 400mg,0.0,3,8,0
2025-08-28,Insulin 30/70,5.0,3,8,0
2025-08-28,Ivermectin 12mg,0.0,3,8,0
2025-08-28,Levocetirizine 5mg,0.0,3,8,0
2025-08-28,Loperamide 2mg,0.0,3,8,0
2025-08-28,Losartan 50mg,0.0,3,8,0
2025-08-28,Metformin 500mg,0.0,3,8,0
2025-08-28,Montelukast 10mg,0.0,3,8,0
2025-08-28,Multivitamin Syrup,6.0,3,8,0
2025-08-28,N95 Mask,4.0,3,8,0
2025-08-28,Nicotine Patch,9.0,3,8,0
2025-08-28,ORS Sachet,0.0,3,8,0
2025-08-28,Omeprazole 20mg,0.0,3,8,0
2025-08-28,Pantoprazole 40mg,0.0,3,8,0
2025-08-28,Paracetamol 500mg,0.0,3,8,0
2025-08-28,Prednisolone 10mg,5.0,3,8,0
2025-08-28,Ranitidine 150mg,0.0,3,8,0
2025-08-28,Salbutamol Inhaler,0.0,3,8,0
2025-08-28,Surgical Gloves,0.0,3,8,0
2025-08-28,Tetanus Toxoid,0.0,3,8,0
2025-08-28,Thermometer,5.0,3,8,0
2025-08-28,Thyroxine 50mcg,0.0,3,8,0
2025-08-28,Vitamin C Tablets,0.0,3,8,0
2025-08-28,Volini Gel,5.0,3,8,0
2025-08-28,Zincovit,6.0,3,8,0
2025-08-29,Allegra 120mg,0.0,4,8,0
2025-08-29,Amlodipine 5mg,0.0,4,8,0
2025-08-29,Amoxicillin 250mg,0.0,4,8,0
2025-08-29,Atorvastatin 10mg,0.0,4,8,0
2025-08-29,Avil 25mg,0.0,4,8,0
2025-08-29,Azithromycin 500mg,0.0,4,8,0
2025-08-29,Bandage Roll,0.0,4,8,0
2025-08-29,Becosules,0.0,4,8,0
2025-08-29,Betadine Ointment,0.0,4,8,0
2025-08-29,Calpol 500mg,8.0,4,8,0
2025-08-29,Cetirizine 10mg,0.0,4,8,0
2025-08-29,Chlorpheniramine,0.0,4,8,0
2025-08-29,Ciprofloxacin 500mg,0.0,4,8,0
2025-08-29,Clotrimazole Cream,3.0,4,8,0
2025-08-29,Combiflam,0.0,4,8,0
2025-08-29,Crocin Advance,0.0,4,8,0
2025-08-29,Dexamethasone 4mg,0.0,4,8,0
2025-08-29,Digene,0.0,4,8,0
2025-08-29,Disprin,0.0,4,8,0
2025-08-29,Dolo 650mg,0.0,4,8,0
2025-08-29,Domperidone 10mg,0.0,4,8,0
2025-08-29,Erythromycin 250mg,4.0,4,8,0
2025-08-29,Glibenclamide 5mg,0.0,4,8,0
2025-08-29,Hand Sanitizer,0.0,4,8,0
2025-08-29,Hydroxychloroquine 200mg,0.0,4,8,0
2025-08-29,Ibuprofen 400mg,0.0,4,8,0
2025-08-29,Insulin 30/70,0.0,4,8,0
2025-08-29,Ivermectin 12mg,0.0,4,8,0
2025-08-29,Levocetirizine 5mg,0.0,4,8,0
2025-08-29,Loperamide 2mg,0.0,4,8,0
2025-08-29,Losartan 50mg,0.0,4,8,0
2025-08-29,Metformin 500mg,0.0,4,8,0
2025-08-29,Montelukast 10mg,15.0,4,8,0
2025-08-29,Multivitamin Syrup,0.0,4,8,0
2025-08-29,N95 Mask,0.0,4,8,0
2025-08-29,Nicotine Patch,0.0,4,8,0
2025-08-29,ORS Sachet,0.0,4,8,0
2025-08-29,Omeprazole 20mg,5.0,4,8,0
2025-08-29,Pantoprazole 40mg,0.0,4,8,0
2025-08-29,Paracetamol 500mg,0.0,4,8,0
2025-08-29,Prednisolone 10mg,0.0,4,8,0
2025-08-29,Ranitidine 150mg,6.0,4,8,0
2025-08-29,Salbutamol Inhaler,0.0,4,8,0
2025-08-29,Surgical Gloves,0.0,4,8,0
2025-08-29,Tetanus Toxoid,7.0,4,8,0
2025-08-29,Thermometer,0.0,4,8,0
2025-08-29,Thyroxine 50mcg,0.0,4,8,0
2025-08-29,Vitamin C Tablets,0.0,4,8,0
2025-08-29,Volini Gel,0.0,4,8,0
2025-08-29,Zincovit,0.0,4,8,0
2025-08-30,Allegra 120mg,0.0,5,8,1
2025-08-30,Amlodipine 5mg,0.0,5,8,1
2025-08-30,Amoxicillin 250mg,6.0,5,8,1
2025-08-30,Atorvastatin 10mg,0.0,5,8,1
2025-08-30,Avil 25mg,0.0,5,8,1
2025-08-30,Azithromycin 500mg,0.0,5,8,1
2025-08-30,Bandage Roll,0.0,5,8,1
2025-08-30,Becosules,0.0,5,8,1
2025-08-30,Betadine Ointment,0.0,5,8,1
2025-08-30,Calpol 500mg,4.0,5,8,1
2025-08-30,Cetirizine 10mg,0.0,5,8,1
2025-08-30,Chlorpheniramine,0.0,5,8,1
2025-08-30,Ciprofloxacin 500mg,0.0,5,8,1
2025-08-30,Clotrimazole Cream,0.0,5,8,1
2025-08-30,Combiflam,0.0,5,8,1
2025-08-30,Crocin Advance,0.0,5,8,1
2025-08-30,Dexamethasone 4mg,0.0,5,8,1
2025-08-30,Digene,0.0,5,8,1
2025-08-30,Disprin,0.0,5,8,1
2025-08-30,Dolo 650mg,0.0,5,8,1
2025-08-30,Domperidone 10mg,0.0,5,8,1
2025-08-30,Erythromycin 250mg,0.0,5,8,1
2025-08-30,Glibenclamide 5mg,0.0,5,8,1
2025-08-30,Hand Sanitizer,12.0,5,8,1
2025-08-30,Hydroxychloroquine 200mg,0.0,5,8,1
2025-08-30,Ibuprofen 400mg,0.0,5,8,1
2025-08-30,Insulin 30/70,0.0,5,8,1
2025-08-30,Ivermectin 12mg,0.0,5,8,1
2025-08-30,Levocetirizine 5mg,0.0,5,8,1
2025-08-30,Loperamide 2mg,0.0,5,8,1
2025-08-30,Losartan 50mg,0.0,5,8,1
2025-08-30,Metformin 500mg,0.0,5,8,1
2025-08-30,Montelukast 10mg,0.0,5,8,1
2025-08-30,Multivitamin Syrup,0.0,5,8,1
2025-08-30,N95 Mask,1.0,5,8,1
2025-08-30,Nicotine Patch,0.0,5,8,1
2025-08-30,ORS Sachet,0.0,5,8,1
2025-08-30,Omeprazole 20mg,0.0,5,8,1
2025-08-30,Pantoprazole 40mg,0.0,5,8,1
2025-08-30,Paracetamol 500mg,0.0,5,8,1
2025-08-30,Prednisolone 10mg,0.0,5,8,1
2025-08-30,Ranitidine 150mg,3.0,5,8,1
2025-08-30,Salbutamol Inhaler,0.0,5,8,1
2025-08-30,Surgical Gloves,0.0,5,8,1
2025-08-30,Tetanus Toxoid,0.0,5,8,1
2025-08-30,Thermometer,0.0,5,8,1
2025-08-30,Thyroxine 50mcg,0.0,5,8,1
2025-08-30,Vitamin C Tablets,0.0,5,8,1
2025-08-30,Volini Gel,0.0,5,8,1
2025-08-30,Zincovit,0.0,5,8,1
2025-08-31,Allegra 120mg,10.0,6,8,1
2025-08-31,Amlodipine 5mg,0.0,6,8,1
2025-08-31,Amoxicillin 250mg,4.0,6,8,1
2025-08-31,Atorvastatin 10mg,9.0,6,8,1
2025-08-31,Avil 25mg,10.0,6,8,1
2025-08-31,Azithromycin 500mg,0.0,6,8,1
2025-08-31,Bandage Roll,0.0,6,8,1
2025-08-31,Becosules,9.0,6,8,1
2025-08-31,Betadine Ointment,0.0,6,8,1
2025-08-31,Calpol 500mg,0.0,6,8,1
2025-08-31,Cetirizine 10mg,0.0,6,8,1
2025-08-31,Chlorpheniramine,8.0,6,8,1
2025-08-31,Ciprofloxacin 500mg,0.0,6,8,1
2025-08-31,Clotrimazole Cream,0.0,6,8,1
2025-08-31,Combiflam,0.0,6,8,1
2025-08-31,Crocin Advance,0.0,6,8,1
2025-08-31,Dexamethasone 4mg,0.0,6,8,1
2025-08-31,Digene,0.0,6,8,1
2025-08-31,Disprin,0.0,6,8,1
2025-08-31,Dolo 650mg,6.0,6,8,1
2025-08-31,Domperidone 10mg,0.0,6,8,1
2025-08-31,Erythromycin 250mg,0.0,6,8,1
2025-08-31,Glibenclamide 5mg,0.0,6,8,1
2025-08-31,Hand Sanitizer,0.0,6,8,1
2025-08-31,Hydroxychloroquine 200mg,0.0,6,8,1
2025-08-31,Ibuprofen 400mg,0.0,6,8,1
2025-08-31,Insulin 30/70,0.0,6,8,1
2025-08-31,Ivermectin 12mg,0.0,6,8,1
2025-08-31,Levocetirizine 5mg,0.0,6,8,1
2025-08-31,Loperamide 2mg,15.0,6,8,1
2025-08-31,Losartan 50mg,0.0,6,8,1
2025-08-31,Metformin 500mg,0.0,6,8,1
2025-08-31,Montelukast 10mg,0.0,6,8,1
2025-08-31,Multivitamin Syrup,0.0,6,8,1
2025-08-31,N95 Mask,0.0,6,8,1
2025-08-31,Nicotine Patch,0.0,6,8,1
2025-08-31,ORS Sachet,0.0,6,8,1
2025-08-31,Omeprazole 20mg,0.0,6,8,1
2025-08-31,Pantoprazole 40mg,0.0,6,8,1
2025-08-31,Paracetamol 500mg,0.0,6,8,1
2025-08-31,Prednisolone 10mg,8.0,6,8,1
2025-08-31,Ranitidine 150mg,0.0,6,8,1
2025-08-31,Salbutamol Inhaler,0.0,6,8,1
2025-08-31,Surgical Gloves,0.0,6,8,1
2025-08-31,Tetanus Toxoid,0.0,6,8,1
2025-08-31,Thermometer,0.0,6,8,1
2025-08-31,Thyroxine 50mcg,6.0,6,8,1
2025-08-31,Vitamin C Tablets,0.0,6,8,1
2025-08-31,Volini Gel,0.0,6,8,1
2025-08-31,Zincovit,4.0,6,8,1
