Date,Product Name,Batch No,Expiry Date,Quantity,MRP (₹),GST (%),GST Amount (₹),Amount (₹),Month_Date,Sales Type
2025-04-01,Disprin,190,2026-05-01,4,5.64,12.0,2.417142857,22.56,2025-04-01,Prescription
2025-04-01,Digene,465,2026-03-01,3,29.2,12.0,9.385714286,87.6,2025-04-01,Prescription
2025-04-01,Multivitamin Syrup,892,2025-12-01,3,170.0,12.0,54.64285714,510.0,2025-04-01,OTC
2025-04-01,Ibuprofen 400mg,222,2026-05-01,6,12.88,12.0,8.28,77.28,2025-04-01,Prescription
2025-04-01,Erythromycin 250mg,377,2026-04-01,7,60.0,12.0,45.0,420.0,2025-04-01,Prescription
2025-04-01,Tetanus Toxoid,981,2028-04-01,3,11.35,12.0,3.648214286,34.05,2025-04-01,Prescription
2025-04-01,Amlodipine 5mg,410,2026-12-01,2,83.9,12.0,17.97857143,167.8,2025-04-01,Prescription
2025-04-02,Tetanus Toxoid,981,2028-04-01,5,11.35,12.0,6.080357143,56.75,2025-04-01,Prescription
2025-04-02,Volini Gel,531,2026-01-01,4,265.0,12.0,113.5714286,1060.0,2025-04-01,OTC
2025-04-02,Azithromycin 500mg,885,2026-07-01,2,79.16,12.0,16.96285714,158.32,2025-04-01,Prescription
2025-04-02,Hand Sanitizer,839,2026-01-01,7,30.0,12.0,22.5,210.0,2025-04-01,OTC
2025-04-02,Hydroxychloroquine 200mg,963,2026-04-01,2,108.7,12.0,23.29285714,217.4,2025-04-01,Prescription
2025-04-02,Loperamide 2mg,751,2026-04-01,10,25.48,12.0,27.3,254.8,2025-04-01,Prescription
2025-04-02,Clotrimazole Cream,440,2026-04-01,4,302.5,12.0,129.6428571,1210.0,2025-04-01,OTC
2025-04-02,Zincovit,734,2026-03-01,2,115.0,12.0,24.64285714,230.0,2025-04-01,Prescription
2025-04-03,Montelukast 10mg,648,2027-01-01,2,140.0,12.0,30.0,280.0,2025-04-01,Prescription
2025-04-03,Combiflam,244,2026-06-01,3,55.71,12.0,17.90678571,167.13,2025-04-01,Prescription
2025-04-03,Nicotine Patch,513,2025-08-01,6,85.57,12.0,55.00928571,513.42,2025-04-01,Prescription
2025-04-03,Amlodipine 5mg,600,2026-01-01,3,83.9,12.0,26.96785714,251.7,2025-04-01,Prescription
2025-04-04,Disprin,190,2026-05-01,4,5.64,12.0,2.417142857,22.56,2025-04-01,Prescription
2025-04-04,Erythromycin 250mg,377,2026-04-01,4,60.0,12.0,25.71428571,240.0,2025-04-01,Prescription
2025-04-04,Dolo 650mg,994,2026-01-01,6,33.76,12.0,21.70285714,202.56,2025-04-01,Prescription
2025-04-04,Paracetamol 500mg,863,2026-01-01,7,10.08,12.0,7.56,70.56,2025-04-01,Prescription
2025-04-04,Clotrimazole Cream,440,2026-04-01,1,302.5,12.0,32.41071429,302.5,2025-04-01,OTC
2025-04-04,Clotrimazole Cream,440,2026-04-01,1,302.5,12.0,32.41071429,302.5,2025-04-01,OTC
2025-04-05,Combiflam,442,2026-06-01,4,55.71,12.0,23.87571429,222.84,2025-04-01,Prescription
2025-04-05,Disprin,190,2026-05-01,1,5.64,12.0,0.6042857143,5.64,2025-04-01,Prescription
2025-04-05,Montelukast 10mg,762,2027-01-01,8,140.0,12.0,120.0,1120.0,2025-04-01,Prescription
2025-04-05,Metformin 500mg,115,2026-04-01,6,44.0,12.0,28.28571429,264.0,2025-04-01,Prescription
2025-04-05,Hydroxychloroquine 200mg,397,2026-04-01,5,108.7,12.0,58.23214286,543.5,2025-04-01,Prescription
2025-04-05,Digene,338,2026-03-01,7,29.2,12.0,21.9,204.4,2025-04-01,Prescription
2025-04-05,Betadine Ointment,744,2026-03-01,9,97.0,12.0,93.53571429,873.0,2025-04-01,Prescription
2025-04-05,Paracetamol 500mg,249,2026-01-01,15,10.08,12.0,16.2,151.2,2025-04-01,Prescription
2025-04-05,Amlodipine 5mg,600,2026-01-01,6,83.9,12.0,53.93571429,503.4,2025-04-01,Prescription
2025-04-05,Multivitamin Syrup,892,2025-12-01,7,170.0,12.0,127.5,1190.0,2025-04-01,OTC
2025-04-06,Disprin,190,2026-05-01,6,5.64,12.0,3.625714286,33.84,2025-04-01,Prescription
2025-04-06,Combiflam,442,2026-06-01,7,55.71,12.0,41.7825,389.97,2025-04-01,Prescription
2025-04-06,Dolo 650mg,994,2026-01-01,3,33.76,12.0,10.85142857,101.28,2025-04-01,Prescription
2025-04-06,Vitamin C Tablets,818,2026-01-01,8,24.86,12.0,21.30857143,198.88,2025-04-01,OTC
2025-04-06,Crocin Advance,443,2026-01-01,6,20.16,12.0,12.96,120.96,2025-04-01,Prescription
2025-04-07,Amlodipine 5mg,600,2026-01-01,1,83.9,12.0,8.989285714,83.9,2025-04-01,Prescription
2025-04-07,Betadine Ointment,726,2026-05-01,5,97.0,12.0,51.96428571,485.0,2025-04-01,Prescription
2025-04-07,Volini Gel,994,2026-01-01,5,265.0,12.0,141.9642857,1325.0,2025-04-01,OTC
2025-04-07,Metformin 500mg,115,2026-04-01,5,44.0,12.0,23.57142857,220.0,2025-04-01,Prescription
2025-04-07,Amlodipine 5mg,839,2026-01-01,10,83.9,12.0,89.89285714,839.0,2025-04-01,Prescription
2025-04-07,Betadine Ointment,726,2026-05-01,3,97.0,12.0,31.17857143,291.0,2025-04-01,Prescription
2025-04-08,Avil 25mg,535,2026-04-01,8,13.25,12.0,11.35714286,106.0,2025-04-01,Prescription
2025-04-08,Atorvastatin 10mg,166,2026-05-01,9,55.32,12.0,53.34428571,497.88,2025-04-01,Prescription
2025-04-08,Avil 25mg,723,2026-04-01,7,13.25,12.0,9.9375,92.75,2025-04-01,Prescription
2025-04-08,Montelukast 10mg,762,2027-01-01,12,140.0,12.0,180.0,1680.0,2025-04-01,Prescription
2025-04-08,Pantoprazole 40mg,388,2026-04-01,7,153.15,12.0,114.8625,1072.05,2025-04-01,Prescription
2025-04-08,Disprin,190,2026-05-01,7,5.64,12.0,4.23,39.48,2025-04-01,Prescription
2025-04-09,Multivitamin Syrup,996,2025-12-01,8,170.0,12.0,145.7142857,1360.0,2025-04-01,OTC
2025-04-09,Loperamide 2mg,751,2026-04-01,1,25.48,12.0,2.73,25.48,2025-04-01,Prescription
2025-04-09,Chlorpheniramine,212,2026-04-01,2,102.29,12.0,21.91928571,204.58,2025-04-01,Prescription
2025-04-09,Azithromycin 500mg,885,2026-07-01,2,79.16,12.0,16.96285714,158.32,2025-04-01,Prescription
2025-04-09,Dexamethasone 4mg,262,2026-04-01,2,40.0,12.0,8.571428571,80.0,2025-04-01,Prescription
2025-04-10,Multivitamin Syrup,996,2025-12-01,6,170.0,12.0,109.2857143,1020.0,2025-04-01,OTC
2025-04-10,Azithromycin 500mg,930,2026-07-01,9,79.16,12.0,76.33285714,712.44,2025-04-01,Prescription
2025-04-10,Erythromycin 250mg,377,2026-04-01,1,60.0,12.0,6.428571429,60.0,2025-04-01,Prescription
2025-04-10,Montelukast 10mg,684,2027-01-01,12,140.0,12.0,180.0,1680.0,2025-04-01,Prescription
2025-04-10,Azithromycin 500mg,930,2026-07-01,5,79.16,12.0,42.40714286,395.8,2025-04-01,Prescription
2025-04-10,Thyroxine 50mcg,303,2027-04-01,8,140.83,12.0,120.7114286,1126.64,2025-04-01,Prescription
2025-04-10,Atorvastatin 10mg,127,2026-05-01,4,55.32,12.0,23.70857143,221.28,2025-04-01,Prescription
2025-04-10,Ranitidine 150mg,733,2025-12-01,8,13.65,12.0,11.7,109.2,2025-04-01,Prescription
2025-04-10,Amoxicillin 250mg,756,2026-04-01,4,40.99,12.0,17.56714286,163.96,2025-04-01,Prescription
2025-04-10,Volini Gel,994,2026-01-01,3,265.0,12.0,85.17857143,795.0,2025-04-01,OTC
2025-04-11,Ivermectin 12mg,958,2025-12-01,10,177.95,12.0,190.6607143,1779.5,2025-04-01,Prescription
2025-04-11,Hand Sanitizer,200,2026-01-01,8,30.0,12.0,25.71428571,240.0,2025-04-01,OTC
2025-04-11,Ciprofloxacin 500mg,139,2026-04-01,6,47.49,12.0,30.52928571,284.94,2025-04-01,Prescription
2025-04-11,Nicotine Patch,711,2025-08-01,4,85.57,12.0,36.67285714,342.28,2025-04-01,Prescription
2025-04-11,Crocin Advance,443,2026-01-01,5,20.16,12.0,10.8,100.8,2025-04-01,Prescription
2025-04-11,Omeprazole 20mg,110,2026-12-01,1,32.14,12.0,3.443571429,32.14,2025-04-01,Prescription
2025-04-11,Surgical Gloves,416,2027-01-01,3,83.0,12.0,26.67857143,249.0,2025-04-01,Prescription
2025-04-11,Thyroxine 50mcg,303,2027-04-01,5,140.83,12.0,75.44464286,704.15,2025-04-01,Prescription
2025-04-11,Multivitamin Syrup,996,2025-12-01,6,170.0,12.0,109.2857143,1020.0,2025-04-01,OTC
2025-04-11,Becosules,300,2026-01-01,10,60.49,12.0,64.81071429,604.9,2025-04-01,Prescription
2025-04-12,Glibenclamide 5mg,226,2026-06-01,3,48.75,12.0,15.66964286,146.25,2025-04-01,Prescription
2025-04-12,Clotrimazole Cream,440,2026-04-01,1,302.5,12.0,32.41071429,302.5,2025-04-01,OTC
2025-04-12,Insulin 30/70,790,2026-01-01,9,174.0,12.0,167.7857143,1566.0,2025-04-01,Prescription
2025-04-12,Chlorpheniramine,142,2026-12-01,9,102.29,12.0,98.63678571,920.61,2025-04-01,Prescription
2025-04-12,Losartan 50mg,188,2027-01-01,1,96.55,12.0,10.34464286,96.55,2025-04-01,Prescription
2025-04-12,Prednisolone 10mg,467,2025-12-01,9,27.0,12.0,26.03571429,243.0,2025-04-01,Prescription
2025-04-12,Bandage Roll,829,2026-04-01,7,22.0,12.0,16.5,154.0,2025-04-01,Prescription
2025-04-13,Allegra 120mg,104,2026-07-01,5,264.72,12.0,141.8142857,1323.6,2025-04-01,Prescription
2025-04-13,Digene,338,2026-03-01,7,29.2,12.0,21.9,204.4,2025-04-01,Prescription
2025-04-13,Hydroxychloroquine 200mg,397,2026-04-01,3,108.7,12.0,34.93928571,326.1,2025-04-01,Prescription
2025-04-13,N95 Mask,877,2025-12-01,2,28.0,12.0,6.0,56.0,2025-04-01,Prescription
2025-04-13,Clotrimazole Cream,725,2026-05-01,10,302.5,12.0,324.1071429,3025.0,2025-04-01,OTC
2025-04-13,Chlorpheniramine,142,2026-12-01,4,102.29,12.0,43.83857143,409.16,2025-04-01,Prescription
2025-04-13,Combiflam,442,2026-06-01,9,55.71,12.0,53.72035714,501.39,2025-04-01,Prescription
2025-04-13,Salbutamol Inhaler,143,2026-01-01,9,73.26,12.0,70.64357143,659.34,2025-04-01,Prescription
2025-04-13,Erythromycin 250mg,377,2026-04-01,8,60.0,12.0,51.42857143,480.0,2025-04-01,Prescription
2025-04-14,Clotrimazole Cream,725,2026-05-01,5,302.5,12.0,162.0535714,1512.5,2025-04-01,OTC
2025-04-14,Metformin 500mg,115,2026-04-01,11,44.0,12.0,51.85714286,484.0,2025-04-01,Prescription
2025-04-14,Glibenclamide 5mg,226,2026-06-01,8,48.75,12.0,41.78571429,390.0,2025-04-01,Prescription
2025-04-14,Losartan 50mg,188,2027-01-01,9,96.55,12.0,93.10178571,868.95,2025-04-01,Prescription
2025-04-14,Amoxicillin 250mg,883,2026-04-01,5,40.99,12.0,21.95892857,204.95,2025-04-01,Prescription
2025-04-15,Azithromycin 500mg,930,2026-07-01,3,79.16,12.0,25.44428571,237.48,2025-04-01,Prescription
2025-04-15,Digene,338,2026-03-01,6,29.2,12.0,18.77142857,175.2,2025-04-01,Prescription
2025-04-15,Metformin 500mg,115,2026-04-01,8,44.0,12.0,37.71428571,352.0,2025-04-01,Prescription
2025-04-15,Calpol 500mg,162,2026-01-01,6,14.95,12.0,9.610714286,89.7,2025-04-01,Prescription
2025-04-15,Disprin,190,2026-05-01,1,5.64,12.0,0.6042857143,5.64,2025-04-01,Prescription
2025-04-15,Combiflam,442,2026-06-01,8,55.71,12.0,47.75142857,445.68,2025-04-01,Prescription
2025-04-15,Dexamethasone 4mg,836,2026-04-01,6,40.0,12.0,25.71428571,240.0,2025-04-01,Prescription
2025-04-15,Domperidone 10mg,812,2026-04-01,6,25.86,12.0,16.62428571,155.16,2025-04-01,Prescription
2025-04-15,Nicotine Patch,711,2025-08-01,3,85.57,12.0,27.50464286,256.71,2025-04-01,Prescription
2025-04-16,Atorvastatin 10mg,127,2026-05-01,8,55.32,12.0,47.41714286,442.56,2025-04-01,Prescription
2025-04-16,Bandage Roll,104,2026-12-01,15,22.0,12.0,35.35714286,330.0,2025-04-01,Prescription
2025-04-16,Hand Sanitizer,200,2026-01-01,6,30.0,12.0,19.28571429,180.0,2025-04-01,OTC
2025-04-16,Multivitamin Syrup,246,2025-12-01,10,170.0,12.0,182.1428571,1700.0,2025-04-01,OTC
2025-04-16,Nicotine Patch,711,2025-08-01,3,85.57,12.0,27.50464286,256.71,2025-04-01,Prescription
2025-04-17,Hand Sanitizer,200,2026-01-01,5,30.0,12.0,16.07142857,150.0,2025-04-01,OTC
2025-04-17,Disprin,190,2026-05-01,9,5.64,12.0,5.438571429,50.76,2025-04-01,Prescription
2025-04-17,Dolo 650mg,994,2026-01-01,6,33.76,12.0,21.70285714,202.56,2025-04-01,Prescription
2025-04-17,Surgical Gloves,416,2027-01-01,4,83.0,12.0,35.57142857,332.0,2025-04-01,Prescription
2025-04-17,Combiflam,442,2026-06-01,7,55.71,12.0,41.7825,389.97,2025-04-01,Prescription
2025-04-17,Multivitamin Syrup,246,2025-12-01,5,170.0,12.0,91.07142857,850.0,2025-04-01,OTC
2025-04-17,Glibenclamide 5mg,226,2026-06-01,7,48.75,12.0,36.5625,341.25,2025-04-01,Prescription
2025-04-18,Erythromycin 250mg,377,2026-04-01,7,60.0,12.0,45.0,420.0,2025-04-01,Prescription
2025-04-18,Crocin Advance,311,2026-05-01,2,20.16,12.0,4.32,40.32,2025-04-01,Prescription
2025-04-18,Omeprazole 20mg,985,2026-12-01,8,32.14,12.0,27.54857143,257.12,2025-04-01,Prescription
2025-04-18,Betadine Ointment,726,2026-05-01,3,97.0,12.0,31.17857143,291.0,2025-04-01,Prescription
2025-04-18,Tetanus Toxoid,666,2028-04-01,10,11.35,12.0,12.16071429,113.5,2025-04-01,Prescription
2025-04-18,Ivermectin 12mg,880,2026-04-01,6,177.95,12.0,114.3964286,1067.7,2025-04-01,Prescription
2025-04-18,Ciprofloxacin 500mg,201,2026-04-01,4,47.49,12.0,20.35285714,189.96,2025-04-01,Prescription
2025-04-18,Thyroxine 50mcg,303,2027-04-01,6,140.83,12.0,90.53357143,844.98,2025-04-01,Prescription
2025-04-18,Avil 25mg,723,2026-04-01,8,13.25,12.0,11.35714286,106.0,2025-04-01,Prescription
2025-04-19,Hand Sanitizer,200,2026-01-01,2,30.0,12.0,6.428571429,60.0,2025-04-01,OTC
2025-04-19,Allegra 120mg,104,2026-07-01,1,264.72,12.0,28.36285714,264.72,2025-04-01,Prescription
2025-04-19,Surgical Gloves,416,2027-01-01,3,83.0,12.0,26.67857143,249.0,2025-04-01,Prescription
2025-04-19,Dexamethasone 4mg,836,2026-04-01,7,40.0,12.0,30.0,280.0,2025-04-01,Prescription
2025-04-19,Vitamin C Tablets,360,2026-01-01,5,24.86,12.0,13.31785714,124.3,2025-04-01,OTC
2025-04-19,Cetirizine 10mg,121,2025-12-01,4,21.05,12.0,9.021428571,84.2,2025-04-01,Prescription
2025-04-19,Prednisolone 10mg,467,2025-12-01,6,27.0,12.0,17.35714286,162.0,2025-04-01,Prescription
2025-04-20,Ivermectin 12mg,880,2026-04-01,5,177.95,12.0,95.33035714,889.75,2025-04-01,Prescription
2025-04-20,Levocetirizine 5mg,587,2026-12-01,4,35.0,12.0,15.0,140.0,2025-04-01,Prescription
2025-04-20,Tetanus Toxoid,666,2028-04-01,9,11.35,12.0,10.94464286,102.15,2025-04-01,Prescription
2025-04-20,Salbutamol Inhaler,956,2026-01-01,7,73.26,12.0,54.945,512.82,2025-04-01,Prescription
2025-04-20,Allegra 120mg,104/830,2026-07-01,7,264.72,12.0,198.54,1853.04,2025-04-01,Prescription
2025-04-20,Insulin 30/70,526,2026-01-01,13,174.0,12.0,242.3571429,2262.0,2025-04-01,Prescription
2025-04-20,Disprin,190,2026-05-01,6,5.64,12.0,3.625714286,33.84,2025-04-01,Prescription
2025-04-21,Surgical Gloves,416,2027-01-01,5,83.0,12.0,44.46428571,415.0,2025-04-01,Prescription
2025-04-21,Becosules,358,2026-04-01,2,60.49,12.0,12.96214286,120.98,2025-04-01,Prescription
2025-04-21,Dolo 650mg,994,2026-01-01,9,33.76,12.0,32.55428571,303.84,2025-04-01,Prescription
2025-04-21,Ciprofloxacin 500mg,201,2026-04-01,4,47.49,12.0,20.35285714,189.96,2025-04-01,Prescription
2025-04-21,Chlorpheniramine,142,2026-12-01,7,102.29,12.0,76.7175,716.03,2025-04-01,Prescription
2025-04-21,Avil 25mg,723,2026-04-01,4,13.25,12.0,5.678571429,53.0,2025-04-01,Prescription
2025-04-22,Becosules,358,2026-04-01,8,60.49,12.0,51.84857143,483.92,2025-04-01,Prescription
2025-04-22,Zincovit,734,2026-03-01,8,115.0,12.0,98.57142857,920.0,2025-04-01,Prescription
2025-04-22,Volini Gel,994,2026-01-01,8,265.0,12.0,227.1428571,2120.0,2025-04-01,OTC
2025-04-22,Combiflam,442,2026-06-01,5,55.71,12.0,29.84464286,278.55,2025-04-01,Prescription
2025-04-22,Erythromycin 250mg,377,2026-04-01,7,60.0,12.0,45.0,420.0,2025-04-01,Prescription
2025-04-22,Pantoprazole 40mg,388,2026-04-01,1,153.15,12.0,16.40892857,153.15,2025-04-01,Prescription
2025-04-22,Surgical Gloves,416,2027-01-01,5,83.0,12.0,44.46428571,415.0,2025-04-01,Prescription
2025-04-23,Hand Sanitizer,200,2026-01-01,9,30.0,12.0,28.92857143,270.0,2025-04-01,OTC
2025-04-23,Cetirizine 10mg,384,2026-03-01,6,21.05,12.0,13.53214286,126.3,2025-04-01,Prescription
2025-04-23,Surgical Gloves,177,2027-01-01,8,83.0,12.0,71.14285714,664.0,2025-04-01,Prescription
2025-04-23,Ivermectin 12mg,880,2026-04-01,8,177.95,12.0,152.5285714,1423.6,2025-04-01,Prescription
2025-04-23,Volini Gel,994,2026-01-01,4,265.0,12.0,113.5714286,1060.0,2025-04-01,OTC
2025-04-23,Avil 25mg,723,2026-04-01,9,13.25,12.0,12.77678571,119.25,2025-04-01,Prescription
2025-04-23,Pantoprazole 40mg,388,2026-04-01,2,153.15,12.0,32.81785714,306.3,2025-04-01,Prescription
2025-04-24,Vitamin C Tablets,360,2026-01-01,9,24.86,12.0,23.97214286,223.74,2025-04-01,OTC
2025-04-24,Volini Gel,994,2026-01-01,5,265.0,12.0,141.9642857,1325.0,2025-04-01,OTC
2025-04-24,Ciprofloxacin 500mg,201,2026-04-01,2,47.49,12.0,10.17642857,94.98,2025-04-01,Prescription
2025-04-24,Prednisolone 10mg,467,2025-12-01,5,27.0,12.0,14.46428571,135.0,2025-04-01,Prescription
2025-04-24,Calpol 500mg,774,2026-07-01,3,14.95,12.0,4.805357143,44.85,2025-04-01,Prescription
2025-04-24,Atorvastatin 10mg,178,2026-05-01,9,55.32,12.0,53.34428571,497.88,2025-04-01,Prescription
2025-04-25,Clotrimazole Cream,725,2026-05-01,3,302.5,12.0,97.23214286,907.5,2025-04-01,OTC
2025-04-25,Nicotine Patch,711,2025-08-01,8,85.57,12.0,73.34571429,684.56,2025-04-01,Prescription
2025-04-25,Ranitidine 150mg,733,2025-12-01,10,13.65,12.0,14.625,136.5,2025-04-01,Prescription
2025-04-25,Digene,141,2026-03-01,6,29.2,12.0,18.77142857,175.2,2025-04-01,Prescription
2025-04-25,Tetanus Toxoid,666,2028-04-01,6,11.35,12.0,7.296428571,68.1,2025-04-01,Prescription
2025-04-25,Combiflam,322,2026-06-01,9,55.71,12.0,53.72035714,501.39,2025-04-01,Prescription
2025-04-25,Domperidone 10mg,812,2026-04-01,3,25.86,12.0,8.312142857,77.58,2025-04-01,Prescription
2025-04-25,Avil 25mg,723,2026-04-01,8,13.25,12.0,11.35714286,106.0,2025-04-01,Prescription
2025-04-26,Domperidone 10mg,812,2026-04-01,6,25.86,12.0,16.62428571,155.16,2025-04-01,Prescription
2025-04-26,Prednisolone 10mg,467,2025-12-01,9,27.0,12.0,26.03571429,243.0,2025-04-01,Prescription
2025-04-26,Thermometer,106,,5,190.0,12.0,101.7857143,950.0,2025-04-01,Prescription
2025-04-26,Thyroxine 50mcg,303,2027-04-01,5,140.83,12.0,75.44464286,704.15,2025-04-01,Prescription
2025-04-26,Chlorpheniramine,142,2026-12-01,2,102.29,12.0,21.91928571,204.58,2025-04-01,Prescription
2025-04-27,Disprin,338,2026-05-01,6,5.64,12.0,3.625714286,33.84,2025-04-01,Prescription
2025-04-27,Azithromycin 500mg,930,2026-07-01,2,79.16,12.0,16.96285714,158.32,2025-04-01,Prescription
2025-04-27,Ciprofloxacin 500mg,155,2026-04-01,10,47.49,12.0,50.88214286,474.9,2025-04-01,Prescription
2025-04-27,Domperidone 10mg,466,2026-04-01,3,25.86,12.0,8.312142857,77.58,2025-04-01,Prescription
2025-04-27,Hand Sanitizer,295,2026-01-01,10,30.0,12.0,32.14285714,300.0,2025-04-01,OTC
2025-04-27,Thyroxine 50mcg,303,2027-04-01,6,140.83,12.0,90.53357143,844.98,2025-04-01,Prescription
2025-04-27,Pantoprazole 40mg,388,2026-04-01,9,153.15,12.0,147.6803571,1378.35,2025-04-01,Prescription
2025-04-28,Dexamethasone 4mg,836,2026-04-01,10,40.0,12.0,42.85714286,400.0,2025-04-01,Prescription
2025-04-28,N95 Mask,537,2025-12-01,1,28.0,12.0,3.0,28.0,2025-04-01,Prescription
2025-04-28,Clotrimazole Cream,725,2026-05-01,7,302.5,12.0,226.875,2117.5,2025-04-01,OTC
2025-04-28,Amoxicillin 250mg,212,2026-04-01,3,40.99,12.0,13.17535714,122.97,2025-04-01,Prescription
2025-04-28,Hydroxychloroquine 200mg,397,2026-04-01,7,108.7,12.0,81.525,760.9,2025-04-01,Prescription
2025-04-28,Bandage Roll,104,2026-12-01,13,22.0,12.0,30.64285714,286.0,2025-04-01,Prescription
2025-04-28,Losartan 50mg,587,2027-01-01,6,96.55,12.0,62.06785714,579.3,2025-04-01,Prescription
2025-04-28,Paracetamol 500mg,249,2026-01-01,15,10.08,12.0,16.2,151.2,2025-04-01,Prescription
2025-04-29,Clotrimazole Cream,294,2026-05-01,8,302.5,12.0,259.2857143,2420.0,2025-04-01,OTC
2025-04-29,Dexamethasone 4mg,836,2026-04-01,7,40.0,12.0,30.0,280.0,2025-04-01,Prescription
2025-04-29,Chlorpheniramine,142,2026-12-01,8,102.29,12.0,87.67714286,818.32,2025-04-01,Prescription
2025-04-29,Omeprazole 20mg,985,2026-12-01,7,32.14,12.0,24.105,224.98,2025-04-01,Prescription
2025-04-29,Salbutamol Inhaler,956,2026-01-01,5,73.26,12.0,39.24642857,366.3,2025-04-01,Prescription
2025-04-29,Bandage Roll,104,2026-12-01,18,22.0,12.0,42.42857143,396.0,2025-04-01,Prescription
2025-04-29,Ivermectin 12mg,199,2026-04-01,9,177.95,12.0,171.5946429,1601.55,2025-04-01,Prescription
2025-04-29,Becosules,920,2026-04-01,8,60.49,12.0,51.84857143,483.92,2025-04-01,Prescription
2025-04-30,Azithromycin 500mg,930,2026-07-01,6,79.16,12.0,50.88857143,474.96,2025-04-01,Prescription
2025-04-30,Volini Gel,144,2026-01-01,7,265.0,12.0,198.75,1855.0,2025-04-01,OTC
2025-04-30,N95 Mask,537,2025-12-01,5,28.0,12.0,15.0,140.0,2025-04-01,Prescription
2025-04-30,Hydroxychloroquine 200mg,547,2026-04-01,8,108.7,12.0,93.17142857,869.6,2025-04-01,Prescription
2025-04-30,Glibenclamide 5mg,226,2026-06-01,5,48.75,12.0,26.11607143,243.75,2025-04-01,Prescription
2025-04-30,ORS Sachet,105,2025-12-01,10,28.32,12.0,30.34285714,283.2,2025-04-01,Prescription
2025-04-30,Salbutamol Inhaler,956,2026-01-01,4,73.26,12.0,31.39714286,293.04,2025-04-01,Prescription
2025-04-30,Digene,141,2026-03-01,8,29.2,12.0,25.02857143,233.6,2025-04-01,Prescription
2025-04-30,Chlorpheniramine,929,2026-12-01,5,102.29,12.0,54.79821429,511.45,2025-04-01,Prescription
2025-05-01,Montelukast 10mg,684,2027-01-01,18,140.0,12.0,270.0,2520.0,2025-05-01,Prescription
2025-05-01,Hydroxychloroquine 200mg,547,2026-04-01,9,108.7,12.0,104.8178571,978.3,2025-05-01,Prescription
2025-05-01,Vitamin C Tablets,360,2026-01-01,4,24.86,12.0,10.65428571,99.44,2025-05-01,OTC
2025-05-01,Clotrimazole Cream,294,2026-05-01,5,302.5,12.0,162.0535714,1512.5,2025-05-01,OTC
2025-05-01,Surgical Gloves,177,2027-01-01,4,83.0,12.0,35.57142857,332.0,2025-05-01,Prescription
2025-05-01,Nicotine Patch,711,2025-08-01,6,85.57,12.0,55.00928571,513.42,2025-05-01,Prescription
2025-05-01,Tetanus Toxoid,328,2028-04-01,8,11.35,12.0,9.728571429,90.8,2025-05-01,Prescription
2025-05-01,Clotrimazole Cream,294,2026-05-01,4,302.5,12.0,129.6428571,1210.0,2025-05-01,OTC
2025-05-01,Omeprazole 20mg,985,2026-12-01,2,32.14,12.0,6.887142857,64.28,2025-05-01,Prescription
2025-05-02,Thermometer,106,,2,190.0,12.0,40.71428571,380.0,2025-05-01,Prescription
2025-05-02,Levocetirizine 5mg,134,2026-12-01,10,35.0,12.0,37.5,350.0,2025-05-01,Prescription
2025-05-02,Surgical Gloves,177,2027-01-01,8,83.0,12.0,71.14285714,664.0,2025-05-01,Prescription
2025-05-02,Combiflam,322,2026-06-01,2,55.71,12.0,11.93785714,111.42,2025-05-01,Prescription
2025-05-02,Bandage Roll,380,2026-12-01,6,22.0,12.0,14.14285714,132.0,2025-05-01,Prescription
2025-05-03,Insulin 30/70,526,2026-01-01,12,174.0,12.0,223.7142857,2088.0,2025-05-01,Prescription
2025-05-03,Ranitidine 150mg,733,2025-12-01,11,13.65,12.0,16.0875,150.15,2025-05-01,Prescription
2025-05-03,Salbutamol Inhaler,956,2026-01-01,6,73.26,12.0,47.09571429,439.56,2025-05-01,Prescription
2025-05-03,Disprin,338,2026-05-01,6,5.64,12.0,3.625714286,33.84,2025-05-01,Prescription
2025-05-03,Amoxicillin 250mg,703,2027-07-01,6,40.99,12.0,26.35071429,245.94,2025-05-01,Prescription
2025-05-04,ORS Sachet,105,2025-12-01,6,39.41,12.0,25.335,236.46,2025-05-01,Prescription
2025-05-04,Cetirizine 10mg,384,2026-03-01,5,21.05,12.0,11.27678571,105.25,2025-05-01,Prescription
2025-05-04,Dolo 650mg,187,2026-01-01,4,33.76,12.0,14.46857143,135.04,2025-05-01,Prescription
2025-05-04,Ibuprofen 400mg,395,2026-05-01,10,12.88,12.0,13.8,128.8,2025-05-01,Prescription
2025-05-04,Ivermectin 12mg,199,2026-04-01,6,177.95,12.0,114.3964286,1067.7,2025-05-01,Prescription
2025-05-04,Prednisolone 10mg,467,2025-12-01,7,27.0,12.0,20.25,189.0,2025-05-01,Prescription
2025-05-05,Salbutamol Inhaler,956,2026-01-01,4,73.26,12.0,31.39714286,293.04,2025-05-01,Prescription
2025-05-05,Combiflam,322,2026-06-01,4,55.71,12.0,23.87571429,222.84,2025-05-01,Prescription
2025-05-05,Omeprazole 20mg,985,2026-12-01,3,32.14,12.0,10.33071429,96.42,2025-05-01,Prescription
2025-05-05,Crocin Advance,311,2026-05-01,5,20.16,12.0,10.8,100.8,2025-05-01,Prescription
2025-05-05,Nicotine Patch,711,2025-08-01,4,85.57,12.0,36.67285714,342.28,2025-05-01,Prescription
2025-05-05,Ranitidine 150mg,733,2025-12-01,2,13.65,12.0,2.925,27.3,2025-05-01,Prescription
2025-05-05,Calpol 500mg,774,2026-07-01,3,14.95,12.0,4.805357143,44.85,2025-05-01,Prescription
2025-05-05,Volini Gel,144,2026-01-01,7,265.0,12.0,198.75,1855.0,2025-05-01,OTC
2025-05-05,Erythromycin 250mg,272,2026-04-01,8,60.0,12.0,51.42857143,480.0,2025-05-01,Prescription
2025-05-05,Azithromycin 500mg,366,2026-07-01,7,79.16,12.0,59.37,554.12,2025-05-01,Prescription
2025-05-06,Dexamethasone 4mg,806,2026-04-01,8,40.0,12.0,34.28571429,320.0,2025-05-01,Prescription
2025-05-06,Insulin 30/70,106,2026-01-01,9,174.0,12.0,167.7857143,1566.0,2025-05-01,Prescription
2025-05-06,Erythromycin 250mg,272,2026-04-01,7,60.0,12.0,45.0,420.0,2025-05-01,Prescription
2025-05-06,Metformin 500mg,221,2026-04-01,6,44.0,12.0,28.28571429,264.0,2025-05-01,Prescription
2025-05-06,Pantoprazole 40mg,295,2026-04-01,7,153.15,12.0,114.8625,1072.05,2025-05-01,Prescription
2025-05-06,Metformin 500mg,221,2026-04-01,10,44.0,12.0,47.14285714,440.0,2025-05-01,Prescription
2025-05-06,Salbutamol Inhaler,956,2026-01-01,4,73.26,12.0,31.39714286,293.04,2025-05-01,Prescription
2025-05-07,Vitamin C Tablets,360,2026-01-01,4,24.86,12.0,10.65428571,99.44,2025-05-01,OTC
2025-05-07,Zincovit,679,2026-03-01,7,115.0,12.0,86.25,805.0,2025-05-01,Prescription
2025-05-07,Omeprazole 20mg,985,2026-12-01,5,32.14,12.0,17.21785714,160.7,2025-05-01,Prescription
2025-05-07,Amoxicillin 250mg,703,2027-07-01,9,40.99,12.0,39.52607143,368.91,2025-05-01,Prescription
2025-05-10,Dexamethasone 4mg,806,2026-04-01,8,40.0,12.0,34.28571429,320.0,2025-05-01,Prescription
2025-05-07,Amlodipine 5mg,839/253,2026-01-01,5,83.9,12.0,44.94642857,419.5,2025-05-01,Prescription
2025-05-07,Crocin Advance,311,2026-05-01,4,20.16,12.0,8.64,80.64,2025-05-01,Prescription
2025-05-07,Thermometer,106,,3,190.0,12.0,61.07142857,570.0,2025-05-01,Prescription
2025-05-07,Betadine Ointment,162,2026-05-01,3,97.0,12.0,31.17857143,291.0,2025-05-01,Prescription
2025-05-07,Salbutamol Inhaler,239,2026-01-01,3,73.26,12.0,23.54785714,219.78,2025-05-01,Prescription
2025-05-08,Dexamethasone 4mg,806,2026-04-01,5,40.0,12.0,21.42857143,200.0,2025-05-01,Prescription
2025-05-08,Losartan 50mg,587,2027-01-01,14,96.55,12.0,144.825,1351.7,2025-05-01,Prescription
2025-05-08,Hydroxychloroquine 200mg,547,2026-04-01,8,108.7,12.0,93.17142857,869.6,2025-05-01,Prescription
2025-05-08,Paracetamol 500mg,580,2026-01-01,6,10.08,12.0,6.48,60.48,2025-05-01,Prescription
2025-05-08,Allegra 120mg,830/171,2026-07-01,9,264.72,12.0,255.2657143,2382.48,2025-05-01,Prescription
2025-05-08,Thyroxine 50mcg,445,2027-04-01,8,140.83,12.0,120.7114286,1126.64,2025-05-01,Prescription
2025-05-08,Cetirizine 10mg,384,2026-03-01,3,21.05,12.0,6.766071429,63.15,2025-05-01,Prescription
2025-05-08,Ibuprofen 400mg,991,2026-07-01,7,12.88,12.0,9.66,90.16,2025-05-01,Prescription
2025-05-09,Nicotine Patch,711,2025-08-01,8,85.57,12.0,73.34571429,684.56,2025-05-01,Prescription
2025-05-09,Hydroxychloroquine 200mg,828,2026-04-01,6,108.7,12.0,69.87857143,652.2,2025-05-01,Prescription
2025-05-09,Chlorpheniramine,929,2026-12-01,3,102.29,12.0,32.87892857,306.87,2025-05-01,Prescription
2025-05-09,Betadine Ointment,162,2026-05-01,5,97.0,12.0,51.96428571,485.0,2025-05-01,Prescription
2025-05-09,ORS Sachet,105,2025-12-01,8,17.08,12.0,14.64,136.64,2025-05-01,Prescription
2025-05-09,Crocin Advance,311,2026-05-01,10,20.16,12.0,21.6,201.6,2025-05-01,Prescription
2025-05-09,Insulin 30/70,106,2026-01-01,11,174.0,12.0,205.0714286,1914.0,2025-05-01,Prescription
2025-05-09,Multivitamin Syrup,246,2025-12-01,7,170.0,12.0,127.5,1190.0,2025-05-01,OTC
2025-05-09,Tetanus Toxoid,328,2028-04-01,5,11.35,12.0,6.080357143,56.75,2025-05-01,Prescription
2025-05-10,ORS Sachet,105,2025-12-01,8,36.0,12.0,30.85714286,288.0,2025-05-01,Prescription
2025-05-10,Amlodipine 5mg,253,2026-01-01,8,83.9,12.0,71.91428571,671.2,2025-05-01,Prescription
2025-05-10,Vitamin C Tablets,360,2026-01-01,8,24.86,12.0,21.30857143,198.88,2025-05-01,OTC
2025-05-10,Multivitamin Syrup,269,2025-12-01,6,170.0,12.0,109.2857143,1020.0,2025-05-01,OTC
2025-05-10,Zincovit,679,2026-03-01,1,115.0,12.0,12.32142857,115.0,2025-05-01,Prescription
2025-05-10,Losartan 50mg,799,2027-01-01,6,96.55,12.0,62.06785714,579.3,2025-05-01,Prescription
2025-05-11,Hydroxychloroquine 200mg,828,2026-04-01,5,108.7,12.0,58.23214286,543.5,2025-05-01,Prescription
2025-05-11,Digene,141,2026-03-01,8,29.2,12.0,25.02857143,233.6,2025-05-01,Prescription
2025-05-11,ORS Sachet,105,2025-12-01,6,41.7,12.0,26.80714286,250.2,2025-05-01,Prescription
2025-05-11,Nicotine Patch,711,2025-08-01,9,85.57,12.0,82.51392857,770.13,2025-05-01,Prescription
2025-05-11,Losartan 50mg,799,2027-01-01,9,96.55,12.0,93.10178571,868.95,2025-05-01,Prescription
2025-05-11,Dolo 650mg,187,2026-01-01,7,33.76,12.0,25.32,236.32,2025-05-01,Prescription
2025-05-11,Levocetirizine 5mg,134,2026-12-01,10,35.0,12.0,37.5,350.0,2025-05-01,Prescription
2025-05-11,Amoxicillin 250mg,703,2027-07-01,7,40.99,12.0,30.7425,286.93,2025-05-01,Prescription
2025-05-12,Hand Sanitizer,295,2026-01-01,9,30.0,12.0,28.92857143,270.0,2025-05-01,OTC
2025-05-12,Volini Gel,144,2026-01-01,5,265.0,12.0,141.9642857,1325.0,2025-05-01,OTC
2025-05-12,Bandage Roll,380,2026-12-01,13,22.0,12.0,30.64285714,286.0,2025-05-01,Prescription
2025-05-12,Loperamide 2mg,362,2026-04-01,4,25.48,12.0,10.92,101.92,2025-05-01,Prescription
2025-05-12,Nicotine Patch,711,2025-08-01,5,85.57,12.0,45.84107143,427.85,2025-05-01,Prescription
2025-05-12,Crocin Advance,311,2026-05-01,1,20.16,12.0,2.16,20.16,2025-05-01,Prescription
2025-05-12,Paracetamol 500mg,580,2026-01-01,10,10.08,12.0,10.8,100.8,2025-05-01,Prescription
2025-05-12,Azithromycin 500mg,366,2026-07-01,5,79.16,12.0,42.40714286,395.8,2025-05-01,Prescription
2025-05-12,Becosules,920,2026-04-01,6,60.49,12.0,38.88642857,362.94,2025-05-01,Prescription
2025-05-13,Dexamethasone 4mg,806,2026-04-01,3,40.0,12.0,12.85714286,120.0,2025-05-01,Prescription
2025-05-13,Crocin Advance,311,2026-05-01,3,20.16,12.0,6.48,60.48,2025-05-01,Prescription
2025-05-13,Disprin,338,2026-05-01,7,5.64,12.0,4.23,39.48,2025-05-01,Prescription
2025-05-13,Bandage Roll,380,2026-12-01,9,22.0,12.0,21.21428571,198.0,2025-05-01,Prescription
2025-05-13,Vitamin C Tablets,703,2026-01-01,7,24.86,12.0,18.645,174.02,2025-05-01,OTC
2025-05-13,Becosules,920,2026-04-01,8,60.49,12.0,51.84857143,483.92,2025-05-01,Prescription
2025-05-13,Digene,141,2026-03-01,3,29.2,12.0,9.385714286,87.6,2025-05-01,Prescription
2025-05-14,Paracetamol 500mg,580,2026-01-01,14,10.08,12.0,15.12,141.12,2025-05-01,Prescription
2025-05-14,Multivitamin Syrup,269,2025-12-01,9,170.0,12.0,163.9285714,1530.0,2025-05-01,OTC
2025-05-14,Omeprazole 20mg,484,2026-12-01,2,32.14,12.0,6.887142857,64.28,2025-05-01,Prescription
2025-05-14,Atorvastatin 10mg,178,2026-05-01,1,55.32,12.0,5.927142857,55.32,2025-05-01,Prescription
2025-05-14,Calpol 500mg,774,2026-07-01,5,14.95,12.0,8.008928571,74.75,2025-05-01,Prescription
2025-05-14,Hydroxychloroquine 200mg,732,2026-04-01,8,108.7,12.0,93.17142857,869.6,2025-05-01,Prescription
2025-05-14,Volini Gel,144,2026-01-01,2,265.0,12.0,56.78571429,530.0,2025-05-01,OTC
2025-05-15,Avil 25mg,723,2026-04-01,3,13.25,12.0,4.258928571,39.75,2025-05-01,Prescription
2025-05-15,Disprin,338,2026-05-01,6,5.64,12.0,3.625714286,33.84,2025-05-01,Prescription
2025-05-15,Chlorpheniramine,929,2026-12-01,3,102.29,12.0,32.87892857,306.87,2025-05-01,Prescription
2025-05-15,ORS Sachet,105,2025-12-01,4,30.5,12.0,13.07142857,122.0,2025-05-01,Prescription
2025-05-15,Ivermectin 12mg,199,2026-04-01,5,177.95,12.0,95.33035714,889.75,2025-05-01,Prescription
2025-05-15,Vitamin C Tablets,703,2026-01-01,8,24.86,12.0,21.30857143,198.88,2025-05-01,OTC
2025-05-15,Thyroxine 50mcg,445,2027-04-01,4,140.83,12.0,60.35571429,563.32,2025-05-01,Prescription
2025-05-15,N95 Mask,537,2025-12-01,1,28.0,12.0,3.0,28.0,2025-05-01,Prescription
2025-05-15,Volini Gel,144,2026-01-01,8,265.0,12.0,227.1428571,2120.0,2025-05-01,OTC
2025-05-15,Ranitidine 150mg,733,2025-12-01,10,13.65,12.0,14.625,136.5,2025-05-01,Prescription
2025-05-16,Cetirizine 10mg,704,2026-03-01,4,21.05,12.0,9.021428571,84.2,2025-05-01,Prescription
2025-05-16,Crocin Advance,895,2026-05-01,6,20.16,12.0,12.96,120.96,2025-05-01,Prescription
2025-05-16,Paracetamol 500mg,359,2026-01-01,12,10.08,12.0,12.96,120.96,2025-05-01,Prescription
2025-05-16,Multivitamin Syrup,269,2025-12-01,5,170.0,12.0,91.07142857,850.0,2025-05-01,OTC
2025-05-16,Ciprofloxacin 500mg,155,2026-04-01,9,47.49,12.0,45.79392857,427.41,2025-05-01,Prescription
2025-05-16,Betadine Ointment,162,2026-05-01,2,97.0,12.0,20.78571429,194.0,2025-05-01,Prescription
2025-05-16,Crocin Advance,895,2026-05-01,9,20.16,12.0,19.44,181.44,2025-05-01,Prescription
2025-05-16,Zincovit,679,2026-03-01,7,115.0,12.0,86.25,805.0,2025-05-01,Prescription
2025-05-16,Dolo 650mg,187/723,2026-01-01,5,33.76,12.0,18.08571429,168.8,2025-05-01,Prescription
2025-05-16,Volini Gel,144,2026-01-01,6,265.0,12.0,170.3571429,1590.0,2025-05-01,OTC
2025-05-17,Ibuprofen 400mg,991,2026-07-01,6,12.88,12.0,8.28,77.28,2025-05-01,Prescription
2025-05-17,Amlodipine 5mg,401,2026-01-01,9,83.9,12.0,80.90357143,755.1,2025-05-01,Prescription
2025-05-17,Calpol 500mg,774,2026-07-01,3,14.95,12.0,4.805357143,44.85,2025-05-01,Prescription
2025-05-17,Cetirizine 10mg,704,2026-03-01,3,21.05,12.0,6.766071429,63.15,2025-05-01,Prescription
2025-05-17,Levocetirizine 5mg,122,2026-12-01,10,35.0,12.0,37.5,350.0,2025-05-01,Prescription
2025-05-17,Avil 25mg,723,2026-04-01,5,13.25,12.0,7.098214286,66.25,2025-05-01,Prescription
2025-05-17,Erythromycin 250mg,876,2026-04-01,4,60.0,12.0,25.71428571,240.0,2025-05-01,Prescription
2025-05-17,Azithromycin 500mg,366,2026-07-01,3,79.16,12.0,25.44428571,237.48,2025-05-01,Prescription
2025-05-17,Crocin Advance,895,2026-05-01,8,20.16,12.0,17.28,161.28,2025-05-01,Prescription
2025-05-17,Dexamethasone 4mg,806,2026-04-01,6,40.0,12.0,25.71428571,240.0,2025-05-01,Prescription
2025-05-17,Prednisolone 10mg,467,2025-12-01,7,27.0,12.0,20.25,189.0,2025-05-01,Prescription
2025-05-17,Digene,415,2026-03-01,7,29.2,12.0,21.9,204.4,2025-05-01,Prescription
2025-05-18,Volini Gel,144,2026-01-01,3,265.0,12.0,85.17857143,795.0,2025-05-01,OTC
2025-05-18,N95 Mask,537,2025-12-01,4,28.0,12.0,12.0,112.0,2025-05-01,Prescription
2025-05-18,Zincovit,481,2026-03-01,6,115.0,12.0,73.92857143,690.0,2025-05-01,Prescription
2025-05-18,Nicotine Patch,711,2025-08-01,9,85.57,12.0,82.51392857,770.13,2025-05-01,Prescription
2025-05-18,Zincovit,481,2026-03-01,3,115.0,12.0,36.96428571,345.0,2025-05-01,Prescription
2025-05-18,Thermometer,422,,5,190.0,12.0,101.7857143,950.0,2025-05-01,Prescription
2025-05-18,Insulin 30/70,556,2026-01-01,13,174.0,12.0,242.3571429,2262.0,2025-05-01,Prescription
2025-05-18,Multivitamin Syrup,585,2025-12-01,6,170.0,12.0,109.2857143,1020.0,2025-05-01,OTC
2025-05-18,Ranitidine 150mg,733,2025-12-01,6,13.65,12.0,8.775,81.9,2025-05-01,Prescription
2025-05-19,Tetanus Toxoid,328,2028-04-01,7,11.35,12.0,8.5125,79.45,2025-05-01,Prescription
2025-05-19,Erythromycin 250mg,876,2026-04-01,4,60.0,12.0,25.71428571,240.0,2025-05-01,Prescription
2025-05-19,Calpol 500mg,536,2026-07-01,3,14.95,12.0,4.805357143,44.85,2025-05-01,Prescription
2025-05-19,Omeprazole 20mg,484,2026-12-01,5,32.14,12.0,17.21785714,160.7,2025-05-01,Prescription
2025-05-19,Montelukast 10mg,684,2027-01-01,10,140.0,12.0,150.0,1400.0,2025-05-01,Prescription
2025-05-19,Clotrimazole Cream,294,2026-05-01,3,302.5,12.0,97.23214286,907.5,2025-05-01,OTC
2025-05-19,Hand Sanitizer,295,2026-01-01,3,30.0,12.0,9.642857143,90.0,2025-05-01,OTC
2025-05-19,Amoxicillin 250mg,703,2027-07-01,2,40.99,12.0,8.783571429,81.98,2025-05-01,Prescription
2025-05-19,Amoxicillin 250mg,703,2027-07-01,4,40.99,12.0,17.56714286,163.96,2025-05-01,Prescription
2025-05-20,N95 Mask,537,2025-12-01,1,28.0,12.0,3.0,28.0,2025-05-01,Prescription
2025-05-20,Ranitidine 150mg,733,2025-12-01,3,13.65,12.0,4.3875,40.95,2025-05-01,Prescription
2025-05-20,Calpol 500mg,536,2026-07-01,4,14.95,12.0,6.407142857,59.8,2025-05-01,Prescription
2025-05-20,Becosules,920,2026-04-01,9,60.49,12.0,58.32964286,544.41,2025-05-01,Prescription
2025-05-20,Allegra 120mg,171/356,2026-07-01,10,264.72,12.0,283.6285714,2647.2,2025-05-01,Prescription
2025-05-20,Atorvastatin 10mg,973,2026-05-01,9,55.32,12.0,53.34428571,497.88,2025-05-01,Prescription
2025-05-20,Loperamide 2mg,362,2026-04-01,9,25.48,12.0,24.57,229.32,2025-05-01,Prescription
2025-05-20,Pantoprazole 40mg,295,2026-04-01,2,153.15,12.0,32.81785714,306.3,2025-05-01,Prescription
2025-05-21,Atorvastatin 10mg,659,2026-05-01,7,55.32,12.0,41.49,387.24,2025-05-01,Prescription
2025-05-21,Dexamethasone 4mg,806,2026-04-01,5,40.0,12.0,21.42857143,200.0,2025-05-01,Prescription
2025-05-21,Disprin,414,2026-05-01,5,5.64,12.0,3.021428571,28.2,2025-05-01,Prescription
2025-05-21,Ciprofloxacin 500mg,155,2026-04-01,9,47.49,12.0,45.79392857,427.41,2025-05-01,Prescription
2025-05-21,Tetanus Toxoid,394,2028-04-01,5,11.35,12.0,6.080357143,56.75,2025-05-01,Prescription
2025-05-21,Volini Gel,144,2026-01-01,7,265.0,12.0,198.75,1855.0,2025-05-01,OTC
2025-05-21,Surgical Gloves,177,2027-01-01,10,83.0,12.0,88.92857143,830.0,2025-05-01,Prescription
2025-05-22,Digene,415,2026-03-01,9,29.2,12.0,28.15714286,262.8,2025-05-01,Prescription
2025-05-22,Surgical Gloves,607,2027-01-01,8,83.0,12.0,71.14285714,664.0,2025-05-01,Prescription
2025-05-22,N95 Mask,537,2025-12-01,4,28.0,12.0,12.0,112.0,2025-05-01,Prescription
2025-05-22,Chlorpheniramine,929,2026-12-01,4,102.29,12.0,43.83857143,409.16,2025-05-01,Prescription
2025-05-22,Volini Gel,144,2026-01-01,2,265.0,12.0,56.78571429,530.0,2025-05-01,OTC
2025-05-22,Azithromycin 500mg,366,2026-07-01,2,79.16,12.0,16.96285714,158.32,2025-05-01,Prescription
2025-05-22,Dolo 650mg,723,2026-01-01,9,33.76,12.0,32.55428571,303.84,2025-05-01,Prescription
2025-05-22,Hand Sanitizer,295,2026-01-01,4,30.0,12.0,12.85714286,120.0,2025-05-01,OTC
2025-05-23,Tetanus Toxoid,394,2028-04-01,7,11.35,12.0,8.5125,79.45,2025-05-01,Prescription
2025-05-23,Domperidone 10mg,466,2026-04-01,9,25.86,12.0,24.93642857,232.74,2025-05-01,Prescription
2025-05-23,Zincovit,481,2026-03-01,5,115.0,12.0,61.60714286,575.0,2025-05-01,Prescription
2025-05-23,Betadine Ointment,423,2026-05-01,5,97.0,12.0,51.96428571,485.0,2025-05-01,Prescription
2025-05-23,Azithromycin 500mg,366,2026-07-01,5,79.16,12.0,42.40714286,395.8,2025-05-01,Prescription
2025-05-23,Crocin Advance,895,2026-05-01,1,20.16,12.0,2.16,20.16,2025-05-01,Prescription
2025-05-23,Surgical Gloves,607,2027-01-01,7,83.0,12.0,62.25,581.0,2025-05-01,Prescription
2025-05-23,Thyroxine 50mcg,445,2027-04-01,3,140.83,12.0,45.26678571,422.49,2025-05-01,Prescription
2025-05-24,Losartan 50mg,799,2027-01-01,5,96.55,12.0,51.72321429,482.75,2025-05-01,Prescription
2025-05-24,Amoxicillin 250mg,703,2027-07-01,3,40.99,12.0,13.17535714,122.97,2025-05-01,Prescription
2025-05-24,Dexamethasone 4mg,400,2026-04-01,10,40.0,12.0,42.85714286,400.0,2025-05-01,Prescription
2025-05-24,Pantoprazole 40mg,295,2026-04-01,4,153.15,12.0,65.63571429,612.6,2025-05-01,Prescription
2025-05-24,Paracetamol 500mg,359,2026-01-01,5,10.08,12.0,5.4,50.4,2025-05-01,Prescription
2025-05-24,Ibuprofen 400mg,991,2026-07-01,8,12.88,12.0,11.04,103.04,2025-05-01,Prescription
2025-05-24,Montelukast 10mg,528,2027-01-01,15,140.0,12.0,225.0,2100.0,2025-05-01,Prescription
2025-05-24,Cetirizine 10mg,704,2026-03-01,4,21.05,12.0,9.021428571,84.2,2025-05-01,Prescription
2025-05-24,Loperamide 2mg,362,2026-04-01,7,25.48,12.0,19.11,178.36,2025-05-01,Prescription
2025-05-25,Metformin 500mg,221,2026-04-01,5,44.0,12.0,23.57142857,220.0,2025-05-01,Prescription
2025-05-25,Salbutamol Inhaler,239,2026-01-01,6,73.26,12.0,47.09571429,439.56,2025-05-01,Prescription
2025-05-25,Ibuprofen 400mg,991,2026-07-01,4,12.88,12.0,5.52,51.52,2025-05-01,Prescription
2025-05-25,Disprin,414,2026-05-01,7,5.64,12.0,4.23,39.48,2025-05-01,Prescription
2025-05-25,Ibuprofen 400mg,568,2026-07-01,5,12.88,12.0,6.9,64.4,2025-05-01,Prescription
2025-05-25,Crocin Advance,895,2026-05-01,4,20.16,12.0,8.64,80.64,2025-05-01,Prescription
2025-05-25,Clotrimazole Cream,357,2026-05-01,10,302.5,12.0,324.1071429,3025.0,2025-05-01,OTC
2025-05-25,Losartan 50mg,246,2027-01-01,11,96.55,12.0,113.7910714,1062.05,2025-05-01,Prescription
2025-05-25,Domperidone 10mg,466,2026-04-01,3,25.86,12.0,8.312142857,77.58,2025-05-01,Prescription
2025-05-26,Ibuprofen 400mg,568,2026-07-01,4,12.88,12.0,5.52,51.52,2025-05-01,Prescription
2025-05-26,Multivitamin Syrup,585,2025-12-01,5,170.0,12.0,91.07142857,850.0,2025-05-01,OTC
2025-05-26,Azithromycin 500mg,366,2026-07-01,5,79.16,12.0,42.40714286,395.8,2025-05-01,Prescription
2025-05-26,Multivitamin Syrup,585,2025-12-01,10,170.0,12.0,182.1428571,1700.0,2025-05-01,OTC
2025-05-26,Tetanus Toxoid,394,2028-04-01,5,11.35,12.0,6.080357143,56.75,2025-05-01,Prescription
2025-05-26,Surgical Gloves,607,2027-01-01,5,83.0,12.0,44.46428571,415.0,2025-05-01,Prescription
2025-05-26,Dexamethasone 4mg,400,2026-04-01,5,40.0,12.0,21.42857143,200.0,2025-05-01,Prescription
2025-05-27,Salbutamol Inhaler,239,2026-01-01,4,73.26,12.0,31.39714286,293.04,2025-05-01,Prescription
2025-05-27,Allegra 120mg,356,2026-07-01,3,264.72,12.0,85.08857143,794.16,2025-05-01,Prescription
2025-05-27,N95 Mask,537,2025-12-01,10,28.0,12.0,30.0,280.0,2025-05-01,Prescription
2025-05-27,Thermometer,422,,8,190.0,12.0,162.8571429,1520.0,2025-05-01,Prescription
2025-05-27,Avil 25mg,723,2026-04-01,1,13.25,12.0,1.419642857,13.25,2025-05-01,Prescription
2025-05-27,Ciprofloxacin 500mg,452,2026-04-01,7,47.49,12.0,35.6175,332.43,2025-05-01,Prescription
2025-05-27,Cetirizine 10mg,704,2026-03-01,2,21.05,12.0,4.510714286,42.1,2025-05-01,Prescription
2025-05-27,Clotrimazole Cream,357,2026-05-01,9,302.5,12.0,291.6964286,2722.5,2025-05-01,OTC
2025-05-27,Dexamethasone 4mg,400,2026-04-01,5,40.0,12.0,21.42857143,200.0,2025-05-01,Prescription
2025-05-28,Insulin 30/70,556,2026-01-01,7,174.0,12.0,130.5,1218.0,2025-05-01,Prescription
2025-05-28,Zincovit,481,2026-03-01,6,115.0,12.0,73.92857143,690.0,2025-05-01,Prescription
2025-05-28,Losartan 50mg,246,2027-01-01,10,96.55,12.0,103.4464286,965.5,2025-05-01,Prescription
2025-05-28,Clotrimazole Cream,357,2026-05-01,3,302.5,12.0,97.23214286,907.5,2025-05-01,OTC
2025-05-28,Betadine Ointment,423,2026-05-01,1,97.0,12.0,10.39285714,97.0,2025-05-01,Prescription
2025-05-28,Combiflam,322,2026-06-01,7,55.71,12.0,41.7825,389.97,2025-05-01,Prescription
2025-05-29,Multivitamin Syrup,737,2025-12-01,10,170.0,12.0,182.1428571,1700.0,2025-05-01,OTC
2025-05-28,Salbutamol Inhaler,239,2026-01-01,4,73.26,12.0,31.39714286,293.04,2025-05-01,Prescription
2025-05-29,Disprin,414,2026-05-01,3,5.64,12.0,1.812857143,16.92,2025-05-01,Prescription
2025-05-29,Tetanus Toxoid,394,2028-04-01,1,11.35,12.0,1.216071429,11.35,2025-05-01,Prescription
2025-05-29,Glibenclamide 5mg,335,2026-06-01,10,48.75,12.0,52.23214286,487.5,2025-05-01,Prescription
2025-05-29,Volini Gel,144,2026-01-01,5,265.0,12.0,141.9642857,1325.0,2025-05-01,OTC
2025-05-29,Salbutamol Inhaler,239,2026-01-01,9,73.26,12.0,70.64357143,659.34,2025-05-01,Prescription
2025-05-29,Dolo 650mg,723,2026-01-01,6,33.76,12.0,21.70285714,202.56,2025-05-01,Prescription
2025-05-29,Dolo 650mg,723/453,2026-01-01,6,33.76,12.0,21.70285714,202.56,2025-05-01,Prescription
2025-05-30,N95 Mask,537,2025-12-01,3,28.0,12.0,9.0,84.0,2025-05-01,Prescription
2025-05-30,ORS Sachet,903,2025-12-01,12,29.01,12.0,37.29857143,348.12,2025-05-01,Prescription
2025-05-30,Ivermectin 12mg,395,2026-04-01,7,177.95,12.0,133.4625,1245.65,2025-05-01,Prescription
2025-05-30,Bandage Roll,570,2026-12-01,7,22.0,12.0,16.5,154.0,2025-05-01,Prescription
2025-05-30,Allegra 120mg,356,2026-07-01,4,264.72,12.0,113.4514286,1058.88,2025-05-01,Prescription
2025-05-30,Glibenclamide 5mg,493,2026-06-01,11,48.75,12.0,57.45535714,536.25,2025-05-01,Prescription
2025-05-30,Erythromycin 250mg,876,2026-04-01,2,60.0,12.0,12.85714286,120.0,2025-05-01,Prescription
2025-05-30,Salbutamol Inhaler,239,2026-01-01,6,73.26,12.0,47.09571429,439.56,2025-05-01,Prescription
2025-05-30,Avil 25mg,196,2026-12-01,10,13.25,12.0,14.19642857,132.5,2025-05-01,Prescription
2025-05-31,Thermometer,422,,7,190.0,12.0,142.5,1330.0,2025-05-01,Prescription
2025-05-31,Allegra 120mg,175,2026-07-01,7,264.72,12.0,198.54,1853.04,2025-05-01,Prescription
2025-05-31,Azithromycin 500mg,366,2026-07-01,3,79.16,12.0,25.44428571,237.48,2025-05-01,Prescription
2025-05-31,Clotrimazole Cream,357,2026-05-01,3,302.5,12.0,97.23214286,907.5,2025-05-01,OTC
2025-05-31,N95 Mask,537,2025-12-01,8,28.0,12.0,24.0,224.0,2025-05-01,Prescription
2025-05-31,Digene,415,2026-03-01,9,29.2,12.0,28.15714286,262.8,2025-05-01,Prescription
2025-05-31,Cetirizine 10mg,173,2026-03-01,10,21.05,12.0,22.55357143,210.5,2025-05-01,Prescription
2025-05-31,Bandage Roll,570,2026-12-01,9,22.0,12.0,21.21428571,198.0,2025-05-01,Prescription
2025-06-01,Paracetamol 500mg,359,2026-01-01,13,10.08,12.0,14.04,131.04,2025-06-01,Prescription
2025-06-01,Ciprofloxacin 500mg,452,2026-04-01,3,47.49,12.0,15.26464286,142.47,2025-06-01,Prescription
2025-06-01,Nicotine Patch,711,2025-08-01,5,85.57,12.0,45.84107143,427.85,2025-06-01,Prescription
2025-06-01,Crocin Advance,895,2026-05-01,8,20.16,12.0,17.28,161.28,2025-06-01,Prescription
2025-06-01,Loperamide 2mg,440,2026-04-01,11,25.48,12.0,30.03,280.28,2025-06-01,Prescription
2025-06-01,Bandage Roll,570,2026-12-01,7,22.0,12.0,16.5,154.0,2025-06-01,Prescription
2025-06-01,Atorvastatin 10mg,659,2026-05-01,10,55.32,12.0,59.27142857,553.2,2025-06-01,Prescription
2025-06-02,Crocin Advance,895,2026-05-01,4,20.16,12.0,8.64,80.64,2025-06-01,Prescription
2025-06-02,Betadine Ointment,423,2026-05-01,2,97.0,12.0,20.78571429,194.0,2025-06-01,Prescription
2025-06-02,Loperamide 2mg,440,2026-04-01,10,25.48,12.0,27.3,254.8,2025-06-01,Prescription
2025-06-02,Levocetirizine 5mg,668,2026-12-01,12,35.0,12.0,45.0,420.0,2025-06-01,Prescription
2025-06-02,Avil 25mg,196,2026-12-01,5,13.25,12.0,7.098214286,66.25,2025-06-01,Prescription
2025-06-02,Bandage Roll,570,2026-12-01,7,22.0,12.0,16.5,154.0,2025-06-01,Prescription
2025-06-02,Paracetamol 500mg,648,2026-01-01,17,10.08,12.0,18.36,171.36,2025-06-01,Prescription
2025-06-02,Allegra 120mg,175/682,2026-07-01,10,264.72,12.0,283.6285714,2647.2,2025-06-01,Prescription
2025-06-02,Surgical Gloves,607,2027-01-01,8,83.0,12.0,71.14285714,664.0,2025-06-01,Prescription
2025-06-03,Omeprazole 20mg,484,2026-12-01,5,32.14,12.0,17.21785714,160.7,2025-06-01,Prescription
2025-06-03,Crocin Advance,847,2026-05-01,1,20.16,12.0,2.16,20.16,2025-06-01,Prescription
2025-06-03,Tetanus Toxoid,394,2028-04-01,2,11.35,12.0,2.432142857,22.7,2025-06-01,Prescription
2025-06-03,Pantoprazole 40mg,295,2026-04-01,2,153.15,12.0,32.81785714,306.3,2025-06-01,Prescription
2025-06-03,Becosules,920,2026-04-01,9,60.49,12.0,58.32964286,544.41,2025-06-01,Prescription
2025-06-03,Prednisolone 10mg,467,2025-12-01,2,27.0,12.0,5.785714286,54.0,2025-06-01,Prescription
2025-06-04,Crocin Advance,847,2026-05-01,6,20.16,12.0,12.96,120.96,2025-06-01,Prescription
2025-06-04,Betadine Ointment,423,2026-05-01,4,97.0,12.0,41.57142857,388.0,2025-06-01,Prescription
2025-06-04,ORS Sachet,903,2025-12-01,15,46.59,12.0,74.87678571,698.85,2025-06-01,Prescription
2025-06-04,Amlodipine 5mg,401/832,2026-01-01,6,83.9,12.0,53.93571429,503.4,2025-06-01,Prescription
2025-06-05,Allegra 120mg,682,2026-07-01,5,264.72,12.0,141.8142857,1323.6,2025-06-01,Prescription
2025-06-05,Ranitidine 150mg,128,2025-12-01,7,13.65,12.0,10.2375,95.55,2025-06-01,Prescription
2025-06-05,Omeprazole 20mg,484,2026-12-01,7,32.14,12.0,24.105,224.98,2025-06-01,Prescription
2025-06-05,Salbutamol Inhaler,239,2026-01-01,8,73.26,12.0,62.79428571,586.08,2025-06-01,Prescription
2025-06-05,Pantoprazole 40mg,295,2026-04-01,5,153.15,12.0,82.04464286,765.75,2025-06-01,Prescription
2025-06-05,Tetanus Toxoid,138,2028-04-01,10,11.35,12.0,12.16071429,113.5,2025-06-01,Prescription
2025-06-06,Crocin Advance,847,2026-05-01,3,20.16,12.0,6.48,60.48,2025-06-01,Prescription
2025-06-06,Surgical Gloves,607,2027-01-01,7,83.0,12.0,62.25,581.0,2025-06-01,Prescription
2025-06-06,Atorvastatin 10mg,348,2026-05-01,8,55.32,12.0,47.41714286,442.56,2025-06-01,Prescription
2025-06-06,Ibuprofen 400mg,568,2026-07-01,1,12.88,12.0,1.38,12.88,2025-06-01,Prescription
2025-06-06,Vitamin C Tablets,703,2026-01-01,5,24.86,12.0,13.31785714,124.3,2025-06-01,OTC
2025-06-06,Pantoprazole 40mg,497,2026-04-01,10,153.15,12.0,164.0892857,1531.5,2025-06-01,Prescription
2025-06-06,Amoxicillin 250mg,703,2027-07-01,1,40.99,12.0,4.391785714,40.99,2025-06-01,Prescription
2025-06-07,Bandage Roll,570,2026-12-01,7,22.0,12.0,16.5,154.0,2025-06-01,Prescription
2025-06-07,Thermometer,347,,6,190.0,12.0,122.1428571,1140.0,2025-06-01,Prescription
2025-06-07,Nicotine Patch,711,2025-08-01,6,85.57,12.0,55.00928571,513.42,2025-06-01,Prescription
2025-06-07,Prednisolone 10mg,467,2025-12-01,4,27.0,12.0,11.57142857,108.0,2025-06-01,Prescription
2025-06-07,Domperidone 10mg,894,2026-04-01,8,25.86,12.0,22.16571429,206.88,2025-06-01,Prescription
2025-06-07,Allegra 120mg,682/872,2026-07-01,10,264.72,12.0,283.6285714,2647.2,2025-06-01,Prescription
2025-06-07,Combiflam,322,2026-06-01,3,55.71,12.0,17.90678571,167.13,2025-06-01,Prescription
2025-06-07,Loperamide 2mg,440,2026-04-01,4,25.48,12.0,10.92,101.92,2025-06-01,Prescription
2025-06-07,Hand Sanitizer,295,2026-01-01,4,30.0,12.0,12.85714286,120.0,2025-06-01,OTC
2025-06-07,Losartan 50mg,246,2027-01-01,9,96.55,12.0,93.10178571,868.95,2025-06-01,Prescription
2025-06-08,N95 Mask,537,2025-12-01,6,28.0,12.0,18.0,168.0,2025-06-01,Prescription
2025-06-08,Combiflam,509,2026-06-01,6,55.71,12.0,35.81357143,334.26,2025-06-01,Prescription
2025-06-08,Clotrimazole Cream,225,2026-05-01,7,302.5,12.0,226.875,2117.5,2025-06-01,OTC
2025-06-08,Paracetamol 500mg,648,2026-01-01,12,10.08,12.0,12.96,120.96,2025-06-01,Prescription
2025-06-08,Dexamethasone 4mg,659,2026-04-01,8,40.0,12.0,34.28571429,320.0,2025-06-01,Prescription
2025-06-08,Dolo 650mg,453,2026-01-01,7,33.76,12.0,25.32,236.32,2025-06-01,Prescription
2025-06-08,Chlorpheniramine,929,2026-12-01,5,102.29,12.0,54.79821429,511.45,2025-06-01,Prescription
2025-06-09,Thermometer,347,,6,190.0,12.0,122.1428571,1140.0,2025-06-01,Prescription
2025-06-09,Amlodipine 5mg,832,2026-05-01,1,83.9,12.0,8.989285714,83.9,2025-06-01,Prescription
2025-06-09,Volini Gel,144,2026-01-01,8,265.0,12.0,227.1428571,2120.0,2025-06-01,OTC
2025-06-09,Clotrimazole Cream,225,2026-05-01,8,302.5,12.0,259.2857143,2420.0,2025-06-01,OTC
2025-06-09,Omeprazole 20mg,484,2026-12-01,6,32.14,12.0,20.66142857,192.84,2025-06-01,Prescription
2025-06-10,Vitamin C Tablets,176,2026-01-01,10,24.86,12.0,26.63571429,248.6,2025-06-01,OTC
2025-06-10,Zincovit,644,2026-03-01,2,115.0,12.0,24.64285714,230.0,2025-06-01,Prescription
2025-06-10,Hand Sanitizer,295,2026-01-01,5,30.0,12.0,16.07142857,150.0,2025-06-01,OTC
2025-06-10,Domperidone 10mg,894,2026-04-01,2,25.86,12.0,5.541428571,51.72,2025-06-01,Prescription
2025-06-10,Glibenclamide 5mg,493,2026-06-01,9,48.75,12.0,47.00892857,438.75,2025-06-01,Prescription
2025-06-10,Combiflam,509,2026-06-01,2,55.71,12.0,11.93785714,111.42,2025-06-01,Prescription
2025-06-10,Dolo 650mg,453,2026-01-01,5,33.76,12.0,18.08571429,168.8,2025-06-01,Prescription
2025-06-10,Domperidone 10mg,329,2026-04-01,8,25.86,12.0,22.16571429,206.88,2025-06-01,Prescription
2025-06-11,Dolo 650mg,453/145,2026-01-01,3,33.76,12.0,10.85142857,101.28,2025-06-01,Prescription
2025-06-11,Domperidone 10mg,329,2026-04-01,7,25.86,12.0,19.395,181.02,2025-06-01,Prescription
2025-06-11,Becosules,616,2026-04-01,10,60.49,12.0,64.81071429,604.9,2025-06-01,Prescription
2025-06-11,Vitamin C Tablets,176,2026-01-01,6,24.86,12.0,15.98142857,149.16,2025-06-01,OTC
2025-06-11,N95 Mask,537,2025-12-01,7,28.0,12.0,21.0,196.0,2025-06-01,Prescription
2025-06-11,Pantoprazole 40mg,497,2026-04-01,9,153.15,12.0,147.6803571,1378.35,2025-06-01,Prescription
2025-06-11,Losartan 50mg,993,2027-01-01,10,96.55,12.0,103.4464286,965.5,2025-06-01,Prescription
2025-06-11,Prednisolone 10mg,467,2025-12-01,1,27.0,12.0,2.892857143,27.0,2025-06-01,Prescription
2025-06-12,Nicotine Patch,711,2025-08-01,5,85.57,12.0,45.84107143,427.85,2025-06-01,Prescription
2025-06-12,Tetanus Toxoid,138,2028-04-01,8,11.35,12.0,9.728571429,90.8,2025-06-01,Prescription
2025-06-12,Losartan 50mg,993,2027-01-01,6,96.55,12.0,62.06785714,579.3,2025-06-01,Prescription
2025-06-12,Azithromycin 500mg,768,2026-07-01,6,79.16,12.0,50.88857143,474.96,2025-06-01,Prescription
2025-06-12,Clotrimazole Cream,137,2026-05-01,5,302.5,12.0,162.0535714,1512.5,2025-06-01,OTC
2025-06-12,Allegra 120mg,872,2026-07-01,5,264.72,12.0,141.8142857,1323.6,2025-06-01,Prescription
2025-06-12,Salbutamol Inhaler,912,2026-01-01,9,73.26,12.0,70.64357143,659.34,2025-06-01,Prescription
2025-06-12,Azithromycin 500mg,768,2026-07-01,3,79.16,12.0,25.44428571,237.48,2025-06-01,Prescription
2025-06-13,Avil 25mg,196,2026-12-01,10,13.25,12.0,14.19642857,132.5,2025-06-01,Prescription
2025-06-13,N95 Mask,537,2025-12-01,2,28.0,12.0,6.0,56.0,2025-06-01,Prescription
2025-06-13,Amoxicillin 250mg,495,2027-08-01,3,40.99,12.0,13.17535714,122.97,2025-06-01,Prescription
2025-06-13,Thermometer,347,,8,190.0,12.0,162.8571429,1520.0,2025-06-01,Prescription
2025-06-13,Crocin Advance,847,2026-05-01,7,20.16,12.0,15.12,141.12,2025-06-01,Prescription
2025-06-13,Chlorpheniramine,232,2026-12-01,3,102.29,12.0,32.87892857,306.87,2025-06-01,Prescription
2025-06-13,Crocin Advance,847,2026-05-01,3,20.16,12.0,6.48,60.48,2025-06-01,Prescription
2025-06-13,Chlorpheniramine,232,2026-12-01,3,102.29,12.0,32.87892857,306.87,2025-06-01,Prescription
2025-06-14,Vitamin C Tablets,992,2026-01-01,7,24.86,12.0,18.645,174.02,2025-06-01,OTC
2025-06-14,Becosules,440,2026-04-01,10,60.49,12.0,64.81071429,604.9,2025-06-01,Prescription
2025-06-14,Omeprazole 20mg,426,2026-12-01,8,32.14,12.0,27.54857143,257.12,2025-06-01,Prescription
2025-06-14,Tetanus Toxoid,138,2028-04-01,5,11.35,12.0,6.080357143,56.75,2025-06-01,Prescription
2025-06-14,Avil 25mg,196,2026-12-01,7,13.25,12.0,9.9375,92.75,2025-06-01,Prescription
2025-06-14,Pantoprazole 40mg,497,2026-04-01,6,153.15,12.0,98.45357143,918.9,2025-06-01,Prescription
2025-06-14,ORS Sachet,903,2025-12-01,8,99.1,12.0,84.94285714,792.8,2025-06-01,Prescription
2025-06-14,Salbutamol Inhaler,912,2026-01-01,8,73.26,12.0,62.79428571,586.08,2025-06-01,Prescription
2025-06-14,Thyroxine 50mcg,273,2027-04-01,10,140.83,12.0,150.8892857,1408.3,2025-06-01,Prescription
2025-06-14,Ivermectin 12mg,395,2026-04-01,8,177.95,12.0,152.5285714,1423.6,2025-06-01,Prescription
2025-06-15,Multivitamin Syrup,737,2025-12-01,8,170.0,12.0,145.7142857,1360.0,2025-06-01,OTC
2025-06-15,Hand Sanitizer,599,2026-01-01,7,30.0,12.0,22.5,210.0,2025-06-01,OTC
2025-06-15,Loperamide 2mg,575,2026-04-01,5,25.48,12.0,13.65,127.4,2025-06-01,Prescription
2025-06-15,Ranitidine 150mg,128,2025-12-01,7,13.65,12.0,10.2375,95.55,2025-06-01,Prescription
2025-06-15,Hand Sanitizer,599,2026-01-01,3,30.0,12.0,9.642857143,90.0,2025-06-01,OTC
2025-06-15,Dolo 650mg,145,2026-01-01,9,33.76,12.0,32.55428571,303.84,2025-06-01,Prescription
2025-06-16,Amoxicillin 250mg,495,2027-08-01,4,40.99,12.0,17.56714286,163.96,2025-06-01,Prescription
2025-06-16,Ranitidine 150mg,128,2025-12-01,6,13.65,12.0,8.775,81.9,2025-06-01,Prescription
2025-06-16,Erythromycin 250mg,904,2026-04-01,6,60.0,12.0,38.57142857,360.0,2025-06-01,Prescription
2025-06-16,Betadine Ointment,578,2026-05-01,3,97.0,12.0,31.17857143,291.0,2025-06-01,Prescription
2025-06-16,Surgical Gloves,299,2027-01-01,7,83.0,12.0,62.25,581.0,2025-06-01,Prescription
2025-06-16,N95 Mask,537,2025-12-01,8,28.0,12.0,24.0,224.0,2025-06-01,Prescription
2025-06-16,ORS Sachet,398,2025-12-01,9,11.46,12.0,11.05071429,103.14,2025-06-01,Prescription
2025-06-16,Zincovit,644,2026-03-01,7,115.0,12.0,86.25,805.0,2025-06-01,Prescription
2025-06-16,Losartan 50mg,993,2027-01-01,9,96.55,12.0,93.10178571,868.95,2025-06-01,Prescription
2025-06-17,Montelukast 10mg,791,2027-01-01,9,140.0,12.0,135.0,1260.0,2025-06-01,Prescription
2025-06-17,Paracetamol 500mg,765,2026-01-01,16,10.08,12.0,17.28,161.28,2025-06-01,Prescription
2025-06-17,Thermometer,463,,5,190.0,12.0,101.7857143,950.0,2025-06-01,Prescription
2025-06-17,Loperamide 2mg,575,2026-04-01,10,25.48,12.0,27.3,254.8,2025-06-01,Prescription
2025-06-17,Combiflam,509,2026-06-01,10,55.71,12.0,59.68928571,557.1,2025-06-01,Prescription
2025-06-17,Amlodipine 5mg,832,2026-05-01,4,83.9,12.0,35.95714286,335.6,2025-06-01,Prescription
2025-06-17,Allegra 120mg,872,2026-07-01,5,264.72,12.0,141.8142857,1323.6,2025-06-01,Prescription
2025-06-17,Erythromycin 250mg,904,2026-04-01,4,60.0,12.0,25.71428571,240.0,2025-06-01,Prescription
2025-06-17,Atorvastatin 10mg,348,2026-05-01,3,55.32,12.0,17.78142857,165.96,2025-06-01,Prescription
2025-06-17,Betadine Ointment,578,2026-05-01,3,97.0,12.0,31.17857143,291.0,2025-06-01,Prescription
2025-06-18,Losartan 50mg,171,2027-01-01,10,96.55,12.0,103.4464286,965.5,2025-06-01,Prescription
2025-06-18,Prednisolone 10mg,751,2025-12-01,6,27.0,12.0,17.35714286,162.0,2025-06-01,Prescription
2025-06-18,Salbutamol Inhaler,912,2026-01-01,2,73.26,12.0,15.69857143,146.52,2025-06-01,Prescription
2025-06-18,Insulin 30/70,865,2026-01-01,8,174.0,12.0,149.1428571,1392.0,2025-06-01,Prescription
2025-06-18,Glibenclamide 5mg,254,2026-06-01,10,48.75,12.0,52.23214286,487.5,2025-06-01,Prescription
2025-06-18,Digene,673,2026-03-01,8,29.2,12.0,25.02857143,233.6,2025-06-01,Prescription
2025-06-18,Disprin,215,2026-05-01,4,5.64,12.0,2.417142857,22.56,2025-06-01,Prescription
2025-06-18,Disprin,215,2026-05-01,8,5.64,12.0,4.834285714,45.12,2025-06-01,Prescription
2025-06-18,Combiflam,985,2026-06-01,10,55.71,12.0,59.68928571,557.1,2025-06-01,Prescription
2025-06-19,Bandage Roll,609,2027-03-01,9,26.0,12.0,25.07142857,234.0,2025-06-01,Prescription
2025-06-19,Insulin 30/70,616,2026-01-01,9,174.0,12.0,167.7857143,1566.0,2025-06-01,Prescription
2025-06-19,Betadine Ointment,578,2026-05-01,4,97.0,12.0,41.57142857,388.0,2025-06-01,Prescription
2025-06-19,Betadine Ointment,253,2026-05-01,3,97.0,12.0,31.17857143,291.0,2025-06-01,Prescription
2025-06-19,Ivermectin 12mg,569,2026-04-01,10,177.95,12.0,190.6607143,1779.5,2025-06-01,Prescription
2025-06-19,Avil 25mg,196,2026-12-01,2,13.25,12.0,2.839285714,26.5,2025-06-01,Prescription
2025-06-19,Thermometer,463,,5,190.0,12.0,101.7857143,950.0,2025-06-01,Prescription
2025-06-19,Zincovit,644,2026-03-01,6,115.0,12.0,73.92857143,690.0,2025-06-01,Prescription
2025-06-19,Hand Sanitizer,599,2026-01-01,5,30.0,12.0,16.07142857,150.0,2025-06-01,OTC
2025-06-20,Surgical Gloves,299,2027-01-01,7,83.0,12.0,62.25,581.0,2025-06-01,Prescription
2025-06-20,Calpol 500mg,536,2026-07-01,9,14.95,12.0,14.41607143,134.55,2025-06-01,Prescription
2025-06-20,Bandage Roll,609,2027-03-01,11,26.0,12.0,30.64285714,286.0,2025-06-01,Prescription
2025-06-20,Omeprazole 20mg,426,2026-12-01,7,32.14,12.0,24.105,224.98,2025-06-01,Prescription
2025-06-20,Tetanus Toxoid,138,2028-04-01,2,11.35,12.0,2.432142857,22.7,2025-06-01,Prescription
2025-06-20,Hand Sanitizer,599,2026-01-01,2,30.0,12.0,6.428571429,60.0,2025-06-01,OTC
2025-06-20,Pantoprazole 40mg,303,2026-04-01,6,153.15,12.0,98.45357143,918.9,2025-06-01,Prescription
2025-06-21,Ivermectin 12mg,337,2026-04-01,3,177.95,12.0,57.19821429,533.85,2025-06-01,Prescription
2025-06-21,Hand Sanitizer,599,2026-01-01,6,30.0,12.0,19.28571429,180.0,2025-06-01,OTC
2025-06-21,Digene,673,2026-03-01,8,29.2,12.0,25.02857143,233.6,2025-06-01,Prescription
2025-06-21,Amlodipine 5mg,218,2026-05-01,4,83.9,12.0,35.95714286,335.6,2025-06-01,Prescription
2025-06-21,Avil 25mg,196,2026-12-01,6,13.25,12.0,8.517857143,79.5,2025-06-01,Prescription
2025-06-21,Pantoprazole 40mg,303,2026-04-01,2,153.15,12.0,32.81785714,306.3,2025-06-01,Prescription
2025-06-22,Erythromycin 250mg,904,2026-04-01,5,60.0,12.0,32.14285714,300.0,2025-06-01,Prescription
2025-06-22,Salbutamol Inhaler,912,2026-01-01,3,73.26,12.0,23.54785714,219.78,2025-06-01,Prescription
2025-06-22,Combiflam,985,2026-06-01,12,55.71,12.0,71.62714286,668.52,2025-06-01,Prescription
2025-06-22,N95 Mask,537,2025-12-01,9,28.0,12.0,27.0,252.0,2025-06-01,Prescription
2025-06-22,Tetanus Toxoid,138,2028-04-01,10,11.35,12.0,12.16071429,113.5,2025-06-01,Prescription
2025-06-22,Chlorpheniramine,232,2026-12-01,6,102.29,12.0,65.75785714,613.74,2025-06-01,Prescription
2025-06-22,Crocin Advance,946,2026-05-01,10,20.16,12.0,21.6,201.6,2025-06-01,Prescription
2025-06-23,Zincovit,960,2026-03-01,7,115.0,12.0,86.25,805.0,2025-06-01,Prescription
2025-06-23,Dexamethasone 4mg,659,2026-04-01,7,40.0,12.0,30.0,280.0,2025-06-01,Prescription
2025-06-23,Hydroxychloroquine 200mg,732,2026-04-01,7,108.7,12.0,81.525,760.9,2025-06-01,Prescription
2025-06-23,Hand Sanitizer,599,2026-01-01,9,30.0,12.0,28.92857143,270.0,2025-06-01,OTC
2025-06-23,Tetanus Toxoid,182,2028-04-01,4,11.35,12.0,4.864285714,45.4,2025-06-01,Prescription
2025-06-24,Erythromycin 250mg,943,2026-04-01,9,60.0,12.0,57.85714286,540.0,2025-06-01,Prescription
2025-06-24,Ibuprofen 400mg,442,2026-07-01,9,12.88,12.0,12.42,115.92,2025-06-01,Prescription
2025-06-24,Allegra 120mg,872,2026-07-01,5,264.72,12.0,141.8142857,1323.6,2025-06-01,Prescription
2025-06-24,Domperidone 10mg,266,2026-04-01,8,25.86,12.0,22.16571429,206.88,2025-06-01,Prescription
2025-06-24,Disprin,215,2026-05-01,6,5.64,12.0,3.625714286,33.84,2025-06-01,Prescription
2025-06-25,Volini Gel,961,2026-01-01,8,265.0,12.0,227.1428571,2120.0,2025-06-01,OTC
2025-06-25,Clotrimazole Cream,137,2026-05-01,6,302.5,12.0,194.4642857,1815.0,2025-06-01,OTC
2025-06-25,Nicotine Patch,656,2026-08-01,8,85.57,12.0,73.34571429,684.56,2025-06-01,Prescription
2025-06-25,Thyroxine 50mcg,273,2027-04-01,4,140.83,12.0,60.35571429,563.32,2025-06-01,Prescription
2025-06-25,Glibenclamide 5mg,254,2026-06-01,8,48.75,12.0,41.78571429,390.0,2025-06-01,Prescription
2025-06-25,Amoxicillin 250mg,495,2027-08-01,8,40.99,12.0,35.13428571,327.92,2025-06-01,Prescription
2025-06-26,Tetanus Toxoid,182,2028-04-01,3,11.35,12.0,3.648214286,34.05,2025-06-01,Prescription
2025-06-26,Crocin Advance,946,2026-05-01,8,20.16,12.0,17.28,161.28,2025-06-01,Prescription
2025-06-26,Surgical Gloves,299,2027-01-01,6,83.0,12.0,53.35714286,498.0,2025-06-01,Prescription
2025-06-26,Glibenclamide 5mg,502,2026-06-01,6,48.75,12.0,31.33928571,292.5,2025-06-01,Prescription
2025-06-26,Azithromycin 500mg,768,2026-07-01,9,79.16,12.0,76.33285714,712.44,2025-06-01,Prescription
2025-06-26,Loperamide 2mg,575,2026-04-01,10,25.48,12.0,27.3,254.8,2025-06-01,Prescription
2025-06-26,Avil 25mg,979,2026-12-01,1,13.25,12.0,1.419642857,13.25,2025-06-01,Prescription
2025-06-26,Domperidone 10mg,266,2026-04-01,9,25.86,12.0,24.93642857,232.74,2025-06-01,Prescription
2025-06-27,Salbutamol Inhaler,912,2026-01-01,8,73.26,12.0,62.79428571,586.08,2025-06-01,Prescription
2025-06-27,Hand Sanitizer,599,2026-01-01,5,30.0,12.0,16.07142857,150.0,2025-06-01,OTC
2025-06-27,Chlorpheniramine,232,2026-12-01,3,102.29,12.0,32.87892857,306.87,2025-06-01,Prescription
2025-06-27,Disprin,292,2026-05-01,8,5.64,12.0,4.834285714,45.12,2025-06-01,Prescription
2025-06-27,Crocin Advance,946,2026-05-01,8,20.16,12.0,17.28,161.28,2025-06-01,Prescription
2025-06-27,Omeprazole 20mg,532,2026-12-01,2,32.14,12.0,6.887142857,64.28,2025-06-01,Prescription
2025-06-28,Avil 25mg,979,2026-12-01,10,13.25,12.0,14.19642857,132.5,2025-06-01,Prescription
2025-06-28,Paracetamol 500mg,765,2026-01-01,13,10.08,12.0,14.04,131.04,2025-06-01,Prescription
2025-06-28,Volini Gel,961,2026-01-01,1,265.0,12.0,28.39285714,265.0,2025-06-01,OTC
2025-06-28,Allegra 120mg,872/394,2026-07-01,4,264.72,12.0,113.4514286,1058.88,2025-06-01,Prescription
2025-06-28,Nicotine Patch,656,2026-08-01,7,85.57,12.0,64.1775,598.99,2025-06-01,Prescription
2025-06-28,Ciprofloxacin 500mg,452,2026-04-01,5,47.49,12.0,25.44107143,237.45,2025-06-01,Prescription
2025-06-28,Calpol 500mg,914,2026-07-01,3,14.95,12.0,4.805357143,44.85,2025-06-01,Prescription
2025-06-28,Loperamide 2mg,567,2026-04-01,7,25.48,12.0,19.11,178.36,2025-06-01,Prescription
2025-06-28,Thermometer,386,,3,190.0,12.0,61.07142857,570.0,2025-06-01,Prescription
2025-06-29,Zincovit,960,2026-03-01,6,115.0,12.0,73.92857143,690.0,2025-06-01,Prescription
2025-06-29,Chlorpheniramine,829,2026-12-01,8,102.29,12.0,87.67714286,818.32,2025-06-01,Prescription
2025-06-29,Amoxicillin 250mg,495,2027-08-01,4,40.99,12.0,17.56714286,163.96,2025-06-01,Prescription
2025-06-29,Avil 25mg,979,2026-12-01,10,13.25,12.0,14.19642857,132.5,2025-06-01,Prescription
2025-06-29,Thyroxine 50mcg,273,2027-04-01,6,140.83,12.0,90.53357143,844.98,2025-06-01,Prescription
2025-06-29,Prednisolone 10mg,751,2025-12-01,8,27.0,12.0,23.14285714,216.0,2025-06-01,Prescription
2025-06-29,Zincovit,960,2026-03-01,4,115.0,12.0,49.28571429,460.0,2025-06-01,Prescription
2025-06-29,Dolo 650mg,145,2026-01-01,6,33.76,12.0,21.70285714,202.56,2025-06-01,Prescription
2025-06-30,Allegra 120mg,394,2026-07-01,3,264.72,12.0,85.08857143,794.16,2025-06-01,Prescription
2025-06-30,Prednisolone 10mg,751,2025-12-01,6,27.0,12.0,17.35714286,162.0,2025-06-01,Prescription
2025-06-30,Zincovit,960,2026-03-01,1,115.0,12.0,12.32142857,115.0,2025-06-01,Prescription
2025-06-30,Thermometer,386,,7,190.0,12.0,142.5,1330.0,2025-06-01,Prescription
2025-06-30,Thyroxine 50mcg,406,2027-04-01,9,140.83,12.0,135.8003571,1267.47,2025-06-01,Prescription
2025-06-30,Azithromycin 500mg,768,2026-07-01,2,79.16,12.0,16.96285714,158.32,2025-06-01,Prescription
2025-06-30,Dexamethasone 4mg,659,2026-04-01,10,40.0,12.0,42.85714286,400.0,2025-06-01,Prescription
2025-06-30,Ranitidine 150mg,912,2025-12-01,4,13.65,12.0,5.85,54.6,2025-06-01,Prescription
2025-06-30,Atorvastatin 10mg,485,2026-05-01,9,55.32,12.0,53.34428571,497.88,2025-06-01,Prescription
2025-06-30,Calpol 500mg,914,2026-07-01,9,14.95,12.0,14.41607143,134.55,2025-06-01,Prescription
2025-07-01,Avil 25mg,979,2026-12-01,3,13.25,12.0,4.258928571,39.75,2025-07-01,Prescription
2025-07-01,Disprin,292,2026-05-01,6,5.64,12.0,3.625714286,33.84,2025-07-01,Prescription
2025-07-01,Chlorpheniramine,829,2026-12-01,3,102.29,12.0,32.87892857,306.87,2025-07-01,Prescription
2025-07-01,ORS Sachet,398,2025-12-01,4,30.5,12.0,13.07142857,122.0,2025-07-01,Prescription
2025-07-01,Ivermectin 12mg,337/169,2026-04-01,5,177.95,12.0,95.33035714,889.75,2025-07-01,Prescription
2025-07-01,Vitamin C Tablets,992,2026-01-01,7,24.86,12.0,18.645,174.02,2025-07-01,OTC
2025-07-01,Thyroxine 50mcg,406,2027-04-01,4,140.83,12.0,60.35571429,563.32,2025-07-01,Prescription
2025-07-01,N95 Mask,537,2025-12-01,1,28.0,12.0,3.0,28.0,2025-07-01,Prescription
2025-07-01,Volini Gel,961,2026-01-01,8,265.0,12.0,227.1428571,2120.0,2025-07-01,OTC
2025-07-01,Ranitidine 150mg,912,2025-12-01,9,13.65,12.0,13.1625,122.85,2025-07-01,Prescription
2025-07-02,Cetirizine 10mg,173,2026-03-01,4,21.05,12.0,9.021428571,84.2,2025-07-01,Prescription
2025-07-02,Crocin Advance,946,2026-05-01,6,20.16,12.0,12.96,120.96,2025-07-01,Prescription
2025-07-02,Paracetamol 500mg,765,2026-01-01,12,10.08,12.0,12.96,120.96,2025-07-01,Prescription
2025-07-02,Multivitamin Syrup,737,2025-12-01,6,170.0,12.0,109.2857143,1020.0,2025-07-01,OTC
2025-07-02,Ciprofloxacin 500mg,452,2026-04-01,9,47.49,12.0,45.79392857,427.41,2025-07-01,Prescription
2025-07-02,Betadine Ointment,253,2026-05-01,2,97.0,12.0,20.78571429,194.0,2025-07-01,Prescription
2025-07-02,Crocin Advance,946/120,2026-05-01,9,20.16,12.0,19.44,181.44,2025-07-01,Prescription
2025-07-02,Zincovit,960,2026-03-01,6,115.0,12.0,73.92857143,690.0,2025-07-01,Prescription
2025-07-02,Dolo 650mg,145,2026-01-01,5,33.76,12.0,18.08571429,168.8,2025-07-01,Prescription
2025-07-03,Amlodipine 5mg,218/353,2026-01-01,9,83.9,12.0,80.90357143,755.1,2025-07-01,Prescription
2025-07-03,Calpol 500mg,914,2026-07-01,8,14.95,12.0,12.81428571,119.6,2025-07-01,Prescription
2025-07-03,Cetirizine 10mg,173,2026-03-01,4,21.05,12.0,9.021428571,84.2,2025-07-01,Prescription
2025-07-03,Levocetirizine 5mg,251,2026-12-01,10,35.0,12.0,37.5,350.0,2025-07-01,Prescription
2025-07-03,Avil 25mg,979,2026-12-01,5,13.25,12.0,7.098214286,66.25,2025-07-01,Prescription
2025-07-03,Erythromycin 250mg,943,2026-04-01,6,60.0,12.0,38.57142857,360.0,2025-07-01,Prescription
2025-07-03,Azithromycin 500mg,768,2026-07-01,3,79.16,12.0,25.44428571,237.48,2025-07-01,Prescription
2025-07-03,Crocin Advance,120,2026-05-01,8,20.16,12.0,17.28,161.28,2025-07-01,Prescription
2025-07-03,Dexamethasone 4mg,659,2026-04-01,5,40.0,12.0,21.42857143,200.0,2025-07-01,Prescription
2025-07-03,Prednisolone 10mg,751,2025-12-01,7,27.0,12.0,20.25,189.0,2025-07-01,Prescription
2025-07-04,Volini Gel,961,2026-01-01,3,265.0,12.0,85.17857143,795.0,2025-07-01,OTC
2025-07-04,N95 Mask,537,2025-12-01,4,28.0,12.0,12.0,112.0,2025-07-01,Prescription
2025-07-04,Zincovit,960,2026-03-01,6,115.0,12.0,73.92857143,690.0,2025-07-01,Prescription
2025-07-04,Nicotine Patch,656,2026-08-01,5,85.57,12.0,45.84107143,427.85,2025-07-01,Prescription
2025-07-04,Thermometer,386,,5,190.0,12.0,101.7857143,950.0,2025-07-01,Prescription
2025-07-04,Insulin 30/70,616,2026-01-01,3,174.0,12.0,55.92857143,522.0,2025-07-01,Prescription
2025-07-04,Multivitamin Syrup,882,2025-12-01,6,170.0,12.0,109.2857143,1020.0,2025-07-01,OTC
2025-07-04,Ranitidine 150mg,801,2025-12-01,6,13.65,12.0,8.775,81.9,2025-07-01,Prescription
2025-07-05,Tetanus Toxoid,182,2028-04-01,8,11.35,12.0,9.728571429,90.8,2025-07-01,Prescription
2025-07-05,Erythromycin 250mg,546,2026-04-01,8,60.0,12.0,51.42857143,480.0,2025-07-01,Prescription
2025-07-05,Calpol 500mg,914/355,2026-07-01,3,14.95,12.0,4.805357143,44.85,2025-07-01,Prescription
2025-07-05,Omeprazole 20mg,532,2026-12-01,1,32.14,12.0,3.443571429,32.14,2025-07-01,Prescription
2025-07-05,Montelukast 10mg,791,2027-01-01,15,140.0,12.0,225.0,2100.0,2025-07-01,Prescription
2025-07-05,Clotrimazole Cream,137,2026-05-01,4,302.5,12.0,129.6428571,1210.0,2025-07-01,OTC
2025-07-05,Hand Sanitizer,599,2026-01-01,5,30.0,12.0,16.07142857,150.0,2025-07-01,OTC
2025-07-05,Amoxicillin 250mg,495,2027-08-01,2,40.99,12.0,8.783571429,81.98,2025-07-01,Prescription
2025-07-05,Amoxicillin 250mg,495,2027-08-01,4,40.99,12.0,17.56714286,163.96,2025-07-01,Prescription
2025-07-06,N95 Mask,537,2025-12-01,1,28.0,12.0,3.0,28.0,2025-07-01,Prescription
2025-07-06,Ranitidine 150mg,801,2025-12-01,3,13.65,12.0,4.3875,40.95,2025-07-01,Prescription
2025-07-06,Calpol 500mg,355,2026-07-01,4,14.95,12.0,6.407142857,59.8,2025-07-01,Prescription
2025-07-06,Becosules,717,2026-04-01,9,60.49,12.0,58.32964286,544.41,2025-07-01,Prescription
2025-07-06,Allegra 120mg,289,2026-07-01,10,264.72,12.0,283.6285714,2647.2,2025-07-01,Prescription
2025-07-06,Atorvastatin 10mg,258,2026-05-01,9,55.32,12.0,53.34428571,497.88,2025-07-01,Prescription
2025-07-06,Loperamide 2mg,567,2026-04-01,5,25.48,12.0,13.65,127.4,2025-07-01,Prescription
2025-07-07,Atorvastatin 10mg,258,2026-05-01,7,55.32,12.0,41.49,387.24,2025-07-01,Prescription
2025-07-07,Dexamethasone 4mg,722,2026-04-01,5,40.0,12.0,21.42857143,200.0,2025-07-01,Prescription
2025-07-07,Disprin,292,2026-05-01,6,5.64,12.0,3.625714286,33.84,2025-07-01,Prescription
2025-07-07,Ciprofloxacin 500mg,452/927,2026-04-01,9,47.49,12.0,45.79392857,427.41,2025-07-01,Prescription
2025-07-07,Tetanus Toxoid,520,2028-04-01,5,11.35,12.0,6.080357143,56.75,2025-07-01,Prescription
2025-07-07,Surgical Gloves,299,2027-01-01,7,83.0,12.0,62.25,581.0,2025-07-01,Prescription
2025-07-08,Surgical Gloves,299,2027-01-01,8,83.0,12.0,71.14285714,664.0,2025-07-01,Prescription
2025-07-08,N95 Mask,537,2025-12-01,4,28.0,12.0,12.0,112.0,2025-07-01,Prescription
2025-07-08,Chlorpheniramine,829,2026-12-01,4,102.29,12.0,43.83857143,409.16,2025-07-01,Prescription
2025-07-08,Volini Gel,100,2026-01-01,2,265.0,12.0,56.78571429,530.0,2025-07-01,OTC
2025-07-08,Azithromycin 500mg,768,2026-07-01,2,79.16,12.0,16.96285714,158.32,2025-07-01,Prescription
2025-07-08,Dolo 650mg,145,2026-01-01,4,33.76,12.0,14.46857143,135.04,2025-07-01,Prescription
2025-07-08,Hand Sanitizer,599,2026-01-01,4,30.0,12.0,12.85714286,120.0,2025-07-01,OTC
2025-07-09,Tetanus Toxoid,520,2028-04-01,7,11.35,12.0,8.5125,79.45,2025-07-01,Prescription
2025-07-09,Domperidone 10mg,266/903,2026-04-01,9,25.86,12.0,24.93642857,232.74,2025-07-01,Prescription
2025-07-09,Zincovit,250,2026-03-01,5,115.0,12.0,61.60714286,575.0,2025-07-01,Prescription
2025-07-09,Betadine Ointment,253,2026-05-01,2,97.0,12.0,20.78571429,194.0,2025-07-01,Prescription
2025-07-09,Azithromycin 500mg,768/133,2026-07-01,5,79.16,12.0,42.40714286,395.8,2025-07-01,Prescription
2025-07-09,Crocin Advance,120,2026-05-01,2,20.16,12.0,4.32,40.32,2025-07-01,Prescription
2025-07-09,Surgical Gloves,299,2027-01-01,5,83.0,12.0,44.46428571,415.0,2025-07-01,Prescription
2025-07-09,Thyroxine 50mcg,406,2027-04-01,3,140.83,12.0,45.26678571,422.49,2025-07-01,Prescription
2025-07-10,Pantoprazole 40mg,303,2026-04-01,2,153.15,12.0,32.81785714,306.3,2025-07-01,Prescription
2025-07-10,Losartan 50mg,171,2027-01-01,5,96.55,12.0,51.72321429,482.75,2025-07-01,Prescription
2025-07-10,Amoxicillin 250mg,495,2027-08-01,3,40.99,12.0,13.17535714,122.97,2025-07-01,Prescription
2025-07-10,Dexamethasone 4mg,722,2026-04-01,10,40.0,12.0,42.85714286,400.0,2025-07-01,Prescription
2025-07-10,Pantoprazole 40mg,303,2026-04-01,3,153.15,12.0,49.22678571,459.45,2025-07-01,Prescription
2025-07-10,Paracetamol 500mg,765,2026-01-01,5,10.08,12.0,5.4,50.4,2025-07-01,Prescription
2025-07-10,Ibuprofen 400mg,442/122,2026-07-01,9,12.88,12.0,12.42,115.92,2025-07-01,Prescription
2025-07-10,Montelukast 10mg,791/420,2027-01-01,15,140.0,12.0,225.0,2100.0,2025-07-01,Prescription
2025-07-11,Cetirizine 10mg,173,2026-03-01,4,21.05,12.0,9.021428571,84.2,2025-07-01,Prescription
2025-07-11,Loperamide 2mg,567,2026-04-01,3,25.48,12.0,8.19,76.44,2025-07-01,Prescription
2025-07-11,Metformin 500mg,121,2026-04-01,10,44.0,12.0,47.14285714,440.0,2025-07-01,Prescription
2025-07-11,Salbutamol Inhaler,912,2026-01-01,6,73.26,12.0,47.09571429,439.56,2025-07-01,Prescription
2025-07-11,Ibuprofen 400mg,122,2026-07-01,7,12.88,12.0,9.66,90.16,2025-07-01,Prescription
2025-07-11,Disprin,521,2026-05-01,7,5.64,12.0,4.23,39.48,2025-07-01,Prescription
2025-07-12,Crocin Advance,120,2026-05-01,4,20.16,12.0,8.64,80.64,2025-07-01,Prescription
2025-07-12,Clotrimazole Cream,851,2026-05-01,10,302.5,12.0,324.1071429,3025.0,2025-07-01,OTC
2025-07-12,Losartan 50mg,171,2027-01-01,11,96.55,12.0,113.7910714,1062.05,2025-07-01,Prescription
2025-07-12,Domperidone 10mg,903,2026-04-01,4,25.86,12.0,11.08285714,103.44,2025-07-01,Prescription
2025-07-12,Ibuprofen 400mg,122,2026-07-01,9,12.88,12.0,12.42,115.92,2025-07-01,Prescription
2025-07-12,Multivitamin Syrup,882,2025-12-01,5,170.0,12.0,91.07142857,850.0,2025-07-01,OTC
2025-07-12,Azithromycin 500mg,133,2026-07-01,8,79.16,12.0,67.85142857,633.28,2025-07-01,Prescription
2025-07-13,Multivitamin Syrup,882,2025-12-01,10,170.0,12.0,182.1428571,1700.0,2025-07-01,OTC
2025-07-13,Tetanus Toxoid,520,2028-04-01,5,11.35,12.0,6.080357143,56.75,2025-07-01,Prescription
2025-07-13,Surgical Gloves,690,2027-01-01,5,83.0,12.0,44.46428571,415.0,2025-07-01,Prescription
2025-07-13,Allegra 120mg,289,2026-07-01,3,264.72,12.0,85.08857143,794.16,2025-07-01,Prescription
2025-07-13,N95 Mask,537,2025-12-01,4,28.0,12.0,12.0,112.0,2025-07-01,Prescription
2025-07-13,Thermometer,386,,6,190.0,12.0,122.1428571,1140.0,2025-07-01,Prescription
2025-07-14,Avil 25mg,979,2026-12-01,1,13.25,12.0,1.419642857,13.25,2025-07-01,Prescription
2025-07-14,Ciprofloxacin 500mg,927,2026-04-01,7,47.49,12.0,35.6175,332.43,2025-07-01,Prescription
2025-07-14,Cetirizine 10mg,173,2026-03-01,2,21.05,12.0,4.510714286,42.1,2025-07-01,Prescription
2025-07-14,Clotrimazole Cream,851,2026-05-01,9,302.5,12.0,291.6964286,2722.5,2025-07-01,OTC
2025-07-14,Dexamethasone 4mg,722,2026-04-01,5,40.0,12.0,21.42857143,200.0,2025-07-01,Prescription
2025-07-14,Insulin 30/70,854,2026-01-01,11,174.0,12.0,205.0714286,1914.0,2025-07-01,Prescription
2025-07-14,Zincovit,250,2026-03-01,6,115.0,12.0,73.92857143,690.0,2025-07-01,Prescription
2025-07-14,Losartan 50mg,171,2027-01-01,10,96.55,12.0,103.4464286,965.5,2025-07-01,Prescription
2025-07-15,Clotrimazole Cream,851,2026-05-01,3,302.5,12.0,97.23214286,907.5,2025-07-01,OTC
2025-07-15,Betadine Ointment,253,2026-05-01,1,97.0,12.0,10.39285714,97.0,2025-07-01,Prescription
2025-07-15,Combiflam,985,2026-06-01,7,55.71,12.0,41.7825,389.97,2025-07-01,Prescription
2025-07-15,Multivitamin Syrup,882,2025-12-01,10,170.0,12.0,182.1428571,1700.0,2025-07-01,OTC
2025-07-15,Salbutamol Inhaler,912,2026-01-01,4,73.26,12.0,31.39714286,293.04,2025-07-01,Prescription
2025-07-15,Disprin,521,2026-05-01,3,5.64,12.0,1.812857143,16.92,2025-07-01,Prescription
2025-07-15,Tetanus Toxoid,520,2028-04-01,1,11.35,12.0,1.216071429,11.35,2025-07-01,Prescription
2025-07-15,Glibenclamide 5mg,502,2026-06-01,6,48.75,12.0,31.33928571,292.5,2025-07-01,Prescription
2025-07-16,Volini Gel,100,2026-01-01,5,265.0,12.0,141.9642857,1325.0,2025-07-01,OTC
2025-07-16,Salbutamol Inhaler,912,2026-01-01,5,73.26,12.0,39.24642857,366.3,2025-07-01,Prescription
2025-07-16,Dolo 650mg,222,2026-01-01,6,33.76,12.0,21.70285714,202.56,2025-07-01,Prescription
2025-07-16,Dolo 650mg,222,2026-01-01,6,33.76,12.0,21.70285714,202.56,2025-07-01,Prescription
2025-07-16,N95 Mask,537,2025-12-01,3,28.0,12.0,9.0,84.0,2025-07-01,Prescription
2025-07-16,ORS Sachet,398,2025-12-01,7,29.01,12.0,21.7575,203.07,2025-07-01,Prescription
2025-07-16,Ivermectin 12mg,169,2026-04-01,7,177.95,12.0,133.4625,1245.65,2025-07-01,Prescription
2025-07-17,Bandage Roll,609,2026-12-01,7,22.0,12.0,16.5,154.0,2025-07-01,Prescription
2025-07-17,Allegra 120mg,289,2026-07-01,4,264.72,12.0,113.4514286,1058.88,2025-07-01,Prescription
2025-07-17,Glibenclamide 5mg,725,2026-06-01,15,48.75,12.0,78.34821429,731.25,2025-07-01,Prescription
2025-07-17,Erythromycin 250mg,546,2026-04-01,8,60.0,12.0,51.42857143,480.0,2025-07-01,Prescription
2025-07-17,Salbutamol Inhaler,135,2026-01-01,6,73.26,12.0,47.09571429,439.56,2025-07-01,Prescription
2025-07-17,Avil 25mg,979/558,2026-12-01,10,13.25,12.0,14.19642857,132.5,2025-07-01,Prescription
2025-07-17,Thermometer,386,,5,190.0,12.0,101.7857143,950.0,2025-07-01,Prescription
2025-07-17,Allegra 120mg,271/289,2026-07-01,7,264.72,12.0,198.54,1853.04,2025-07-01,Prescription
2025-07-17,Digene,673,2026-03-01,7,29.2,12.0,21.9,204.4,2025-07-01,Prescription
2025-07-18,Azithromycin 500mg,133,2026-07-01,4,79.16,12.0,33.92571429,316.64,2025-07-01,Prescription
2025-07-18,Clotrimazole Cream,851,2026-05-01,3,302.5,12.0,97.23214286,907.5,2025-07-01,OTC
2025-07-18,N95 Mask,537,2025-12-01,5,28.0,12.0,15.0,140.0,2025-07-01,Prescription
2025-07-18,Digene,673,2026-03-01,8,29.2,12.0,25.02857143,233.6,2025-07-01,Prescription
2025-07-18,Digene,673,2026-03-01,8,29.2,12.0,25.02857143,233.6,2025-07-01,Prescription
2025-07-18,Cetirizine 10mg,173,2026-03-01,10,21.05,12.0,22.55357143,210.5,2025-07-01,Prescription
2025-07-18,Bandage Roll,609/179,2026-12-01,9,22.0,12.0,21.21428571,198.0,2025-07-01,Prescription
2025-07-18,Paracetamol 500mg,765,2026-01-01,13,10.08,12.0,14.04,131.04,2025-07-01,Prescription
2025-07-19,Ciprofloxacin 500mg,927,2026-04-01,7,47.49,12.0,35.6175,332.43,2025-07-01,Prescription
2025-07-19,Nicotine Patch,656,2026-08-01,5,85.57,12.0,45.84107143,427.85,2025-07-01,Prescription
2025-07-19,Crocin Advance,431,2026-05-01,8,20.16,12.0,17.28,161.28,2025-07-01,Prescription
2025-07-19,Loperamide 2mg,621,2026-04-01,11,25.48,12.0,30.03,280.28,2025-07-01,Prescription
2025-07-19,Bandage Roll,179,2026-12-01,7,22.0,12.0,16.5,154.0,2025-07-01,Prescription
2025-07-19,Atorvastatin 10mg,258/333,2026-05-01,10,55.32,12.0,59.27142857,553.2,2025-07-01,Prescription
2025-07-19,Crocin Advance,431,2026-05-01,4,20.16,12.0,8.64,80.64,2025-07-01,Prescription
2025-07-20,Betadine Ointment,253,2026-05-01,1,97.0,12.0,10.39285714,97.0,2025-07-01,Prescription
2025-07-20,Loperamide 2mg,621,2026-04-01,9,25.48,12.0,24.57,229.32,2025-07-01,Prescription
2025-07-20,Levocetirizine 5mg,251/311,2026-12-01,12,35.0,12.0,45.0,420.0,2025-07-01,Prescription
2025-07-20,Avil 25mg,558/591,2026-12-01,5,13.25,12.0,7.098214286,66.25,2025-07-01,Prescription
2025-07-20,Bandage Roll,179,2026-12-01,8,22.0,12.0,18.85714286,176.0,2025-07-01,Prescription
2025-07-20,Paracetamol 500mg,112,2026-01-01,17,10.08,12.0,18.36,171.36,2025-07-01,Prescription
2025-07-20,Allegra 120mg,271/456,2026-07-01,10,264.72,12.0,283.6285714,2647.2,2025-07-01,Prescription
2025-07-20,Surgical Gloves,690,2027-01-01,8,83.0,12.0,71.14285714,664.0,2025-07-01,Prescription
2025-07-21,Omeprazole 20mg,532,2026-12-01,2,32.14,12.0,6.887142857,64.28,2025-07-01,Prescription
2025-07-21,Crocin Advance,431,2026-05-01,1,20.16,12.0,2.16,20.16,2025-07-01,Prescription
2025-07-21,Tetanus Toxoid,520,2028-04-01,2,11.35,12.0,2.432142857,22.7,2025-07-01,Prescription
2025-07-21,Pantoprazole 40mg,303,2026-04-01,2,153.15,12.0,32.81785714,306.3,2025-07-01,Prescription
2025-07-21,Becosules,717/525,2026-04-01,9,60.49,12.0,58.32964286,544.41,2025-07-01,Prescription
2025-07-21,Prednisolone 10mg,130,2025-12-01,2,27.0,12.0,5.785714286,54.0,2025-07-01,Prescription
2025-07-22,Tetanus Toxoid,996,2028-04-01,10,11.35,12.0,12.16071429,113.5,2025-07-01,Prescription
2025-07-22,Crocin Advance,431,2026-05-01,6,20.16,12.0,12.96,120.96,2025-07-01,Prescription
2025-07-22,ORS Sachet,453,2025-12-01,15,46.59,12.0,74.87678571,698.85,2025-07-01,Prescription
2025-07-22,Amlodipine 5mg,353,2026-01-01,6,83.9,12.0,53.93571429,503.4,2025-07-01,Prescription
2025-07-22,Allegra 120mg,456,2026-07-01,5,264.72,12.0,141.8142857,1323.6,2025-07-01,Prescription
2025-07-23,Ranitidine 150mg,801,2025-12-01,7,13.65,12.0,10.2375,95.55,2025-07-01,Prescription
2025-07-23,Omeprazole 20mg,532,2026-12-01,1,32.14,12.0,3.443571429,32.14,2025-07-01,Prescription
2025-07-23,Salbutamol Inhaler,135,2026-01-01,8,73.26,12.0,62.79428571,586.08,2025-07-01,Prescription
2025-07-23,Pantoprazole 40mg,854,2026-04-01,8,153.15,12.0,131.2714286,1225.2,2025-07-01,Prescription
2025-07-23,Crocin Advance,431,2026-05-01,3,20.16,12.0,6.48,60.48,2025-07-01,Prescription
2025-07-23,Surgical Gloves,690,2027-01-01,7,83.0,12.0,62.25,581.0,2025-07-01,Prescription
2025-07-24,Betadine Ointment,162,2026-05-01,4,97.0,12.0,41.57142857,388.0,2025-07-01,Prescription
2025-07-24,Atorvastatin 10mg,333,2026-05-01,8,55.32,12.0,47.41714286,442.56,2025-07-01,Prescription
2025-07-24,Ibuprofen 400mg,122,2026-07-01,6,12.88,12.0,8.28,77.28,2025-07-01,Prescription
2025-07-14,Vitamin C Tablets,992,2026-01-01,5,24.86,12.0,13.31785714,124.3,2025-07-01,OTC
2025-07-24,Pantoprazole 40mg,854,2026-04-01,6,153.15,12.0,98.45357143,918.9,2025-07-01,Prescription
2025-07-24,Amoxicillin 250mg,495,2027-08-01,1,40.99,12.0,4.391785714,40.99,2025-07-01,Prescription
2025-07-24,Bandage Roll,179,2026-12-01,7,22.0,12.0,16.5,154.0,2025-07-01,Prescription
2025-07-24,Thermometer,386,,6,190.0,12.0,122.1428571,1140.0,2025-07-01,Prescription
2025-07-25,Nicotine Patch,982,2026-08-01,6,85.57,12.0,55.00928571,513.42,2025-07-01,Prescription
2025-07-25,Prednisolone 10mg,130,2025-12-01,4,27.0,12.0,11.57142857,108.0,2025-07-01,Prescription
2025-07-25,Domperidone 10mg,412,2026-04-01,8,25.86,12.0,22.16571429,206.88,2025-07-01,Prescription
2025-07-25,Allegra 120mg,456/782,2026-07-01,10,264.72,12.0,283.6285714,2647.2,2025-07-01,Prescription
2025-07-25,Combiflam,985,2026-06-01,6,55.71,12.0,35.81357143,334.26,2025-07-01,Prescription
2025-07-25,Loperamide 2mg,702,2026-04-01,11,25.48,12.0,30.03,280.28,2025-07-01,Prescription
2025-07-25,Hand Sanitizer,599,2026-01-01,4,30.0,12.0,12.85714286,120.0,2025-07-01,OTC
2025-07-26,Losartan 50mg,171/911,2027-01-01,8,96.55,12.0,82.75714286,772.4,2025-07-01,Prescription
2025-07-26,N95 Mask,537,2025-12-01,6,28.0,12.0,18.0,168.0,2025-07-01,Prescription
2025-07-26,Combiflam,321,2026-06-01,13,55.71,12.0,77.59607143,724.23,2025-07-01,Prescription
2025-07-26,Clotrimazole Cream,522,2026-05-01,7,302.5,12.0,226.875,2117.5,2025-07-01,OTC
2025-07-26,Paracetamol 500mg,112,2026-01-01,12,10.08,12.0,12.96,120.96,2025-07-01,Prescription
2025-07-26,Dexamethasone 4mg,722,2026-04-01,8,40.0,12.0,34.28571429,320.0,2025-07-01,Prescription
2025-07-26,Dolo 650mg,222,2026-01-01,7,33.76,12.0,25.32,236.32,2025-07-01,Prescription
2025-07-26,Chlorpheniramine,114,2026-12-01,5,102.29,12.0,54.79821429,511.45,2025-07-01,Prescription
2025-07-27,Thermometer,520,,6,190.0,12.0,122.1428571,1140.0,2025-07-01,Prescription
2025-07-27,Amlodipine 5mg,353,2026-05-01,2,83.9,12.0,17.97857143,167.8,2025-07-01,Prescription
2025-07-27,Volini Gel,100,2026-01-01,8,265.0,12.0,227.1428571,2120.0,2025-07-01,OTC
2025-07-27,Clotrimazole Cream,522,2026-05-01,8,302.5,12.0,259.2857143,2420.0,2025-07-01,OTC
2025-07-27,Omeprazole 20mg,532,2026-12-01,2,32.14,12.0,6.887142857,64.28,2025-07-01,Prescription
2025-07-22,Vitamin C Tablets,587,2026-01-01,10,24.86,12.0,26.63571429,248.6,2025-07-01,OTC
2025-07-27,Zincovit,250,2026-03-01,2,115.0,12.0,24.64285714,230.0,2025-07-01,Prescription
2025-07-27,Hand Sanitizer,700,2026-01-01,10,30.0,12.0,32.14285714,300.0,2025-07-01,OTC
2025-07-27,Domperidone 10mg,412,2026-04-01,6,25.86,12.0,16.62428571,155.16,2025-07-01,Prescription
2025-07-27,Glibenclamide 5mg,988,2026-06-01,9,48.75,12.0,47.00892857,438.75,2025-07-01,Prescription
2025-07-28,Combiflam,321,2026-06-01,12,55.71,12.0,71.62714286,668.52,2025-07-01,Prescription
2025-07-28,Dolo 650mg,222,2026-01-01,5,33.76,12.0,18.08571429,168.8,2025-07-01,Prescription
2025-07-28,Domperidone 10mg,412,2026-04-01,8,25.86,12.0,22.16571429,206.88,2025-07-01,Prescription
2025-07-28,Dolo 650mg,222,2026-01-01,3,33.76,12.0,10.85142857,101.28,2025-07-01,Prescription
2025-07-30,Domperidone 10mg,412,2026-04-01,8,25.86,12.0,22.16571429,206.88,2025-07-01,Prescription
2025-07-28,Becosules,525,2026-04-01,10,60.49,12.0,64.81071429,604.9,2025-07-01,Prescription
2025-07-28,Vitamin C Tablets,587,2026-01-01,6,24.86,12.0,15.98142857,149.16,2025-07-01,OTC
2025-07-28,N95 Mask,537,2025-12-01,7,28.0,12.0,21.0,196.0,2025-07-01,Prescription
2025-07-28,Pantoprazole 40mg,854,2026-04-01,6,153.15,12.0,98.45357143,918.9,2025-07-01,Prescription
2025-07-29,Losartan 50mg,911,2027-01-01,5,96.55,12.0,51.72321429,482.75,2025-07-01,Prescription
2025-07-29,Prednisolone 10mg,130,2025-12-01,1,27.0,12.0,2.892857143,27.0,2025-07-01,Prescription
2025-07-29,Nicotine Patch,982,2026-08-01,5,85.57,12.0,45.84107143,427.85,2025-07-01,Prescription
2025-07-29,Tetanus Toxoid,996,2028-04-01,8,11.35,12.0,9.728571429,90.8,2025-07-01,Prescription
2025-07-29,Azithromycin 500mg,133,2026-07-01,9,79.16,12.0,76.33285714,712.44,2025-07-01,Prescription
2025-07-29,Clotrimazole Cream,522,2026-05-01,5,302.5,12.0,162.0535714,1512.5,2025-07-01,OTC
2025-07-29,Allegra 120mg,782,2026-07-01,5,264.72,12.0,141.8142857,1323.6,2025-07-01,Prescription
2025-07-29,Salbutamol Inhaler,135,2026-01-01,9,73.26,12.0,70.64357143,659.34,2025-07-01,Prescription
2025-07-29,Azithromycin 500mg,652,2026-07-01,3,79.16,12.0,25.44428571,237.48,2025-07-01,Prescription
2025-07-30,Avil 25mg,591,2026-12-01,10,13.25,12.0,14.19642857,132.5,2025-07-01,Prescription
2025-07-30,N95 Mask,537,2025-12-01,2,28.0,12.0,6.0,56.0,2025-07-01,Prescription
2025-07-30,Amoxicillin 250mg,495,2027-08-01,3,40.99,12.0,13.17535714,122.97,2025-07-01,Prescription
2025-07-30,Thermometer,520/654,,7,190.0,12.0,142.5,1330.0,2025-07-01,Prescription
2025-07-30,Crocin Advance,431,2026-05-01,7,20.16,12.0,15.12,141.12,2025-07-01,Prescription
2025-07-30,Chlorpheniramine,114,2026-12-01,3,102.29,12.0,32.87892857,306.87,2025-07-01,Prescription
2025-07-30,Crocin Advance,431,2026-05-01,7,20.16,12.0,15.12,141.12,2025-07-01,Prescription
2025-07-30,Chlorpheniramine,114,2026-12-01,3,102.29,12.0,32.87892857,306.87,2025-07-01,Prescription
2025-07-30,Vitamin C Tablets,587,2026-01-01,7,24.86,12.0,18.645,174.02,2025-07-01,OTC
2025-07-31,Becosules,525,2026-04-01,10,60.49,12.0,64.81071429,604.9,2025-07-01,Prescription
2025-07-31,Omeprazole 20mg,532,2026-12-01,2,32.14,12.0,6.887142857,64.28,2025-07-01,Prescription
2025-07-31,Tetanus Toxoid,996,2028-04-01,5,11.35,12.0,6.080357143,56.75,2025-07-01,Prescription
2025-07-31,Avil 25mg,591,2026-12-01,7,13.25,12.0,9.9375,92.75,2025-07-01,Prescription
2025-07-31,Pantoprazole 40mg,854,2026-04-01,5,153.15,12.0,82.04464286,765.75,2025-07-01,Prescription
2025-07-31,ORS Sachet,453/112,2025-12-01,8,99.1,12.0,84.94285714,792.8,2025-07-01,Prescription
2025-07-31,Salbutamol Inhaler,135,2026-01-01,7,73.26,12.0,54.945,512.82,2025-07-01,Prescription
2025-07-31,Thyroxine 50mcg,406,2027-04-01,4,140.83,12.0,60.35571429,563.32,2025-07-01,Prescription
2025-07-31,Ivermectin 12mg,169,2026-04-01,8,177.95,12.0,152.5285714,1423.6,2025-07-01,Prescription
2025-08-01,Ivermectin 12mg,169,2026-04-01,5,177.95,12.0,95.33035714,889.75,2025-08-01,Prescription
2025-08-01,Levocetirizine 5mg,311,2026-12-01,4,35.0,12.0,15.0,140.0,2025-08-01,Prescription
2025-08-01,Tetanus Toxoid,996,2028-04-01,8,11.35,12.0,9.728571429,90.8,2025-08-01,Prescription
2025-08-01,Salbutamol Inhaler,248,2026-01-01,7,73.26,12.0,54.945,512.82,2025-08-01,Prescription
2025-08-01,Allegra 120mg,672,2026-07-01,7,264.72,12.0,198.54,1853.04,2025-08-01,Prescription
2025-08-01,Insulin 30/70,854,2026-01-01,9,174.0,12.0,167.7857143,1566.0,2025-08-01,Prescription
2025-08-01,Disprin,521,2026-05-01,6,5.64,12.0,3.625714286,33.84,2025-08-01,Prescription
2025-08-02,Surgical Gloves,690,2027-01-01,5,83.0,12.0,44.46428571,415.0,2025-08-01,Prescription
2025-08-02,Becosules,525,2026-04-01,2,60.49,12.0,12.96214286,120.98,2025-08-01,Prescription
2025-08-02,Dolo 650mg,222/491,2026-01-01,9,33.76,12.0,32.55428571,303.84,2025-08-01,Prescription
2025-08-02,Ciprofloxacin 500mg,927,2026-04-01,4,47.49,12.0,20.35285714,189.96,2025-08-01,Prescription
2025-08-02,Chlorpheniramine,114,2026-12-01,7,102.29,12.0,76.7175,716.03,2025-08-01,Prescription
2025-08-02,Avil 25mg,591,2026-12-01,4,13.25,12.0,5.678571429,53.0,2025-08-01,Prescription
2025-08-02,Domperidone 10mg,652,2026-04-01,7,25.86,12.0,19.395,181.02,2025-08-01,Prescription
2025-08-03,Becosules,569,2026-04-01,8,60.49,12.0,51.84857143,483.92,2025-08-01,Prescription
2025-08-03,Zincovit,250,2026-03-01,7,115.0,12.0,86.25,805.0,2025-08-01,Prescription
2025-08-03,Volini Gel,100/555,2026-01-01,8,265.0,12.0,227.1428571,2120.0,2025-08-01,OTC
2025-08-03,Combiflam,540,2026-06-01,12,55.71,12.0,71.62714286,668.52,2025-08-01,Prescription
2025-08-03,Erythromycin 250mg,546,2026-04-01,9,60.0,12.0,57.85714286,540.0,2025-08-01,Prescription
2025-08-03,Pantoprazole 40mg,854,2026-04-01,6,153.15,12.0,98.45357143,918.9,2025-08-01,Prescription
2025-08-03,Surgical Gloves,690,2027-01-01,5,83.0,12.0,44.46428571,415.0,2025-08-01,Prescription
2025-08-03,Hand Sanitizer,700,2026-01-01,9,30.0,12.0,28.92857143,270.0,2025-08-01,OTC
2025-08-03,Cetirizine 10mg,173/104,2026-03-01,6,21.05,12.0,13.53214286,126.3,2025-08-01,Prescription
2025-08-04,Surgical Gloves,690,2027-01-01,8,83.0,12.0,71.14285714,664.0,2025-08-01,Prescription
2025-08-04,Ivermectin 12mg,169/354,2026-04-01,8,177.95,12.0,152.5285714,1423.6,2025-08-01,Prescription
2025-08-04,Avil 25mg,591,2026-12-01,9,13.25,12.0,12.77678571,119.25,2025-08-01,Prescription
2025-08-04,Pantoprazole 40mg,854,2026-04-01,4,153.15,12.0,65.63571429,612.6,2025-08-01,Prescription
2025-08-04,Vitamin C Tablets,587/160,2026-01-01,9,24.86,12.0,23.97214286,223.74,2025-08-01,OTC
2025-08-04,Ciprofloxacin 500mg,927,2026-04-01,6,47.49,12.0,30.52928571,284.94,2025-08-01,Prescription
2025-08-04,Prednisolone 10mg,130,2025-12-01,5,27.0,12.0,14.46428571,135.0,2025-08-01,Prescription
2025-08-05,Calpol 500mg,355,2026-07-01,4,14.95,12.0,6.407142857,59.8,2025-08-01,Prescription
2025-08-05,Atorvastatin 10mg,333/674,2026-05-01,9,55.32,12.0,53.34428571,497.88,2025-08-01,Prescription
2025-08-05,Clotrimazole Cream,522,2026-05-01,3,302.5,12.0,97.23214286,907.5,2025-08-01,OTC
2025-08-05,Nicotine Patch,982,2026-08-01,8,85.57,12.0,73.34571429,684.56,2025-08-01,Prescription
2025-08-05,Ranitidine 150mg,801,2025-12-01,10,13.65,12.0,14.625,136.5,2025-08-01,Prescription
2025-08-05,Digene,673,2026-03-01,6,29.2,12.0,18.77142857,175.2,2025-08-01,Prescription
2025-08-05,Tetanus Toxoid,996,2028-04-01,6,11.35,12.0,7.296428571,68.1,2025-08-01,Prescription
2025-08-05,Combiflam,540,2026-06-01,9,55.71,12.0,53.72035714,501.39,2025-08-01,Prescription
2025-08-06,Avil 25mg,591,2026-12-01,8,13.25,12.0,11.35714286,106.0,2025-08-01,Prescription
2025-08-06,Domperidone 10mg,652/722,2026-04-01,6,25.86,12.0,16.62428571,155.16,2025-08-01,Prescription
2025-08-06,Prednisolone 10mg,130,2025-12-01,8,27.0,12.0,23.14285714,216.0,2025-08-01,Prescription
2025-08-06,Thermometer,654,,5,190.0,12.0,101.7857143,950.0,2025-08-01,Prescription
2025-08-06,Thyroxine 50mcg,633,2027-04-01,7,140.83,12.0,105.6225,985.81,2025-08-01,Prescription
2025-08-06,Chlorpheniramine,114,2026-12-01,2,102.29,12.0,21.91928571,204.58,2025-08-01,Prescription
2025-08-06,Disprin,521,2026-05-01,6,5.64,12.0,3.625714286,33.84,2025-08-01,Prescription
2025-08-07,Azithromycin 500mg,652,2026-07-01,2,79.16,12.0,16.96285714,158.32,2025-08-01,Prescription
2025-08-07,Ciprofloxacin 500mg,150,2026-04-01,10,47.49,12.0,50.88214286,474.9,2025-08-01,Prescription
2025-08-07,Hand Sanitizer,700,2026-01-01,10,30.0,12.0,32.14285714,300.0,2025-08-01,OTC
2025-08-07,Thyroxine 50mcg,633,2027-04-01,8,140.83,12.0,120.7114286,1126.64,2025-08-01,Prescription
2025-08-07,Pantoprazole 40mg,920,2026-04-01,9,153.15,12.0,147.6803571,1378.35,2025-08-01,Prescription
2025-08-08,N95 Mask,537,2025-12-01,4,28.0,12.0,12.0,112.0,2025-08-01,Prescription
2025-08-08,Clotrimazole Cream,522,2026-05-01,7,302.5,12.0,226.875,2117.5,2025-08-01,OTC
2025-08-08,Amoxicillin 250mg,495,2027-08-01,3,40.99,12.0,13.17535714,122.97,2025-08-01,Prescription
2025-08-08,Hydroxychloroquine 200mg,732/234,2026-04-01,7,108.7,12.0,81.525,760.9,2025-08-01,Prescription
2025-08-08,Bandage Roll,179,2026-12-01,13,22.0,12.0,30.64285714,286.0,2025-08-01,Prescription
2025-08-08,Losartan 50mg,911,2027-01-01,6,96.55,12.0,62.06785714,579.3,2025-08-01,Prescription
2025-08-08,Paracetamol 500mg,112/450,2026-01-01,8,10.08,12.0,8.64,80.64,2025-08-01,Prescription
2025-08-08,Clotrimazole Cream,522,2026-05-01,8,302.5,12.0,259.2857143,2420.0,2025-08-01,OTC
2025-08-09,Dexamethasone 4mg,722,2026-04-01,7,40.0,12.0,30.0,280.0,2025-08-01,Prescription
2025-08-09,Chlorpheniramine,114,2026-12-01,8,102.29,12.0,87.67714286,818.32,2025-08-01,Prescription
2025-08-09,Omeprazole 20mg,452,2026-12-01,6,32.14,12.0,20.66142857,192.84,2025-08-01,Prescription
2025-08-09,Salbutamol Inhaler,248,2026-01-01,8,73.26,12.0,62.79428571,586.08,2025-08-01,Prescription
2025-08-09,Bandage Roll,179,2026-12-01,18,22.0,12.0,42.42857143,396.0,2025-08-01,Prescription
2025-08-09,Ivermectin 12mg,354,2026-04-01,9,177.95,12.0,171.5946429,1601.55,2025-08-01,Prescription
2025-08-09,Becosules,569,2026-04-01,8,60.49,12.0,51.84857143,483.92,2025-08-01,Prescription
2025-08-10,Azithromycin 500mg,652,2026-07-01,6,79.16,12.0,50.88857143,474.96,2025-08-01,Prescription
2025-08-10,Volini Gel,555,2026-01-01,7,265.0,12.0,198.75,1855.0,2025-08-01,OTC
2025-08-10,N95 Mask,537,2025-12-01,5,28.0,12.0,15.0,140.0,2025-08-01,Prescription
2025-08-10,Hydroxychloroquine 200mg,234/855,2026-04-01,8,108.7,12.0,93.17142857,869.6,2025-08-01,Prescription
2025-08-10,Glibenclamide 5mg,193,2026-06-01,9,48.75,12.0,47.00892857,438.75,2025-08-01,Prescription
2025-08-10,ORS Sachet,112,2025-12-01,10,28.32,12.0,30.34285714,283.2,2025-08-01,Prescription
2025-08-10,Salbutamol Inhaler,248,2026-01-01,6,73.26,12.0,47.09571429,439.56,2025-08-01,Prescription
2025-08-10,Digene,822,2026-03-01,8,29.2,12.0,25.02857143,233.6,2025-08-01,Prescription
2025-08-10,Chlorpheniramine,114/504,2026-12-01,5,102.29,12.0,54.79821429,511.45,2025-08-01,Prescription
2025-08-11,Montelukast 10mg,420,2027-01-01,16,140.0,12.0,240.0,2240.0,2025-08-01,Prescription
2025-08-11,Hydroxychloroquine 200mg,855,2026-04-01,9,108.7,12.0,104.8178571,978.3,2025-08-01,Prescription
2025-08-11,Vitamin C Tablets,160,2026-01-01,4,24.86,12.0,10.65428571,99.44,2025-08-01,OTC
2025-08-11,Clotrimazole Cream,522,2026-05-01,5,302.5,12.0,162.0535714,1512.5,2025-08-01,OTC
2025-08-11,Nicotine Patch,982,2026-08-01,5,85.57,12.0,45.84107143,427.85,2025-08-01,Prescription
2025-08-11,Tetanus Toxoid,996,2028-04-01,8,11.35,12.0,9.728571429,90.8,2025-08-01,Prescription
2025-08-12,Clotrimazole Cream,522,2026-05-01,4,302.5,12.0,129.6428571,1210.0,2025-08-01,OTC
2025-08-12,Omeprazole 20mg,452,2026-12-01,4,32.14,12.0,13.77428571,128.56,2025-08-01,Prescription
2025-08-12,Thermometer,131,,2,190.0,12.0,40.71428571,380.0,2025-08-01,Prescription
2025-08-12,Levocetirizine 5mg,311,2026-12-01,10,35.0,12.0,37.5,350.0,2025-08-01,Prescription
2025-08-12,Combiflam,540,2026-06-01,12,55.71,12.0,71.62714286,668.52,2025-08-01,Prescription
2025-08-12,Bandage Roll,255,2026-12-01,6,22.0,12.0,14.14285714,132.0,2025-08-01,Prescription
2025-08-12,Dexamethasone 4mg,722,2026-04-01,8,40.0,12.0,34.28571429,320.0,2025-08-01,Prescription
2025-08-13,Insulin 30/70,465,2026-01-01,12,174.0,12.0,223.7142857,2088.0,2025-08-01,Prescription
2025-08-13,Ranitidine 150mg,801,2025-12-01,6,13.65,12.0,8.775,81.9,2025-08-01,Prescription
2025-08-13,Salbutamol Inhaler,248,2026-01-01,9,73.26,12.0,70.64357143,659.34,2025-08-01,Prescription
2025-08-13,Disprin,521,2026-05-01,8,5.64,12.0,4.834285714,45.12,2025-08-01,Prescription
2025-08-13,Amoxicillin 250mg,495,2027-08-01,6,40.99,12.0,26.35071429,245.94,2025-08-01,Prescription
2025-08-13,ORS Sachet,112,2025-12-01,6,39.41,12.0,25.335,236.46,2025-08-01,Prescription
2025-08-14,Cetirizine 10mg,104,2026-03-01,5,21.05,12.0,11.27678571,105.25,2025-08-01,Prescription
2025-08-14,Dolo 650mg,491,2026-01-01,4,33.76,12.0,14.46857143,135.04,2025-08-01,Prescription
2025-08-14,Ibuprofen 400mg,351,2026-05-01,10,12.88,12.0,13.8,128.8,2025-08-01,Prescription
2025-08-14,Ivermectin 12mg,354,2026-04-01,6,177.95,12.0,114.3964286,1067.7,2025-08-01,Prescription
2025-08-14,Prednisolone 10mg,543,2025-12-01,6,27.0,12.0,17.35714286,162.0,2025-08-01,Prescription
2025-08-14,Combiflam,231,2026-06-01,4,55.71,12.0,23.87571429,222.84,2025-08-01,Prescription
2025-08-15,Omeprazole 20mg,452,2026-12-01,5,32.14,12.0,17.21785714,160.7,2025-08-01,Prescription
2025-08-15,Vitamin C Tablets,160,2026-01-01,4,24.86,12.0,10.65428571,99.44,2025-08-01,OTC
2025-08-15,Surgical Gloves,690,2027-01-01,4,83.0,12.0,35.57142857,332.0,2025-08-01,Prescription
2025-08-15,Crocin Advance,431,2026-05-01,5,20.16,12.0,10.8,100.8,2025-08-01,Prescription
2025-08-15,Nicotine Patch,982,2026-08-01,4,85.57,12.0,36.67285714,342.28,2025-08-01,Prescription
2025-08-15,Ranitidine 150mg,801,2025-12-01,5,13.65,12.0,7.3125,68.25,2025-08-01,Prescription
2025-08-15,Calpol 500mg,436,2026-07-01,8,14.95,12.0,12.81428571,119.6,2025-08-01,Prescription
2025-08-15,Volini Gel,555,2026-01-01,7,265.0,12.0,198.75,1855.0,2025-08-01,OTC
2025-08-15,Erythromycin 250mg,179,2026-04-01,8,60.0,12.0,51.42857143,480.0,2025-08-01,Prescription
2025-08-16,Azithromycin 500mg,652,2026-07-01,7,79.16,12.0,59.37,554.12,2025-08-01,Prescription
2025-08-16,Insulin 30/70,465,2026-01-01,14,174.0,12.0,261.0,2436.0,2025-08-01,Prescription
2025-08-16,Erythromycin 250mg,179,2026-04-01,7,60.0,12.0,45.0,420.0,2025-08-01,Prescription
2025-08-16,Metformin 500mg,121,2026-04-01,10,44.0,12.0,47.14285714,440.0,2025-08-01,Prescription
2025-08-16,Dexamethasone 4mg,722,2026-04-01,5,40.0,12.0,21.42857143,200.0,2025-08-01,Prescription
2025-08-16,Pantoprazole 40mg,920,2026-04-01,7,153.15,12.0,114.8625,1072.05,2025-08-01,Prescription
2025-08-17,Domperidone 10mg,722,2026-04-01,10,25.86,12.0,27.70714286,258.6,2025-08-01,Prescription
2025-08-17,Salbutamol Inhaler,248,2026-01-01,5,73.26,12.0,39.24642857,366.3,2025-08-01,Prescription
2025-08-17,Zincovit,250/135,2026-03-01,7,115.0,12.0,86.25,805.0,2025-08-01,Prescription
2025-08-17,Omeprazole 20mg,452,2026-12-01,5,32.14,12.0,17.21785714,160.7,2025-08-01,Prescription
2025-08-17,Amoxicillin 250mg,495,2027-08-01,9,40.99,12.0,39.52607143,368.91,2025-08-01,Prescription
2025-08-17,Dexamethasone 4mg,722,2026-04-01,8,40.0,12.0,34.28571429,320.0,2025-08-01,Prescription
2025-08-17,Amlodipine 5mg,614,2026-01-01,5,83.9,12.0,44.94642857,419.5,2025-08-01,Prescription
2025-08-17,Crocin Advance,431,2026-05-01,4,20.16,12.0,8.64,80.64,2025-08-01,Prescription
2025-08-17,Thermometer,131,,3,190.0,12.0,61.07142857,570.0,2025-08-01,Prescription
2025-08-18,Betadine Ointment,162,2026-05-01,5,97.0,12.0,51.96428571,485.0,2025-08-01,Prescription
2025-08-18,Salbutamol Inhaler,866,2026-01-01,8,73.26,12.0,62.79428571,586.08,2025-08-01,Prescription
2025-08-18,Losartan 50mg,911,2027-01-01,5,96.55,12.0,51.72321429,482.75,2025-08-01,Prescription
2025-08-18,Hydroxychloroquine 200mg,855,2026-04-01,8,108.7,12.0,93.17142857,869.6,2025-08-01,Prescription
2025-08-18,Paracetamol 500mg,450,2026-01-01,3,10.08,12.0,3.24,30.24,2025-08-01,Prescription
2025-08-18,Allegra 120mg,672,2026-07-01,9,264.72,12.0,255.2657143,2382.48,2025-08-01,Prescription
2025-08-18,Dexamethasone 4mg,722,2026-04-01,3,40.0,12.0,12.85714286,120.0,2025-08-01,Prescription
2025-08-18,Thyroxine 50mcg,633/980,2027-04-01,9,140.83,12.0,135.8003571,1267.47,2025-08-01,Prescription
2025-08-18,Cetirizine 10mg,104,2026-03-01,3,21.05,12.0,6.766071429,63.15,2025-08-01,Prescription
2025-08-19,Ibuprofen 400mg,351/620,2026-07-01,7,12.88,12.0,9.66,90.16,2025-08-01,Prescription
2025-08-19,Nicotine Patch,982,2026-08-01,8,85.57,12.0,73.34571429,684.56,2025-08-01,Prescription
2025-08-19,Chlorpheniramine,504,2026-12-01,7,102.29,12.0,76.7175,716.03,2025-08-01,Prescription
2025-08-19,Betadine Ointment,162/423,2026-05-01,4,97.0,12.0,41.57142857,388.0,2025-08-01,Prescription
2025-08-19,ORS Sachet,112,2025-12-01,8,17.08,12.0,14.64,136.64,2025-08-01,Prescription
2025-08-19,Crocin Advance,431,2026-05-01,10,20.16,12.0,21.6,201.6,2025-08-01,Prescription
2025-08-20,Insulin 30/70,465/741,2026-01-01,7,174.0,12.0,130.5,1218.0,2025-08-01,Prescription
2025-08-20,Multivitamin Syrup,422,2025-12-01,7,170.0,12.0,127.5,1190.0,2025-08-01,OTC
2025-08-20,Tetanus Toxoid,996,2028-04-01,5,11.35,12.0,6.080357143,56.75,2025-08-01,Prescription
2025-08-20,ORS Sachet,112,2025-12-01,8,36.0,12.0,30.85714286,288.0,2025-08-01,Prescription
2025-08-20,Amlodipine 5mg,614/532,2026-01-01,8,83.9,12.0,71.91428571,671.2,2025-08-01,Prescription
2025-08-20,Vitamin C Tablets,160,2026-01-01,8,24.86,12.0,21.30857143,198.88,2025-08-01,OTC
2025-08-20,Zincovit,135,2026-03-01,1,115.0,12.0,12.32142857,115.0,2025-08-01,Prescription
2025-08-21,Losartan 50mg,671,2027-01-01,9,96.55,12.0,93.10178571,868.95,2025-08-01,Prescription
2025-08-21,Digene,822,2026-03-01,8,29.2,12.0,25.02857143,233.6,2025-08-01,Prescription
2025-08-21,ORS Sachet,112,2025-12-01,6,41.7,12.0,26.80714286,250.2,2025-08-01,Prescription
2025-08-21,Nicotine Patch,982,2026-08-01,9,85.57,12.0,82.51392857,770.13,2025-08-01,Prescription
2025-08-21,Dolo 650mg,491,2026-01-01,6,33.76,12.0,21.70285714,202.56,2025-08-01,Prescription
2025-08-21,Levocetirizine 5mg,452,2026-12-01,10,35.0,12.0,37.5,350.0,2025-08-01,Prescription
2025-08-21,Amoxicillin 250mg,495,2027-08-01,7,40.99,12.0,30.7425,286.93,2025-08-01,Prescription
2025-08-22,Hydroxychloroquine 200mg,132,2026-04-01,6,108.7,12.0,69.87857143,652.2,2025-08-01,Prescription
2025-08-22,Surgical Gloves,690,2027-01-01,8,83.0,12.0,71.14285714,664.0,2025-08-01,Prescription
2025-08-22,Hand Sanitizer,700,2026-01-01,9,30.0,12.0,28.92857143,270.0,2025-08-01,OTC
2025-08-22,Bandage Roll,255,2026-12-01,13,22.0,12.0,30.64285714,286.0,2025-08-01,Prescription
2025-08-22,Loperamide 2mg,702,2026-04-01,14,25.48,12.0,38.22,356.72,2025-08-01,Prescription
2025-08-22,Nicotine Patch,121,2026-08-01,5,85.57,12.0,45.84107143,427.85,2025-08-01,Prescription
2025-08-22,Crocin Advance,431,2026-05-01,5,20.16,12.0,10.8,100.8,2025-08-01,Prescription
2025-08-22,Paracetamol 500mg,450,2026-01-01,5,10.08,12.0,5.4,50.4,2025-08-01,Prescription
2025-08-22,Azithromycin 500mg,652/429,2026-07-01,5,79.16,12.0,42.40714286,395.8,2025-08-01,Prescription
2025-08-23,Hydroxychloroquine 200mg,132,2026-04-01,5,108.7,12.0,58.23214286,543.5,2025-08-01,Prescription
2025-08-23,Becosules,569,2026-04-01,6,60.49,12.0,38.88642857,362.94,2025-08-01,Prescription
2025-08-23,Crocin Advance,501,2026-05-01,3,20.16,12.0,6.48,60.48,2025-08-01,Prescription
2025-08-23,Disprin,736,2026-05-01,7,5.64,12.0,4.23,39.48,2025-08-01,Prescription
2025-08-23,Bandage Roll,255,2026-12-01,9,22.0,12.0,21.21428571,198.0,2025-08-01,Prescription
2025-08-23,Vitamin C Tablets,160,2026-01-01,7,24.86,12.0,18.645,174.02,2025-08-01,OTC
2025-08-23,Becosules,569,2026-04-01,8,60.49,12.0,51.84857143,483.92,2025-08-01,Prescription
2025-08-23,Digene,822/233,2026-03-01,6,29.2,12.0,18.77142857,175.2,2025-08-01,Prescription
2025-08-24,Paracetamol 500mg,450,2026-01-01,7,10.08,12.0,7.56,70.56,2025-08-01,Prescription
2025-08-24,Multivitamin Syrup,422,2025-12-01,8,170.0,12.0,145.7142857,1360.0,2025-08-01,OTC
2025-08-24,Omeprazole 20mg,221,2026-12-01,2,32.14,12.0,6.887142857,64.28,2025-08-01,Prescription
2025-08-24,Atorvastatin 10mg,674,2026-05-01,1,55.32,12.0,5.927142857,55.32,2025-08-01,Prescription
2025-08-24,Calpol 500mg,436,2026-07-01,8,14.95,12.0,12.81428571,119.6,2025-08-01,Prescription
2025-08-24,Volini Gel,555,2026-01-01,3,265.0,12.0,85.17857143,795.0,2025-08-01,OTC
2025-08-25,Avil 25mg,528,2026-12-01,3,13.25,12.0,4.258928571,39.75,2025-08-01,Prescription
2025-08-25,Disprin,736,2026-05-01,6,5.64,12.0,3.625714286,33.84,2025-08-01,Prescription
2025-08-25,Chlorpheniramine,504,2026-12-01,5,102.29,12.0,54.79821429,511.45,2025-08-01,Prescription
2025-08-25,ORS Sachet,112,2025-12-01,4,30.5,12.0,13.07142857,122.0,2025-08-01,Prescription
2025-08-25,Ivermectin 12mg,520/752,2026-04-01,12,177.95,12.0,228.7928571,2135.4,2025-08-01,Prescription
2025-08-25,Vitamin C Tablets,160,2026-01-01,8,24.86,12.0,21.30857143,198.88,2025-08-01,OTC
2025-08-25,Thyroxine 50mcg,980,2027-04-01,4,140.83,12.0,60.35571429,563.32,2025-08-01,Prescription
2025-08-25,N95 Mask,537,2025-12-01,1,28.0,12.0,3.0,28.0,2025-08-01,Prescription
2025-08-26,Metformin 500mg,441,2026-04-01,15,44.0,12.0,70.71428571,660.0,2025-08-01,Prescription
2025-08-26,Ranitidine 150mg,192,2025-12-01,10,13.65,12.0,14.625,136.5,2025-08-01,Prescription
2025-08-26,Cetirizine 10mg,104,2026-03-01,4,21.05,12.0,9.021428571,84.2,2025-08-01,Prescription
2025-08-26,Crocin Advance,501,2026-05-01,6,20.16,12.0,12.96,120.96,2025-08-01,Prescription
2025-08-26,Paracetamol 500mg,450,2026-01-01,6,10.08,12.0,6.48,60.48,2025-08-01,Prescription
2025-08-26,Multivitamin Syrup,422,2025-12-01,5,170.0,12.0,91.07142857,850.0,2025-08-01,OTC
2025-08-26,Ciprofloxacin 500mg,150,2026-04-01,9,47.49,12.0,45.79392857,427.41,2025-08-01,Prescription
2025-08-26,Betadine Ointment,423,2026-05-01,5,97.0,12.0,51.96428571,485.0,2025-08-01,Prescription
2025-08-26,Crocin Advance,501,2026-05-01,9,20.16,12.0,19.44,181.44,2025-08-01,Prescription
2025-08-27,Hydroxychloroquine 200mg,132,2026-04-01,8,108.7,12.0,93.17142857,869.6,2025-08-01,Prescription
2025-08-27,Zincovit,135,2026-03-01,7,115.0,12.0,86.25,805.0,2025-08-01,Prescription
2025-08-27,Dolo 650mg,491,2026-01-01,5,33.76,12.0,18.08571429,168.8,2025-08-01,Prescription
2025-08-27,Ibuprofen 400mg,620,2026-07-01,6,12.88,12.0,8.28,77.28,2025-08-01,Prescription
2025-08-27,Amlodipine 5mg,532/618,2026-01-01,9,83.9,12.0,80.90357143,755.1,2025-08-01,Prescription
2025-08-27,Calpol 500mg,436,2026-07-01,5,14.95,12.0,8.008928571,74.75,2025-08-01,Prescription
2025-08-27,Cetirizine 10mg,104,2026-03-01,3,21.05,12.0,6.766071429,63.15,2025-08-01,Prescription
2025-08-27,Levocetirizine 5mg,631,2026-12-01,10,35.0,12.0,37.5,350.0,2025-08-01,Prescription
2025-08-27,Avil 25mg,528,2026-12-01,5,13.25,12.0,7.098214286,66.25,2025-08-01,Prescription
2025-08-27,Erythromycin 250mg,179,2026-04-01,4,60.0,12.0,25.71428571,240.0,2025-08-01,Prescription
2025-08-28,Azithromycin 500mg,429,2026-07-01,3,79.16,12.0,25.44428571,237.48,2025-08-01,Prescription
2025-08-28,Crocin Advance,501,2026-05-01,8,20.16,12.0,17.28,161.28,2025-08-01,Prescription
2025-08-28,Dexamethasone 4mg,722,2026-04-01,6,40.0,12.0,25.71428571,240.0,2025-08-01,Prescription
2025-08-28,Prednisolone 10mg,543,2025-12-01,5,27.0,12.0,14.46428571,135.0,2025-08-01,Prescription
2025-08-28,Volini Gel,201,2026-01-01,5,265.0,12.0,141.9642857,1325.0,2025-08-01,OTC
2025-08-28,N95 Mask,537,2025-12-01,4,28.0,12.0,12.0,112.0,2025-08-01,Prescription
2025-08-28,Zincovit,831,2026-03-01,6,115.0,12.0,73.92857143,690.0,2025-08-01,Prescription
2025-08-28,Nicotine Patch,121,2026-08-01,9,85.57,12.0,82.51392857,770.13,2025-08-01,Prescription
2025-08-28,Thermometer,131,,5,190.0,12.0,101.7857143,950.0,2025-08-01,Prescription
2025-08-28,Insulin 30/70,741,2026-01-01,5,174.0,12.0,93.21428571,870.0,2025-08-01,Prescription
2025-08-28,Multivitamin Syrup,751,2025-12-01,6,170.0,12.0,109.2857143,1020.0,2025-08-01,OTC
2025-08-29,Ranitidine 150mg,192,2025-12-01,6,13.65,12.0,8.775,81.9,2025-08-01,Prescription
2025-08-29,Tetanus Toxoid,120,2028-04-01,7,11.35,12.0,8.5125,79.45,2025-08-01,Prescription
2025-08-29,Erythromycin 250mg,179,2026-04-01,4,60.0,12.0,25.71428571,240.0,2025-08-01,Prescription
2025-08-29,Calpol 500mg,436/855,2026-07-01,8,14.95,12.0,12.81428571,119.6,2025-08-01,Prescription
2025-08-29,Omeprazole 20mg,221,2026-12-01,5,32.14,12.0,17.21785714,160.7,2025-08-01,Prescription
2025-08-29,Montelukast 10mg,811,2027-01-01,15,140.0,12.0,225.0,2100.0,2025-08-01,Prescription
2025-08-29,Clotrimazole Cream,522,2026-05-01,3,302.5,12.0,97.23214286,907.5,2025-08-01,OTC
2025-08-30,Hand Sanitizer,700,2026-01-01,12,30.0,12.0,38.57142857,360.0,2025-08-01,OTC
2025-08-30,Amoxicillin 250mg,495,2027-08-01,2,40.99,12.0,8.783571429,81.98,2025-08-01,Prescription
2025-08-30,Amoxicillin 250mg,495,2027-08-01,4,40.99,12.0,17.56714286,163.96,2025-08-01,Prescription
2025-08-30,N95 Mask,537,2025-12-01,1,28.0,12.0,3.0,28.0,2025-08-01,Prescription
2025-08-30,Ranitidine 150mg,192,2025-12-01,3,13.65,12.0,4.3875,40.95,2025-08-01,Prescription
2025-08-30,Calpol 500mg,855,2026-07-01,4,14.95,12.0,6.407142857,59.8,2025-08-01,Prescription
2025-08-31,Becosules,569,2026-04-01,9,60.49,12.0,58.32964286,544.41,2025-08-01,Prescription
2025-08-31,Allegra 120mg,294,2026-07-01,10,264.72,12.0,283.6285714,2647.2,2025-08-01,Prescription
2025-08-31,Atorvastatin 10mg,674,2026-05-01,9,55.32,12.0,53.34428571,497.88,2025-08-01,Prescription
2025-08-31,Loperamide 2mg,431,2026-04-01,15,25.48,12.0,40.95,382.2,2025-08-01,Prescription
2025-08-31,Chlorpheniramine,655,2026-12-01,8,102.29,12.0,87.67714286,818.32,2025-08-01,Prescription
2025-08-31,Amoxicillin 250mg,495,2027-08-01,4,40.99,12.0,17.56714286,163.96,2025-08-01,Prescription
2025-08-31,Avil 25mg,528,2026-12-01,10,13.25,12.0,14.19642857,132.5,2025-08-01,Prescription
2025-08-31,Thyroxine 50mcg,980,2027-04-01,6,140.83,12.0,90.53357143,844.98,2025-08-01,Prescription
2025-08-31,Prednisolone 10mg,543,2025-12-01,8,27.0,12.0,23.14285714,216.0,2025-08-01,Prescription
2025-08-31,Zincovit,831,2026-03-01,4,115.0,12.0,49.28571429,460.0,2025-08-01,Prescription
2025-08-31,Dolo 650mg,756,2026-01-01,6,33.76,12.0,21.70285714,202.56,2025-08-01,Prescription
