Date,Product Name,Demand,Naive,Moving_Average,XGBoost,Prophet
2025-08-04,Allegra 120mg,0.0,0.0,1.7142857142857142,1.3383331,1.6681427852111255
2025-08-05,Allegra 120mg,0.0,5.0,1.7142857142857142,0.8929755,3.0726826517868795
2025-08-06,Allegra 120mg,0.0,0.0,1.0,0.27077952,0.716219234890793
2025-08-07,Allegra 120mg,0.0,0.0,1.0,0.23912007,2.8584304398066354
2025-08-08,Allegra 120mg,0.0,7.0,1.0,1.7757479,2.215746213280933
2025-08-09,Allegra 120mg,0.0,0.0,0.0,1.7324915,2.215730193361882
2025-08-10,Allegra 120mg,0.0,0.0,0.0,1.4282347,2.3585294576296185
2025-08-11,Allegra 120mg,0.0,0.0,0.0,3.1620033,1.7636979645162183
2025-08-12,Allegra 120mg,0.0,0.0,0.0,2.8470266,3.1682378310926396
2025-08-13,Allegra 120mg,0.0,0.0,0.0,1.698899,0.8117744141955789
2025-08-14,Allegra 120mg,0.0,0.0,0.0,2.416533,2.953985619112188
2025-08-15,Allegra 120mg,0.0,0.0,0.0,1.0304735,2.3113013925881454
2025-08-16,Allegra 120mg,0.0,0.0,0.0,0.68826747,2.31128537266154
2025-08-17,Allegra 120mg,0.0,0.0,0.0,1.9629964,2.454084636937118
2025-08-18,Allegra 120mg,9.0,0.0,0.0,0.8675233,1.8592531438257183
2025-08-19,Allegra 120mg,0.0,0.0,1.2857142857142858,0.061132785,3.2637930103966655
2025-08-20,Allegra 120mg,0.0,0.0,1.2857142857142858,0.3785205,0.9073295935016452
2025-08-21,Allegra 120mg,0.0,0.0,1.2857142857142858,0.3626815,3.0495407984143768
2025-08-22,Allegra 120mg,0.0,0.0,1.2857142857142858,0.0,2.4068565718953576
2025-08-23,Allegra 120mg,0.0,0.0,1.2857142857142858,0.8124826,2.4068405519721665
2025-08-24,Allegra 120mg,0.0,0.0,1.2857142857142858,0.8028009,2.549639816238412
2025-08-25,Allegra 120mg,0.0,9.0,1.2857142857142858,4.9742527,1.9548083231308113
2025-08-26,Allegra 120mg,0.0,0.0,0.0,0.4132887,3.3593481897068957
2025-08-27,Allegra 120mg,0.0,0.0,0.0,0.6508476,1.0028847728077122
2025-08-28,Allegra 120mg,0.0,0.0,0.0,0.57505316,3.1450959777199294
2025-08-29,Allegra 120mg,0.0,0.0,0.0,0.00578024,2.502411751196566
2025-08-30,Allegra 120mg,0.0,0.0,0.0,0.40054542,2.5023957312760174
2025-08-31,Allegra 120mg,10.0,0.0,0.0,0.31165105,2.645194995545912
2025-08-04,Amlodipine 5mg,0.0,0.0,0.0,0.25454026,0.0
2025-08-05,Amlodipine 5mg,0.0,0.0,0.0,0.5814325,0.464953704167154
2025-08-06,Amlodipine 5mg,0.0,0.0,0.0,1.2276701,0.5364092751349339
2025-08-07,Amlodipine 5mg,0.0,0.0,0.0,1.5961086,0.39342713067071194
2025-08-08,Amlodipine 5mg,0.0,0.0,0.0,1.3947593,0.0
2025-08-09,Amlodipine 5mg,0.0,0.0,0.0,1.2792898,1.2511430880766494
2025-08-10,Amlodipine 5mg,0.0,0.0,0.0,0.9400604,0.0
2025-08-11,Amlodipine 5mg,0.0,0.0,0.0,1.2914215,0.0
2025-08-12,Amlodipine 5mg,0.0,0.0,0.0,1.4971722,0.4316592850270345
2025-08-13,Amlodipine 5mg,0.0,0.0,0.0,1.4757695,0.503114855995238
2025-08-14,Amlodipine 5mg,0.0,0.0,0.0,2.006924,0.3601327115291899
2025-08-15,Amlodipine 5mg,0.0,0.0,0.0,1.8645763,0.0
2025-08-16,Amlodipine 5mg,0.0,0.0,0.0,2.3789098,1.2178486689336263
2025-08-17,Amlodipine 5mg,5.0,0.0,0.0,2.5299675,0.0
2025-08-18,Amlodipine 5mg,0.0,0.0,0.7142857142857143,0.6273493,0.0
2025-08-19,Amlodipine 5mg,0.0,0.0,0.7142857142857143,0.91001225,0.3983648658837061
2025-08-20,Amlodipine 5mg,8.0,0.0,0.7142857142857143,1.1652435,0.4698204368527339
2025-08-21,Amlodipine 5mg,0.0,0.0,1.8571428571428572,2.2407396,0.32683829238987505
2025-08-22,Amlodipine 5mg,0.0,0.0,1.8571428571428572,1.0495942,0.0
2025-08-23,Amlodipine 5mg,0.0,0.0,1.8571428571428572,1.041663,1.1845542497928616
2025-08-24,Amlodipine 5mg,0.0,5.0,1.8571428571428572,2.1341717,0.0
2025-08-25,Amlodipine 5mg,0.0,0.0,1.1428571428571428,1.2928957,0.0
2025-08-26,Amlodipine 5mg,0.0,0.0,1.1428571428571428,1.4302602,0.3650704467429794
2025-08-27,Amlodipine 5mg,9.0,8.0,1.1428571428571428,5.17491,0.43652601771022964
2025-08-28,Amlodipine 5mg,0.0,0.0,1.2857142857142858,0.916356,0.29354387324835296
2025-08-29,Amlodipine 5mg,0.0,0.0,1.2857142857142858,1.5541736,0.0
2025-08-30,Amlodipine 5mg,0.0,0.0,1.2857142857142858,1.9727268,1.1512598306511974
2025-08-31,Amlodipine 5mg,0.0,0.0,1.2857142857142858,3.7285361,0.0
2025-08-04,Amoxicillin 250mg,0.0,0.0,0.42857142857142855,0.5367922,0.33448151624245054
2025-08-05,Amoxicillin 250mg,0.0,0.0,0.42857142857142855,0.74169147,0.0
2025-08-06,Amoxicillin 250mg,0.0,3.0,0.42857142857142855,0.8505991,0.9627255017062046
2025-08-07,Amoxicillin 250mg,0.0,0.0,0.0,0.31636953,0.0
2025-08-08,Amoxicillin 250mg,3.0,0.0,0.0,2.0708237,0.0
2025-08-09,Amoxicillin 250mg,0.0,0.0,0.42857142857142855,0.53287494,0.6056061872988722
2025-08-10,Amoxicillin 250mg,0.0,0.0,0.42857142857142855,0.97565365,0.31991480873728234
2025-08-11,Amoxicillin 250mg,0.0,0.0,0.42857142857142855,0.79132533,0.2723979491376503
2025-08-12,Amoxicillin 250mg,0.0,0.0,0.42857142857142855,0.9211419,0.0
2025-08-13,Amoxicillin 250mg,6.0,0.0,0.42857142857142855,0.63491714,0.9006419346028605
2025-08-14,Amoxicillin 250mg,0.0,0.0,1.2857142857142858,0.63823366,0.0
2025-08-15,Amoxicillin 250mg,0.0,3.0,1.2857142857142858,1.4809687,0.0
2025-08-16,Amoxicillin 250mg,0.0,0.0,0.8571428571428571,1.6119363,0.5435226201955419
2025-08-17,Amoxicillin 250mg,9.0,0.0,0.8571428571428571,1.8002179,0.25783124163162
2025-08-18,Amoxicillin 250mg,0.0,0.0,2.142857142857143,1.2041794,0.21031438203154607
2025-08-19,Amoxicillin 250mg,0.0,0.0,2.142857142857143,1.2151406,0.0
2025-08-20,Amoxicillin 250mg,0.0,6.0,2.142857142857143,0.8329234,0.8385583674979031
2025-08-21,Amoxicillin 250mg,7.0,0.0,1.2857142857142858,0.74071777,0.0
2025-08-22,Amoxicillin 250mg,0.0,0.0,2.2857142857142856,1.369257,0.0
2025-08-23,Amoxicillin 250mg,0.0,0.0,2.2857142857142856,0.93901587,0.48143905308894575
2025-08-24,Amoxicillin 250mg,0.0,9.0,2.2857142857142856,1.2870932,0.19574767452847863
2025-08-25,Amoxicillin 250mg,0.0,0.0,1.0,0.798891,0.14823081492674575
2025-08-26,Amoxicillin 250mg,0.0,0.0,1.0,0.9805273,0.0
2025-08-27,Amoxicillin 250mg,0.0,0.0,1.0,1.1478444,0.7764748003929459
2025-08-28,Amoxicillin 250mg,0.0,7.0,1.0,2.7811048,0.0
2025-08-29,Amoxicillin 250mg,0.0,0.0,0.0,0.83912224,0.0
2025-08-30,Amoxicillin 250mg,6.0,0.0,0.0,1.8153445,0.41935548598558836
2025-08-31,Amoxicillin 250mg,4.0,0.0,0.8571428571428571,2.7939217,0.1336641074228161
2025-08-04,Atorvastatin 10mg,0.0,0.0,0.0,0.29126936,1.4714121544349439
2025-08-05,Atorvastatin 10mg,9.0,0.0,0.0,1.1676453,1.1150054686473294
2025-08-06,Atorvastatin 10mg,0.0,0.0,1.2857142857142858,0.6843434,0.8290930666016543
2025-08-07,Atorvastatin 10mg,0.0,0.0,1.2857142857142858,0.626647,0.8290261969727253
2025-08-08,Atorvastatin 10mg,0.0,0.0,1.2857142857142858,0.34116417,0.8289564578746189
2025-08-09,Atorvastatin 10mg,0.0,0.0,1.2857142857142858,0.6597321,0.9718092283744875
2025-08-10,Atorvastatin 10mg,0.0,0.0,1.2857142857142858,0.54130524,1.6148949369058494
2025-08-11,Atorvastatin 10mg,0.0,0.0,1.2857142857142858,0.33257854,1.5059744107382078
2025-08-12,Atorvastatin 10mg,0.0,9.0,1.2857142857142858,2.3675172,1.149567724950384
2025-08-13,Atorvastatin 10mg,0.0,0.0,0.0,0.29551154,0.8636553229047158
2025-08-14,Atorvastatin 10mg,0.0,0.0,0.0,0.41290963,0.8635884532760467
2025-08-15,Atorvastatin 10mg,0.0,0.0,0.0,0.36738777,0.8635187141781805
2025-08-16,Atorvastatin 10mg,0.0,0.0,0.0,0.43703222,1.006371484676097
2025-08-17,Atorvastatin 10mg,0.0,0.0,0.0,1.3108299,1.649457193209591
2025-08-18,Atorvastatin 10mg,0.0,0.0,0.0,1.1947207,1.5405366670412615
2025-08-19,Atorvastatin 10mg,0.0,0.0,0.0,1.1139488,1.1841299812538242
2025-08-20,Atorvastatin 10mg,0.0,0.0,0.0,1.296957,0.898217579208261
2025-08-21,Atorvastatin 10mg,0.0,0.0,0.0,1.1322128,0.8981507095795487
2025-08-22,Atorvastatin 10mg,0.0,0.0,0.0,2.812182,0.8980809704817418
2025-08-23,Atorvastatin 10mg,0.0,0.0,0.0,3.021092,1.0409337409800838
2025-08-24,Atorvastatin 10mg,1.0,0.0,0.0,2.741989,1.6840194495133267
2025-08-25,Atorvastatin 10mg,0.0,0.0,0.14285714285714285,0.0,1.5750989233445258
2025-08-26,Atorvastatin 10mg,0.0,0.0,0.14285714285714285,0.7093099,1.2186922375582692
2025-08-27,Atorvastatin 10mg,0.0,0.0,0.14285714285714285,0.91092646,0.9327798355118062
2025-08-28,Atorvastatin 10mg,0.0,0.0,0.14285714285714285,0.81165105,0.9327129658828702
2025-08-29,Atorvastatin 10mg,0.0,0.0,0.14285714285714285,0.8550177,0.9326432267849103
2025-08-30,Atorvastatin 10mg,0.0,0.0,0.14285714285714285,0.7317538,1.07549599728385
2025-08-31,Atorvastatin 10mg,9.0,1.0,0.14285714285714285,1.9186474,1.7185817058170683
2025-08-04,Avil 25mg,9.0,0.0,3.0,0.6057131,1.2708981383121678
2025-08-05,Avil 25mg,0.0,0.0,4.285714285714286,0.64222115,1.154391725924723
2025-08-06,Avil 25mg,8.0,10.0,4.285714285714286,1.6141837,1.5795397758556449
2025-08-07,Avil 25mg,0.0,7.0,4.0,0.7471377,2.8549909251373435
2025-08-08,Avil 25mg,0.0,0.0,3.0,0.628561,2.2881449009950026
2025-08-09,Avil 25mg,0.0,4.0,3.0,0.9087501,3.1384493572512397
2025-08-10,Avil 25mg,0.0,0.0,2.4285714285714284,0.8385838,1.9338758984826767
2025-08-11,Avil 25mg,0.0,9.0,2.4285714285714284,1.1651663,1.3869071905497046
2025-08-12,Avil 25mg,0.0,0.0,1.1428571428571428,0.039276067,1.2704007781644853
2025-08-13,Avil 25mg,0.0,8.0,1.1428571428571428,1.6589694,1.6955488280968785
2025-08-14,Avil 25mg,0.0,0.0,0.0,1.1434032,2.9709999773766564
2025-08-15,Avil 25mg,0.0,0.0,0.0,0.7563291,2.404153953233839
2025-08-16,Avil 25mg,0.0,0.0,0.0,0.9636882,3.2544584094890063
2025-08-17,Avil 25mg,0.0,0.0,0.0,1.8390484,2.049884950721285
2025-08-18,Avil 25mg,0.0,0.0,0.0,0.5476373,1.5029162427902487
2025-08-19,Avil 25mg,0.0,0.0,0.0,0.75587046,1.3864098304012284
2025-08-20,Avil 25mg,0.0,0.0,0.0,1.0297168,1.8115578803356787
2025-08-21,Avil 25mg,0.0,0.0,0.0,0.82832867,3.0870090296145
2025-08-22,Avil 25mg,0.0,0.0,0.0,0.5841069,2.520163005472675
2025-08-23,Avil 25mg,0.0,0.0,0.0,0.5843289,3.370467461728615
2025-08-24,Avil 25mg,0.0,0.0,0.0,0.8826422,2.165894002957494
2025-08-25,Avil 25mg,3.0,0.0,0.0,0.5369701,1.6189252950277857
2025-08-26,Avil 25mg,0.0,0.0,0.42857142857142855,0.057299357,1.5024188826421405
2025-08-27,Avil 25mg,5.0,0.0,0.42857142857142855,0.47988072,1.9275669325744782
2025-08-28,Avil 25mg,0.0,0.0,1.1428571428571428,0.11684341,3.2030180818538136
2025-08-29,Avil 25mg,0.0,0.0,1.1428571428571428,1.1777873,2.6361720577115375
2025-08-30,Avil 25mg,0.0,0.0,1.1428571428571428,0.8931452,3.486476513966907
2025-08-31,Avil 25mg,10.0,0.0,1.1428571428571428,1.4827883,2.281903055196102
2025-08-04,Azithromycin 500mg,0.0,0.0,1.7142857142857142,0.9548333,1.477652459426258
2025-08-05,Azithromycin 500mg,0.0,12.0,1.7142857142857142,2.4350784,1.0171448327200316
2025-08-06,Azithromycin 500mg,0.0,0.0,0.0,0.8107929,0.8029068958495531
2025-08-07,Azithromycin 500mg,2.0,0.0,0.0,0.98833674,1.660109707764785
2025-08-08,Azithromycin 500mg,0.0,0.0,0.2857142857142857,0.98565775,0.6601482085418391
2025-08-09,Azithromycin 500mg,0.0,0.0,0.2857142857142857,0.5344497,1.017345031689833
2025-08-10,Azithromycin 500mg,6.0,0.0,0.2857142857142857,1.2692704,0.017383298349798237
2025-08-11,Azithromycin 500mg,0.0,0.0,1.1428571428571428,0.9771353,1.4798252864531984
2025-08-12,Azithromycin 500mg,0.0,0.0,1.1428571428571428,2.3018944,1.0193176597480924
2025-08-13,Azithromycin 500mg,0.0,0.0,1.1428571428571428,0.66642505,0.8050797228800834
2025-08-14,Azithromycin 500mg,0.0,2.0,1.1428571428571428,1.1009046,1.6622825347931145
2025-08-15,Azithromycin 500mg,0.0,0.0,0.8571428571428571,1.0215695,0.6623210355684097
2025-08-16,Azithromycin 500mg,7.0,0.0,0.8571428571428571,1.374187,1.019517858718755
2025-08-17,Azithromycin 500mg,0.0,6.0,1.8571428571428572,1.2803507,0.019556125378047295
2025-08-18,Azithromycin 500mg,0.0,0.0,1.0,1.3752713,1.4819981134834168
2025-08-19,Azithromycin 500mg,0.0,0.0,1.0,1.3472317,1.021490486772149
2025-08-20,Azithromycin 500mg,0.0,0.0,1.0,1.2731704,0.8072525499066765
2025-08-21,Azithromycin 500mg,0.0,0.0,1.0,1.2705543,1.664455361820134
2025-08-22,Azithromycin 500mg,5.0,0.0,1.0,1.1078304,0.6644938625949802
2025-08-23,Azithromycin 500mg,0.0,7.0,1.7142857142857142,1.2884839,1.0216906857458776
2025-08-24,Azithromycin 500mg,0.0,0.0,0.7142857142857143,1.8080893,0.02172895240439443
2025-08-25,Azithromycin 500mg,0.0,0.0,0.7142857142857143,0.6165079,1.4841709405103571
2025-08-26,Azithromycin 500mg,0.0,0.0,0.7142857142857143,0.82320505,1.0236633138055289
2025-08-27,Azithromycin 500mg,0.0,0.0,0.7142857142857143,1.1612374,0.8094253769332697
2025-08-28,Azithromycin 500mg,3.0,0.0,0.7142857142857143,1.1400251,1.6666281888484638
2025-08-29,Azithromycin 500mg,0.0,5.0,1.1428571428571428,2.4015312,0.6666666896231832
2025-08-30,Azithromycin 500mg,0.0,0.0,0.42857142857142855,1.9617424,1.0238635127728504
2025-08-31,Azithromycin 500mg,0.0,0.0,0.42857142857142855,0.78801745,0.023901779432643377
2025-08-04,Bandage Roll,0.0,0.0,0.0,0.38760146,0.8730667099967214
2025-08-05,Bandage Roll,0.0,0.0,0.0,0.10091107,1.214744293909461
2025-08-06,Bandage Roll,0.0,0.0,0.0,0.11697158,0.0
2025-08-07,Bandage Roll,0.0,0.0,0.0,0.8057732,0.930014731808898
2025-08-08,Bandage Roll,13.0,0.0,0.0,0.13915287,1.6445121913836154
2025-08-09,Bandage Roll,18.0,0.0,1.8571428571428572,1.0940615,0.9309103640555255
2025-08-10,Bandage Roll,0.0,0.0,4.428571428571429,0.6460754,0.36014391939096113
2025-08-11,Bandage Roll,0.0,0.0,4.428571428571429,1.3879976,0.7766164765030232
2025-08-12,Bandage Roll,6.0,0.0,4.428571428571429,1.1732838,1.1182940604149358
2025-08-13,Bandage Roll,0.0,0.0,5.285714285714286,0.0,0.0
2025-08-14,Bandage Roll,0.0,0.0,5.285714285714286,0.5203191,0.8335644983160632
2025-08-15,Bandage Roll,0.0,13.0,5.285714285714286,3.4008589,1.5480619578905281
2025-08-16,Bandage Roll,0.0,18.0,3.4285714285714284,1.4959708,0.8344601305629524
2025-08-17,Bandage Roll,0.0,0.0,0.8571428571428571,1.1679087,0.2636936858980799
2025-08-18,Bandage Roll,0.0,0.0,0.8571428571428571,0.017922444,0.6801662430112961
2025-08-19,Bandage Roll,0.0,6.0,0.8571428571428571,0.0,1.0218438269195647
2025-08-20,Bandage Roll,0.0,0.0,0.0,1.2781948,0.0
2025-08-21,Bandage Roll,0.0,0.0,0.0,0.9457811,0.737114264815977
2025-08-22,Bandage Roll,13.0,0.0,0.0,2.247969,1.451611724397441
2025-08-23,Bandage Roll,9.0,0.0,1.8571428571428572,2.6569521,0.7380098970703622
2025-08-24,Bandage Roll,0.0,0.0,3.142857142857143,1.8016095,0.16724345240249228
2025-08-25,Bandage Roll,0.0,0.0,3.142857142857143,1.8894424,0.5837160095175975
2025-08-26,Bandage Roll,0.0,0.0,3.142857142857143,2.0608592,0.9253935934310733
2025-08-27,Bandage Roll,0.0,0.0,3.142857142857143,1.3785857,0.0
2025-08-28,Bandage Roll,0.0,0.0,3.142857142857143,1.6598693,0.6406640313231415
2025-08-29,Bandage Roll,0.0,13.0,3.142857142857143,1.293275,1.3551614909018261
2025-08-30,Bandage Roll,0.0,9.0,1.2857142857142858,1.3888925,0.6415596635748668
2025-08-31,Bandage Roll,0.0,0.0,0.0,2.6505835,0.07079321890961043
2025-08-04,Becosules,0.0,10.0,4.285714285714286,0.57963103,2.305359953751382
2025-08-05,Becosules,0.0,0.0,2.857142857142857,1.8176968,2.838152296523975
2025-08-06,Becosules,0.0,0.0,2.857142857142857,2.0266695,1.123896924621328
2025-08-07,Becosules,0.0,10.0,2.857142857142857,2.5807834,1.1238993234488261
2025-08-08,Becosules,0.0,0.0,1.4285714285714286,1.4295528,0.40962767875457273
2025-08-09,Becosules,8.0,2.0,1.4285714285714286,2.008153,1.2667590709393994
2025-08-10,Becosules,0.0,8.0,2.2857142857142856,0.9474785,1.6238984861039698
2025-08-11,Becosules,0.0,0.0,1.1428571428571428,0.8859865,2.3599908457238374
2025-08-12,Becosules,0.0,0.0,1.1428571428571428,0.38831988,2.8927831884965913
2025-08-13,Becosules,0.0,0.0,1.1428571428571428,0.3193546,1.1785278165937394
2025-08-14,Becosules,0.0,0.0,1.1428571428571428,0.89824265,1.1785302154210666
2025-08-15,Becosules,0.0,0.0,1.1428571428571428,1.4384067,0.46425857072774956
2025-08-16,Becosules,0.0,8.0,1.1428571428571428,1.2545645,1.321389962907552
2025-08-17,Becosules,0.0,0.0,0.0,2.0108263,1.6785293780778563
2025-08-18,Becosules,0.0,0.0,0.0,4.6622224,2.414621737699081
2025-08-19,Becosules,0.0,0.0,0.0,0.75587046,2.947414080467181
2025-08-20,Becosules,0.0,0.0,0.0,0.65560126,1.2331587085652869
2025-08-21,Becosules,0.0,0.0,0.0,0.4941642,1.2331611073947024
2025-08-22,Becosules,0.0,0.0,0.0,0.26092803,0.5188894627009273
2025-08-23,Becosules,14.0,0.0,0.0,1.1586747,1.3760208548824464
2025-08-24,Becosules,0.0,0.0,2.0,0.08079343,1.7331602700487454
2025-08-25,Becosules,0.0,0.0,2.0,0.98960364,2.4692526296715367
2025-08-26,Becosules,0.0,0.0,2.0,0.74546564,3.0020449724442777
2025-08-27,Becosules,0.0,0.0,2.0,0.8351622,1.2877896005368346
2025-08-28,Becosules,0.0,0.0,2.0,0.7132055,1.2877919993669424
2025-08-29,Becosules,0.0,0.0,2.0,1.3587087,0.573520354672393
2025-08-30,Becosules,0.0,14.0,2.0,2.8936083,1.430651746854727
2025-08-31,Becosules,9.0,0.0,0.0,0.6171,1.7877911620226319
2025-08-04,Betadine Ointment,0.0,0.0,0.0,0.83898145,0.22646267484678007
2025-08-05,Betadine Ointment,0.0,0.0,0.0,1.2490578,0.11616777217213037
2025-08-06,Betadine Ointment,0.0,0.0,0.0,0.70665365,0.6880404373161588
2025-08-07,Betadine Ointment,0.0,0.0,0.0,0.7094999,0.6165563249253294
2025-08-08,Betadine Ointment,0.0,0.0,0.0,1.215853,0.6880403885757655
2025-08-09,Betadine Ointment,0.0,0.0,0.0,0.9641124,0.0
2025-08-10,Betadine Ointment,0.0,0.0,0.0,1.117957,0.0
2025-08-11,Betadine Ointment,0.0,0.0,0.0,0.65557617,0.20382753446394725
2025-08-12,Betadine Ointment,0.0,0.0,0.0,0.52250266,0.09353263178869856
2025-08-13,Betadine Ointment,0.0,0.0,0.0,0.21296631,0.6654052969328105
2025-08-14,Betadine Ointment,0.0,0.0,0.0,1.0496346,0.5939211845421553
2025-08-15,Betadine Ointment,0.0,0.0,0.0,0.37741527,0.665405248191874
2025-08-16,Betadine Ointment,0.0,0.0,0.0,0.34659576,0.0
2025-08-17,Betadine Ointment,0.0,0.0,0.0,0.3219201,0.0
2025-08-18,Betadine Ointment,5.0,0.0,0.0,1.3756002,0.1811923940797634
2025-08-19,Betadine Ointment,4.0,0.0,0.7142857142857143,1.7276478,0.07089749140627483
2025-08-20,Betadine Ointment,0.0,0.0,1.2857142857142858,0.47634253,0.6427701565499275
2025-08-21,Betadine Ointment,0.0,0.0,1.2857142857142858,0.37500557,0.5712860441586345
2025-08-22,Betadine Ointment,0.0,0.0,1.2857142857142858,0.46356985,0.6427701078079823
2025-08-23,Betadine Ointment,0.0,0.0,1.2857142857142858,0.39117053,0.0
2025-08-24,Betadine Ointment,0.0,0.0,1.2857142857142858,0.33287036,0.0
2025-08-25,Betadine Ointment,0.0,5.0,1.2857142857142858,1.2950094,0.1585572536969306
2025-08-26,Betadine Ointment,5.0,4.0,0.5714285714285714,0.66396564,0.04826235102143098
2025-08-27,Betadine Ointment,0.0,0.0,0.7142857142857143,1.1823545,0.6201350161670447
2025-08-28,Betadine Ointment,0.0,0.0,0.7142857142857143,1.3309206,0.5486509037754602
2025-08-29,Betadine Ointment,0.0,0.0,0.7142857142857143,1.1409125,0.6201349674248612
2025-08-30,Betadine Ointment,0.0,0.0,0.7142857142857143,1.1862037,0.0
2025-08-31,Betadine Ointment,0.0,0.0,0.7142857142857143,1.3777804,0.0
2025-08-04,Calpol 500mg,0.0,0.0,0.0,1.365675,1.0822561453647404
2025-08-05,Calpol 500mg,4.0,0.0,0.0,0.7149864,0.21089890995567412
2025-08-06,Calpol 500mg,0.0,0.0,0.5714285714285714,1.0079935,0.2821844118855227
2025-08-07,Calpol 500mg,0.0,0.0,0.5714285714285714,1.2554991,0.4960368352386746
2025-08-08,Calpol 500mg,0.0,0.0,0.5714285714285714,1.8267192,0.5673216358740198
2025-08-09,Calpol 500mg,0.0,0.0,0.5714285714285714,1.7454456,0.5673223570857856
2025-08-10,Calpol 500mg,0.0,0.0,0.5714285714285714,1.6608685,0.210904739461042
2025-08-11,Calpol 500mg,0.0,0.0,0.5714285714285714,1.9746667,1.0723287330970384
2025-08-12,Calpol 500mg,0.0,4.0,0.5714285714285714,1.5091312,0.20097149768790123
2025-08-13,Calpol 500mg,0.0,0.0,0.0,1.1505533,0.2722569996193448
2025-08-14,Calpol 500mg,0.0,0.0,0.0,2.143142,0.4861094229718512
2025-08-15,Calpol 500mg,8.0,0.0,0.0,1.4356183,0.5573942236057944
2025-08-16,Calpol 500mg,0.0,0.0,1.1428571428571428,2.9356372,0.5573949448205819
2025-08-17,Calpol 500mg,0.0,0.0,1.1428571428571428,1.7998508,0.20097732719356803
2025-08-18,Calpol 500mg,0.0,0.0,1.1428571428571428,1.0271388,1.062401320829653
2025-08-19,Calpol 500mg,0.0,0.0,1.1428571428571428,0.59406,0.19104408541895002
2025-08-20,Calpol 500mg,0.0,0.0,1.1428571428571428,0.6224391,0.2623295873513599
2025-08-21,Calpol 500mg,0.0,0.0,1.1428571428571428,1.0161015,0.4761820107031567
2025-08-22,Calpol 500mg,0.0,8.0,1.1428571428571428,3.4568517,0.5474668113375689
2025-08-23,Calpol 500mg,0.0,0.0,0.0,0.7806446,0.5474675325517002
2025-08-24,Calpol 500mg,8.0,0.0,0.0,0.81125325,0.1910499149267021
2025-08-25,Calpol 500mg,0.0,0.0,1.1428571428571428,1.6084311,1.0524739085619506
2025-08-26,Calpol 500mg,0.0,0.0,1.1428571428571428,1.3153886,0.1811166731545864
2025-08-27,Calpol 500mg,5.0,0.0,1.1428571428571428,1.3764622,0.25240217508337504
2025-08-28,Calpol 500mg,0.0,0.0,1.8571428571428572,0.8456731,0.4662545984363333
2025-08-29,Calpol 500mg,8.0,0.0,1.8571428571428572,1.4628898,0.53753939907128
2025-08-30,Calpol 500mg,4.0,0.0,3.0,0.83810735,0.5375401202842307
2025-08-31,Calpol 500mg,0.0,8.0,3.5714285714285716,0.106901094,0.18112250265922797
2025-08-04,Cetirizine 10mg,0.0,0.0,0.8571428571428571,0.43690014,0.16478291237555853
2025-08-05,Cetirizine 10mg,0.0,0.0,0.8571428571428571,1.3100207,0.1544927999638801
2025-08-06,Cetirizine 10mg,0.0,0.0,0.8571428571428571,1.4745908,0.2973939299281021
2025-08-07,Cetirizine 10mg,0.0,0.0,0.8571428571428571,1.3364971,0.5117203346077562
2025-08-08,Cetirizine 10mg,0.0,0.0,0.8571428571428571,1.0659788,1.2974498887354882
2025-08-09,Cetirizine 10mg,0.0,0.0,0.8571428571428571,1.3507395,1.2260744527633318
2025-08-10,Cetirizine 10mg,0.0,6.0,0.8571428571428571,2.8849158,0.7975719158864603
2025-08-11,Cetirizine 10mg,0.0,0.0,0.0,0.9983545,0.16625403878730183
2025-08-12,Cetirizine 10mg,0.0,0.0,0.0,0.69072205,0.15596392637553635
2025-08-13,Cetirizine 10mg,0.0,0.0,0.0,0.46700352,0.29886505633949134
2025-08-14,Cetirizine 10mg,5.0,0.0,0.0,1.0243231,0.5131914610198329
2025-08-15,Cetirizine 10mg,0.0,0.0,0.7142857142857143,1.0859623,1.2989210151476722
2025-08-16,Cetirizine 10mg,0.0,0.0,0.7142857142857143,0.9407534,1.2275455791763816
2025-08-17,Cetirizine 10mg,0.0,0.0,0.7142857142857143,0.6286143,0.7990430422976048
2025-08-18,Cetirizine 10mg,3.0,0.0,0.7142857142857143,1.1253271,0.16772516519838265
2025-08-19,Cetirizine 10mg,0.0,0.0,1.1428571428571428,0.91515553,0.15743505278792053
2025-08-20,Cetirizine 10mg,0.0,0.0,1.1428571428571428,0.9379764,0.3003361827515292
2025-08-21,Cetirizine 10mg,0.0,5.0,1.1428571428571428,2.6202488,0.5146625874296936
2025-08-22,Cetirizine 10mg,0.0,0.0,0.42857142857142855,0.5741166,1.3003921415598563
2025-08-23,Cetirizine 10mg,0.0,0.0,0.42857142857142855,0.7694751,1.2290167055877848
2025-08-24,Cetirizine 10mg,0.0,0.0,0.42857142857142855,0.99477243,0.8005141687092158
2025-08-25,Cetirizine 10mg,0.0,3.0,0.42857142857142855,0.96452916,0.1691962916101259
2025-08-26,Cetirizine 10mg,4.0,0.0,0.0,0.56519383,0.1589061791985893
2025-08-27,Cetirizine 10mg,3.0,0.0,0.5714285714285714,0.9718931,0.30180730916356713
2025-08-28,Cetirizine 10mg,0.0,0.0,1.0,1.7548289,0.5161337138417704
2025-08-29,Cetirizine 10mg,0.0,0.0,1.0,1.5806365,1.301863267971894
2025-08-30,Cetirizine 10mg,0.0,0.0,1.0,1.7560599,1.2304878319993655
2025-08-31,Cetirizine 10mg,0.0,0.0,1.0,0.74154824,0.8019852951203603
2025-08-04,Chlorpheniramine,0.0,0.0,1.8571428571428572,1.3658485,0.06347084372001044
2025-08-05,Chlorpheniramine,0.0,0.0,1.8571428571428572,0.7543757,1.1394376977612133
2025-08-06,Chlorpheniramine,2.0,6.0,1.8571428571428572,1.7836506,0.8537237606593358
2025-08-07,Chlorpheniramine,0.0,0.0,1.2857142857142858,1.1256868,0.5680098187354086
2025-08-08,Chlorpheniramine,0.0,0.0,1.2857142857142858,0.9600554,0.9251526253040391
2025-08-09,Chlorpheniramine,8.0,7.0,1.2857142857142858,1.949525,0.9251527960528015
2025-08-10,Chlorpheniramine,5.0,0.0,1.4285714285714286,0.5331599,1.4251526577263147
2025-08-11,Chlorpheniramine,0.0,0.0,2.142857142857143,1.4905069,0.07255231522593286
2025-08-12,Chlorpheniramine,0.0,0.0,2.142857142857143,1.37485,1.1485191692669192
2025-08-13,Chlorpheniramine,0.0,2.0,2.142857142857143,1.1970245,0.8628052321627033
2025-08-14,Chlorpheniramine,0.0,0.0,1.8571428571428572,1.1226591,0.5770912902402262
2025-08-15,Chlorpheniramine,0.0,0.0,1.8571428571428572,0.93413335,0.9342340968108903
2025-08-16,Chlorpheniramine,0.0,8.0,1.8571428571428572,0.93646663,0.9342342675554987
2025-08-17,Chlorpheniramine,0.0,5.0,0.7142857142857143,1.7154505,1.434234129231736
2025-08-18,Chlorpheniramine,0.0,0.0,0.0,1.2364407,0.08163378673099198
2025-08-19,Chlorpheniramine,7.0,0.0,0.0,0.9694484,1.157600640774725
2025-08-20,Chlorpheniramine,0.0,0.0,1.0,1.1172246,0.8718867036689911
2025-08-21,Chlorpheniramine,0.0,0.0,1.0,0.71621174,0.5861727617464627
2025-08-22,Chlorpheniramine,0.0,0.0,1.0,0.66909766,0.9433155683177415
2025-08-23,Chlorpheniramine,0.0,0.0,1.0,1.3032084,0.9433157390629034
2025-08-24,Chlorpheniramine,0.0,0.0,1.0,1.264589,1.4433156007366135
2025-08-25,Chlorpheniramine,5.0,0.0,1.0,0.13732137,0.0907152582369144
2025-08-26,Chlorpheniramine,0.0,7.0,1.7142857142857142,1.411389,1.1666821122761912
2025-08-27,Chlorpheniramine,0.0,0.0,0.7142857142857143,1.2064925,0.8809681751752789
2025-08-28,Chlorpheniramine,0.0,0.0,0.7142857142857143,1.0283571,0.5952542332512806
2025-08-29,Chlorpheniramine,0.0,0.0,0.7142857142857143,0.84757507,0.9523970398218142
2025-08-30,Chlorpheniramine,0.0,0.0,0.7142857142857143,0.4043857,0.952397210568464
2025-08-31,Chlorpheniramine,8.0,0.0,0.7142857142857143,1.8331772,1.452397072242035
2025-08-04,Ciprofloxacin 500mg,6.0,0.0,0.5714285714285714,0.0,1.4553593314540434
2025-08-05,Ciprofloxacin 500mg,0.0,0.0,1.4285714285714286,1.140464,0.754442399731921
2025-08-06,Ciprofloxacin 500mg,0.0,0.0,1.4285714285714286,1.0886897,1.5252249233732948
2025-08-07,Ciprofloxacin 500mg,10.0,0.0,1.4285714285714286,1.5015349,0.2649827666121686
2025-08-08,Ciprofloxacin 500mg,0.0,0.0,2.857142857142857,0.49616605,0.8957172094239046
2025-08-09,Ciprofloxacin 500mg,0.0,4.0,2.857142857142857,1.0183175,1.3863805071998017
2025-08-10,Ciprofloxacin 500mg,0.0,0.0,2.2857142857142856,0.9024313,0.4763522804764512
2025-08-11,Ciprofloxacin 500mg,0.0,6.0,2.2857142857142856,1.4083349,1.4888427375983921
2025-08-12,Ciprofloxacin 500mg,0.0,0.0,1.4285714285714286,0.898014,0.7879258058759635
2025-08-13,Ciprofloxacin 500mg,0.0,0.0,1.4285714285714286,0.82499796,1.5587083295184148
2025-08-14,Ciprofloxacin 500mg,0.0,10.0,1.4285714285714286,3.027304,0.2984661727566621
2025-08-15,Ciprofloxacin 500mg,0.0,0.0,0.0,0.7256687,0.9292006155671297
2025-08-16,Ciprofloxacin 500mg,0.0,0.0,0.0,0.8256729,1.41986391334851
2025-08-17,Ciprofloxacin 500mg,0.0,0.0,0.0,1.9861482,0.5098356866193499
2025-08-18,Ciprofloxacin 500mg,0.0,0.0,0.0,1.6779422,1.5223261437414954
2025-08-19,Ciprofloxacin 500mg,0.0,0.0,0.0,1.1962967,0.8214092120193961
2025-08-20,Ciprofloxacin 500mg,0.0,0.0,0.0,1.0292155,1.5921917356611899
2025-08-21,Ciprofloxacin 500mg,0.0,0.0,0.0,0.79872507,0.3319495789017186
2025-08-22,Ciprofloxacin 500mg,0.0,0.0,0.0,0.6689958,0.9626840217103546
2025-08-23,Ciprofloxacin 500mg,0.0,0.0,0.0,0.6473594,1.453347319489239
2025-08-24,Ciprofloxacin 500mg,0.0,0.0,0.0,0.84963983,0.5433190927651028
2025-08-25,Ciprofloxacin 500mg,0.0,0.0,0.0,0.76641345,1.555809549885844
2025-08-26,Ciprofloxacin 500mg,9.0,0.0,0.0,0.62430966,0.8548926181633286
2025-08-27,Ciprofloxacin 500mg,0.0,0.0,1.2857142857142858,0.63736767,1.6256751418039652
2025-08-28,Ciprofloxacin 500mg,0.0,0.0,1.2857142857142858,0.9429996,0.36543298504621213
2025-08-29,Ciprofloxacin 500mg,0.0,0.0,1.2857142857142858,1.149145,0.9961674278577485
2025-08-30,Ciprofloxacin 500mg,0.0,0.0,1.2857142857142858,0.85975975,1.4868307256338662
2025-08-31,Ciprofloxacin 500mg,0.0,0.0,1.2857142857142858,1.7552475,0.5768024989080016
2025-08-04,Clotrimazole Cream,0.0,0.0,0.7142857142857143,0.41543645,1.605600332018462
2025-08-05,Clotrimazole Cream,3.0,5.0,0.7142857142857143,0.44883755,1.8583360013159282
2025-08-06,Clotrimazole Cream,0.0,0.0,0.42857142857142855,0.8502941,0.7119594142243716
2025-08-07,Clotrimazole Cream,0.0,0.0,0.42857142857142855,0.47704002,1.0705328702461991
2025-08-08,Clotrimazole Cream,15.0,0.0,0.42857142857142855,0.5446027,0.28247244881285494
2025-08-09,Clotrimazole Cream,0.0,0.0,2.5714285714285716,3.3682494,1.7876833362577342
2025-08-10,Clotrimazole Cream,0.0,0.0,2.5714285714285716,1.650969,1.859598159849667
2025-08-11,Clotrimazole Cream,5.0,0.0,2.5714285714285716,1.2453148,1.6164343839602804
2025-08-12,Clotrimazole Cream,4.0,3.0,3.2857142857142856,0.8686557,1.869170053259125
2025-08-13,Clotrimazole Cream,0.0,0.0,3.4285714285714284,1.0777277,0.7227934661677267
2025-08-14,Clotrimazole Cream,0.0,0.0,3.4285714285714284,1.6374817,1.0813669221886368
2025-08-15,Clotrimazole Cream,0.0,15.0,3.4285714285714284,1.3157722,0.29330650075645814
2025-08-16,Clotrimazole Cream,0.0,0.0,1.2857142857142858,1.4163656,1.7985173881943752
2025-08-17,Clotrimazole Cream,0.0,0.0,1.2857142857142858,1.53339,1.8704322117932373
2025-08-18,Clotrimazole Cream,0.0,5.0,1.2857142857142858,0.3486499,1.6272684359054457
2025-08-19,Clotrimazole Cream,0.0,4.0,0.5714285714285714,1.4241948,1.8800041051997405
2025-08-20,Clotrimazole Cream,0.0,0.0,0.0,2.0326383,0.7336275181097767
2025-08-21,Clotrimazole Cream,0.0,0.0,0.0,1.2636248,1.0922009741325986
2025-08-22,Clotrimazole Cream,0.0,0.0,0.0,0.7566151,0.3041405527000618
2025-08-23,Clotrimazole Cream,0.0,0.0,0.0,2.4416807,1.8093514401399355
2025-08-24,Clotrimazole Cream,0.0,0.0,0.0,0.2860166,1.881266263733358
2025-08-25,Clotrimazole Cream,0.0,0.0,0.0,0.57292956,1.638102487847264
2025-08-26,Clotrimazole Cream,0.0,0.0,0.0,1.0356174,1.8908381571463866
2025-08-27,Clotrimazole Cream,0.0,0.0,0.0,0.3004552,0.7444615700518273
2025-08-28,Clotrimazole Cream,0.0,0.0,0.0,0.46261126,1.1030350260750361
2025-08-29,Clotrimazole Cream,3.0,0.0,0.0,0.5133726,0.3149746046419446
2025-08-30,Clotrimazole Cream,0.0,0.0,0.42857142857142855,0.0,1.8201854920826273
2025-08-31,Clotrimazole Cream,0.0,0.0,0.42857142857142855,0.7162263,1.8921003156769287
2025-08-04,Combiflam,0.0,12.0,3.4285714285714284,1.3644519,2.284881164953348
2025-08-05,Combiflam,9.0,0.0,1.7142857142857142,0.31799012,2.4865437397027255
2025-08-06,Combiflam,0.0,0.0,3.0,0.13157183,2.3436887394170003
2025-08-07,Combiflam,0.0,0.0,3.0,0.774427,1.1294161046381996
2025-08-08,Combiflam,0.0,0.0,3.0,0.5531882,1.7008396201093914
2025-08-09,Combiflam,0.0,0.0,3.0,0.7298306,2.2722631529929975
2025-08-10,Combiflam,0.0,12.0,3.0,1.5643983,3.2722536986584387
2025-08-11,Combiflam,0.0,0.0,1.2857142857142858,0.9219201,2.435465395946503
2025-08-12,Combiflam,12.0,9.0,1.2857142857142858,1.664177,2.637127970695232
2025-08-13,Combiflam,0.0,0.0,1.7142857142857142,0.27389684,2.4942729704077498
2025-08-14,Combiflam,4.0,0.0,1.7142857142857142,0.27694947,1.2800003356302323
2025-08-15,Combiflam,0.0,0.0,2.2857142857142856,0.34770662,1.851423851103125
2025-08-16,Combiflam,0.0,0.0,2.2857142857142856,0.8255998,2.4228473839827673
2025-08-17,Combiflam,0.0,0.0,2.2857142857142856,0.61110723,3.4228379296509157
2025-08-18,Combiflam,0.0,0.0,2.2857142857142856,1.5544252,2.5860496269377116
2025-08-19,Combiflam,0.0,12.0,2.2857142857142856,1.7269105,2.7877122016900175
2025-08-20,Combiflam,0.0,0.0,0.5714285714285714,1.7691524,2.6448572014006553
2025-08-21,Combiflam,0.0,4.0,0.5714285714285714,1.847534,1.430584566625254
2025-08-22,Combiflam,0.0,0.0,0.0,1.3804145,2.002008082096858
2025-08-23,Combiflam,0.0,0.0,0.0,5.5062704,2.573431614976277
2025-08-24,Combiflam,0.0,0.0,0.0,1.5584166,3.5734221606446237
2025-08-25,Combiflam,0.0,0.0,0.0,1.0953673,2.736633857930867
2025-08-26,Combiflam,0.0,0.0,0.0,0.0,2.938296432679787
2025-08-27,Combiflam,0.0,0.0,0.0,0.5316157,2.7954414323935617
2025-08-28,Combiflam,0.0,0.0,0.0,0.91855174,1.581168797617287
2025-08-29,Combiflam,0.0,0.0,0.0,0.6355361,2.1525923130898494
2025-08-30,Combiflam,0.0,0.0,0.0,0.83855575,2.724015845970058
2025-08-31,Combiflam,0.0,0.0,0.0,0.72850585,3.7240063916371016
2025-08-04,Crocin Advance,0.0,0.0,2.0,0.95974934,0.9032901560870775
2025-08-05,Crocin Advance,0.0,0.0,2.0,0.21065734,0.7755190736738109
2025-08-06,Crocin Advance,0.0,14.0,2.0,0.51530415,3.2039197625696243
2025-08-07,Crocin Advance,0.0,0.0,0.0,0.7744395,1.204087055171294
2025-08-08,Crocin Advance,0.0,0.0,0.0,0.62663555,3.4182194136877904
2025-08-09,Crocin Advance,0.0,0.0,0.0,1.0928591,1.7755040060548348
2025-08-10,Crocin Advance,0.0,0.0,0.0,0.98852545,1.6326745189527172
2025-08-11,Crocin Advance,0.0,0.0,0.0,0.47692028,0.9114463359216536
2025-08-12,Crocin Advance,0.0,0.0,0.0,0.3290575,0.7836752535060378
2025-08-13,Crocin Advance,0.0,0.0,0.0,1.5044217,3.2120759424000243
2025-08-14,Crocin Advance,0.0,0.0,0.0,0.36271316,1.2122432350040495
2025-08-15,Crocin Advance,5.0,0.0,0.0,0.36532724,3.4263755935200537
2025-08-16,Crocin Advance,0.0,0.0,0.7142857142857143,0.6266864,1.7836601858968981
2025-08-17,Crocin Advance,4.0,0.0,0.7142857142857143,1.0905087,1.6408306987828576
2025-08-18,Crocin Advance,0.0,0.0,1.2857142857142858,0.0,0.9196025157486494
2025-08-19,Crocin Advance,10.0,0.0,1.2857142857142858,0.30443525,0.7918314333443603
2025-08-20,Crocin Advance,0.0,0.0,2.7142857142857144,1.711094,3.2202321222338273
2025-08-21,Crocin Advance,0.0,0.0,2.7142857142857144,1.1074238,1.2203994148369404
2025-08-22,Crocin Advance,5.0,5.0,2.7142857142857144,0.7003826,3.434531773352317
2025-08-23,Crocin Advance,3.0,0.0,2.7142857142857144,1.2613255,1.7918163657246047
2025-08-24,Crocin Advance,0.0,4.0,3.142857142857143,2.5394332,1.6489868786205613
2025-08-25,Crocin Advance,0.0,0.0,2.5714285714285716,1.789682,0.9277586955832257
2025-08-26,Crocin Advance,15.0,10.0,2.5714285714285716,1.3331243,0.7999876131659438
2025-08-27,Crocin Advance,0.0,0.0,3.2857142857142856,4.064776,3.2283883020676307
2025-08-28,Crocin Advance,8.0,0.0,3.2857142857142856,0.8425173,1.2285555946696958
2025-08-29,Crocin Advance,0.0,5.0,4.428571428571429,0.41658843,3.4426879531879164
2025-08-30,Crocin Advance,0.0,3.0,3.7142857142857144,0.31093058,1.7999725455583602
2025-08-31,Crocin Advance,0.0,0.0,3.2857142857142856,0.8001224,1.6571430584507014
2025-08-04,Dexamethasone 4mg,0.0,0.0,0.0,0.25139546,1.8292335209611632
2025-08-05,Dexamethasone 4mg,0.0,0.0,0.0,0.6971216,0.9649562871976309
2025-08-06,Dexamethasone 4mg,0.0,0.0,0.0,0.63550085,0.0
2025-08-07,Dexamethasone 4mg,0.0,0.0,0.0,0.24166112,0.7506397192456872
2025-08-08,Dexamethasone 4mg,0.0,0.0,0.0,0.7172642,0.0
2025-08-09,Dexamethasone 4mg,7.0,0.0,0.0,0.6887771,1.6082602808886177
2025-08-10,Dexamethasone 4mg,0.0,0.0,1.0,2.5048423,0.0
2025-08-11,Dexamethasone 4mg,0.0,0.0,1.0,0.98724335,1.7389863524961338
2025-08-12,Dexamethasone 4mg,8.0,0.0,1.0,0.7995294,0.8747091187352237
2025-08-13,Dexamethasone 4mg,0.0,0.0,2.142857142857143,1.7380079,0.0
2025-08-14,Dexamethasone 4mg,0.0,0.0,2.142857142857143,2.4697886,0.6603925507834908
2025-08-15,Dexamethasone 4mg,0.0,0.0,2.142857142857143,1.6730548,0.0
2025-08-16,Dexamethasone 4mg,5.0,7.0,2.142857142857143,4.120305,1.5180131124229836
2025-08-17,Dexamethasone 4mg,8.0,0.0,1.8571428571428572,0.51822543,0.0
2025-08-18,Dexamethasone 4mg,3.0,0.0,3.0,0.59229106,1.6487391840380816
2025-08-19,Dexamethasone 4mg,0.0,8.0,3.4285714285714284,0.24450882,0.784461950264908
2025-08-20,Dexamethasone 4mg,0.0,0.0,2.2857142857142856,1.3136952,0.0
2025-08-21,Dexamethasone 4mg,0.0,0.0,2.2857142857142856,1.6584126,0.5701453823199749
2025-08-22,Dexamethasone 4mg,0.0,0.0,2.2857142857142856,1.5760257,0.0
2025-08-23,Dexamethasone 4mg,0.0,5.0,2.2857142857142856,2.8999038,1.4277659439605268
2025-08-24,Dexamethasone 4mg,0.0,8.0,1.5714285714285714,1.1275549,0.0
2025-08-25,Dexamethasone 4mg,0.0,3.0,0.42857142857142855,0.86304665,1.5584920155730517
2025-08-26,Dexamethasone 4mg,0.0,0.0,0.0,0.5676425,0.6942147818136502
2025-08-27,Dexamethasone 4mg,0.0,0.0,0.0,0.85118026,0.0
2025-08-28,Dexamethasone 4mg,6.0,0.0,0.0,1.0539293,0.47989821385777787
2025-08-29,Dexamethasone 4mg,0.0,0.0,0.8571428571428571,0.72811234,0.0
2025-08-30,Dexamethasone 4mg,0.0,0.0,0.8571428571428571,1.3544117,1.33751877549664
2025-08-31,Dexamethasone 4mg,0.0,0.0,0.8571428571428571,1.2267193,0.0
2025-08-04,Digene,0.0,0.0,0.0,0.8068634,0.0
2025-08-05,Digene,6.0,0.0,0.0,1.0914829,0.0
2025-08-06,Digene,0.0,0.0,0.8571428571428571,0.1407616,0.737812546993447
2025-08-07,Digene,0.0,0.0,0.8571428571428571,0.9810265,0.7378110043056665
2025-08-08,Digene,0.0,0.0,0.8571428571428571,0.84898406,0.7378093291604012
2025-08-09,Digene,0.0,0.0,0.8571428571428571,0.9473306,1.3095383439255828
2025-08-10,Digene,8.0,0.0,0.8571428571428571,0.5933264,0.16607530901628242
2025-08-11,Digene,0.0,0.0,2.0,0.9701022,0.0
2025-08-12,Digene,0.0,6.0,2.0,0.55189955,0.0
2025-08-13,Digene,0.0,0.0,1.1428571428571428,0.40050668,0.6837419270192079
2025-08-14,Digene,0.0,0.0,1.1428571428571428,0.95977527,0.6837403843303677
2025-08-15,Digene,0.0,0.0,1.1428571428571428,0.9929609,0.6837387091850011
2025-08-16,Digene,0.0,0.0,1.1428571428571428,1.829368,1.255467723951249
2025-08-17,Digene,0.0,8.0,1.1428571428571428,6.2607665,0.1120046890398777
2025-08-18,Digene,0.0,0.0,0.0,1.8868101,0.0
2025-08-19,Digene,0.0,0.0,0.0,1.5052052,0.0
2025-08-20,Digene,0.0,0.0,0.0,0.92008334,0.6296713070436799
2025-08-21,Digene,8.0,0.0,0.0,0.5559365,0.6296697643555483
2025-08-22,Digene,0.0,0.0,1.1428571428571428,1.2722514,0.6296680892096012
2025-08-23,Digene,6.0,0.0,1.1428571428571428,1.2755581,1.2013971039752134
2025-08-24,Digene,0.0,0.0,2.0,2.22054,0.05793406906344756
2025-08-25,Digene,0.0,0.0,2.0,0.87580013,0.0
2025-08-26,Digene,0.0,0.0,2.0,1.0464756,0.0
2025-08-27,Digene,0.0,0.0,2.0,1.1671896,0.5756006870681518
2025-08-28,Digene,0.0,8.0,2.0,3.6767612,0.5755991443802494
2025-08-29,Digene,0.0,0.0,0.8571428571428571,1.809343,0.5755974692352146
2025-08-30,Digene,0.0,6.0,0.8571428571428571,3.4293725,1.1473264839997253
2025-08-31,Digene,0.0,0.0,0.0,2.1261477,0.003863449087042836
2025-08-04,Disprin,0.0,0.0,0.8571428571428571,0.79681545,0.4008480844181653
2025-08-05,Disprin,0.0,0.0,0.8571428571428571,1.2184689,1.5081834681431485
2025-08-06,Disprin,6.0,0.0,0.8571428571428571,1.2097654,1.1505299314270692
2025-08-07,Disprin,0.0,0.0,1.7142857142857142,0.5786725,0.5783733125640325
2025-08-08,Disprin,0.0,6.0,1.7142857142857142,0.9371143,1.4362256923916437
2025-08-09,Disprin,0.0,0.0,0.8571428571428571,1.5823059,0.3635620060307262
2025-08-10,Disprin,0.0,0.0,0.8571428571428571,1.4918149,0.4349046609818997
2025-08-11,Disprin,0.0,0.0,0.8571428571428571,1.2031078,0.3928297053666234
2025-08-12,Disprin,0.0,0.0,0.8571428571428571,0.8077369,1.5001650890899552
2025-08-13,Disprin,8.0,6.0,0.8571428571428571,2.0011203,1.142511552371804
2025-08-14,Disprin,0.0,0.0,1.1428571428571428,1.3911276,0.5703549335108908
2025-08-15,Disprin,0.0,0.0,1.1428571428571428,1.0473967,1.4282073133392896
2025-08-16,Disprin,0.0,0.0,1.1428571428571428,1.8904897,0.35554362698050646
2025-08-17,Disprin,0.0,0.0,1.1428571428571428,2.0042706,0.42688628192879274
2025-08-18,Disprin,0.0,0.0,1.1428571428571428,2.3223538,0.3848113263130299
2025-08-19,Disprin,0.0,0.0,1.1428571428571428,1.8029711,1.4921467100393841
2025-08-20,Disprin,0.0,8.0,1.1428571428571428,4.088568,1.1344931733192127
2025-08-21,Disprin,0.0,0.0,0.0,0.5286333,0.5623365544571068
2025-08-22,Disprin,0.0,0.0,0.0,0.44593924,1.4201889342869358
2025-08-23,Disprin,7.0,0.0,0.0,0.62132496,0.34752524792724276
2025-08-24,Disprin,0.0,0.0,1.0,2.6444063,0.41886790287676
2025-08-25,Disprin,6.0,0.0,1.0,1.0207185,0.37679294726148777
2025-08-26,Disprin,0.0,0.0,1.8571428571428572,0.38146865,1.484128330982676
2025-08-27,Disprin,0.0,0.0,1.8571428571428572,0.5571537,1.126474794266621
2025-08-28,Disprin,0.0,0.0,1.8571428571428572,1.2637082,0.5543181754039651
2025-08-29,Disprin,0.0,0.0,1.8571428571428572,0.8307274,1.412170555233299
2025-08-30,Disprin,0.0,7.0,1.8571428571428572,3.150443,0.3395068688738631
2025-08-31,Disprin,0.0,0.0,0.8571428571428571,2.7343862,0.41084952382365286
2025-08-04,Dolo 650mg,0.0,8.0,2.4285714285714284,0.95410305,0.9120826919224687
2025-08-05,Dolo 650mg,0.0,0.0,1.2857142857142858,0.8498625,0.9609799350914028
2025-08-06,Dolo 650mg,0.0,0.0,1.2857142857142858,0.6279429,1.7466188824247448
2025-08-07,Dolo 650mg,0.0,0.0,1.2857142857142858,0.840216,1.817984773678605
2025-08-08,Dolo 650mg,0.0,0.0,1.2857142857142858,0.7903534,0.6750761127317422
2025-08-09,Dolo 650mg,0.0,9.0,1.2857142857142858,1.1208726,1.460706126322875
2025-08-10,Dolo 650mg,0.0,0.0,0.0,1.0511808,2.6749005095775393
2025-08-11,Dolo 650mg,0.0,0.0,0.0,0.4551343,0.9547145230839168
2025-08-12,Dolo 650mg,0.0,0.0,0.0,0.02359769,1.0036117662544835
2025-08-13,Dolo 650mg,0.0,0.0,0.0,0.0,1.789250713587085
2025-08-14,Dolo 650mg,4.0,0.0,0.0,0.66890746,1.8606166048399169
2025-08-15,Dolo 650mg,0.0,0.0,0.5714285714285714,0.29491287,0.7177079438946359
2025-08-16,Dolo 650mg,0.0,0.0,0.5714285714285714,0.30723414,1.5033379574781829
2025-08-17,Dolo 650mg,0.0,0.0,0.5714285714285714,0.94981253,2.717532340740168
2025-08-18,Dolo 650mg,0.0,0.0,0.5714285714285714,0.8309162,0.9973463542456806
2025-08-19,Dolo 650mg,0.0,0.0,0.5714285714285714,0.99428886,1.0462435974180893
2025-08-20,Dolo 650mg,0.0,0.0,0.5714285714285714,0.6355031,1.8318825447506872
2025-08-21,Dolo 650mg,6.0,4.0,0.5714285714285714,0.97055376,1.9032484360062796
2025-08-22,Dolo 650mg,0.0,0.0,0.8571428571428571,0.7912903,0.7603397750575303
2025-08-23,Dolo 650mg,0.0,0.0,0.8571428571428571,0.6277647,1.545969788643261
2025-08-24,Dolo 650mg,0.0,0.0,0.8571428571428571,1.6027561,2.760164171901703
2025-08-25,Dolo 650mg,0.0,0.0,0.8571428571428571,0.3449387,1.0399781854071293
2025-08-26,Dolo 650mg,0.0,0.0,0.8571428571428571,1.27896,1.0888754285774878
2025-08-27,Dolo 650mg,5.0,0.0,0.8571428571428571,1.4088691,1.8745143759142893
2025-08-28,Dolo 650mg,0.0,6.0,1.5714285714285714,1.9041582,1.9458802671675917
2025-08-29,Dolo 650mg,0.0,0.0,0.7142857142857143,0.7612773,0.8029716062185345
2025-08-30,Dolo 650mg,0.0,0.0,0.7142857142857143,0.1220838,1.5886016198066844
2025-08-31,Dolo 650mg,6.0,0.0,0.7142857142857143,0.6678194,2.8027960030643317
2025-08-04,Domperidone 10mg,0.0,8.0,3.2857142857142856,0.81142294,1.6649253511911044
2025-08-05,Domperidone 10mg,0.0,0.0,2.142857142857143,0.6246628,2.409273397298856
2025-08-06,Domperidone 10mg,6.0,8.0,2.142857142857143,1.2331944,2.8373986161257134
2025-08-07,Domperidone 10mg,0.0,0.0,1.8571428571428572,0.87699246,1.767198229012864
2025-08-08,Domperidone 10mg,0.0,0.0,1.8571428571428572,0.9289323,2.3380240092650406
2025-08-09,Domperidone 10mg,0.0,7.0,1.8571428571428572,1.3083739,2.480762904807643
2025-08-10,Domperidone 10mg,0.0,0.0,0.8571428571428571,1.1219405,1.7673209853850187
2025-08-11,Domperidone 10mg,0.0,0.0,0.8571428571428571,1.2394583,1.8147452134415343
2025-08-12,Domperidone 10mg,0.0,0.0,0.8571428571428571,0.85818726,2.5590932595489764
2025-08-13,Domperidone 10mg,0.0,6.0,0.8571428571428571,2.192854,2.987218478374815
2025-08-14,Domperidone 10mg,0.0,0.0,0.0,1.0185108,1.9170180912623707
2025-08-15,Domperidone 10mg,0.0,0.0,0.0,0.88082236,2.4878438715149485
2025-08-16,Domperidone 10mg,0.0,0.0,0.0,0.91292673,2.6305827670599595
2025-08-17,Domperidone 10mg,10.0,0.0,0.0,1.8970723,1.917140847633778
2025-08-18,Domperidone 10mg,0.0,0.0,1.4285714285714286,1.14774,1.9645650756908426
2025-08-19,Domperidone 10mg,0.0,0.0,1.4285714285714286,0.998595,2.7089131217997657
2025-08-20,Domperidone 10mg,0.0,0.0,1.4285714285714286,0.7301572,3.1370383406239988
2025-08-21,Domperidone 10mg,0.0,0.0,1.4285714285714286,0.95429176,2.066837953513388
2025-08-22,Domperidone 10mg,0.0,0.0,1.4285714285714286,0.9738248,2.637663733764856
2025-08-23,Domperidone 10mg,0.0,0.0,1.4285714285714286,1.8465621,2.7804026293083757
2025-08-24,Domperidone 10mg,0.0,10.0,1.4285714285714286,3.6987438,2.0669607098838907
2025-08-25,Domperidone 10mg,0.0,0.0,0.0,0.27938512,2.114384937941273
2025-08-26,Domperidone 10mg,0.0,0.0,0.0,0.6601391,2.8587329840458597
2025-08-27,Domperidone 10mg,0.0,0.0,0.0,0.18381162,3.2868582028731823
2025-08-28,Domperidone 10mg,0.0,0.0,0.0,0.61403394,2.216657815762895
2025-08-29,Domperidone 10mg,0.0,0.0,0.0,0.5424725,2.7874835960157816
2025-08-30,Domperidone 10mg,0.0,0.0,0.0,0.31961787,2.9302224915581077
2025-08-31,Domperidone 10mg,0.0,0.0,0.0,0.69846636,2.21678057213265
2025-08-04,Erythromycin 250mg,0.0,0.0,1.2857142857142858,1.0950623,1.4841563019673312
2025-08-05,Erythromycin 250mg,0.0,0.0,1.2857142857142858,0.95013446,1.5352260066844434
2025-08-06,Erythromycin 250mg,0.0,0.0,1.2857142857142858,0.86336803,0.10667075076330024
2025-08-07,Erythromycin 250mg,0.0,0.0,1.2857142857142858,1.1749034,1.1066593267649785
2025-08-08,Erythromycin 250mg,0.0,0.0,1.2857142857142858,0.97540313,0.24952615201494022
2025-08-09,Erythromycin 250mg,0.0,0.0,1.2857142857142858,1.0484288,0.9638037020373417
2025-08-10,Erythromycin 250mg,0.0,9.0,1.2857142857142858,3.8909776,1.1066591651260969
2025-08-11,Erythromycin 250mg,0.0,0.0,0.0,0.6021844,1.4983808089126271
2025-08-12,Erythromycin 250mg,0.0,0.0,0.0,0.67567354,1.5494505136305694
2025-08-13,Erythromycin 250mg,0.0,0.0,0.0,0.36196163,0.12089525771019227
2025-08-14,Erythromycin 250mg,0.0,0.0,0.0,0.50921106,1.1208838337111302
2025-08-15,Erythromycin 250mg,8.0,0.0,0.0,0.5415618,0.2637506589613864
2025-08-16,Erythromycin 250mg,7.0,0.0,1.1428571428571428,3.1515453,0.9780282089790324
2025-08-17,Erythromycin 250mg,0.0,0.0,2.142857142857143,2.7092342,1.1208836720735107
2025-08-18,Erythromycin 250mg,0.0,0.0,2.142857142857143,1.5301268,1.5126053158614439
2025-08-19,Erythromycin 250mg,0.0,0.0,2.142857142857143,1.394876,1.563675020573996
2025-08-20,Erythromycin 250mg,0.0,0.0,2.142857142857143,1.3729315,0.13511976465573983
2025-08-21,Erythromycin 250mg,0.0,0.0,2.142857142857143,1.2489573,1.1351083406564948
2025-08-22,Erythromycin 250mg,0.0,8.0,2.142857142857143,2.613991,0.2779751659078328
2025-08-23,Erythromycin 250mg,0.0,7.0,1.0,3.1072907,0.9922527159275988
2025-08-24,Erythromycin 250mg,0.0,0.0,0.0,1.454355,1.1351081790172806
2025-08-25,Erythromycin 250mg,0.0,0.0,0.0,0.516299,1.52682982280674
2025-08-26,Erythromycin 250mg,0.0,0.0,0.0,0.7083045,1.577899527525907
2025-08-27,Erythromycin 250mg,4.0,0.0,0.0,0.6957228,0.14934427160128738
2025-08-28,Erythromycin 250mg,0.0,0.0,0.5714285714285714,0.87614346,1.1493328476026463
2025-08-29,Erythromycin 250mg,4.0,0.0,0.5714285714285714,1.5101595,0.2921996728524351
2025-08-30,Erythromycin 250mg,0.0,0.0,1.1428571428571428,1.6318358,1.00647722287312
2025-08-31,Erythromycin 250mg,0.0,0.0,1.1428571428571428,0.0,1.1493326859646944
2025-08-04,Glibenclamide 5mg,0.0,0.0,0.0,0.018859975,0.36889835486107114
2025-08-05,Glibenclamide 5mg,0.0,0.0,0.0,0.20734061,1.4620345230540526
2025-08-06,Glibenclamide 5mg,0.0,0.0,0.0,0.18861316,2.031341322543526
2025-08-07,Glibenclamide 5mg,0.0,0.0,0.0,0.23045811,2.6006285501795334
2025-08-08,Glibenclamide 5mg,0.0,0.0,0.0,0.10795039,1.1774287181092857
2025-08-09,Glibenclamide 5mg,0.0,0.0,0.0,0.37936765,0.39467951475139607
2025-08-10,Glibenclamide 5mg,9.0,0.0,0.0,0.49223676,1.035125757756632
2025-08-11,Glibenclamide 5mg,0.0,0.0,1.2857142857142858,0.043697666,0.42111852725030374
2025-08-12,Glibenclamide 5mg,0.0,0.0,1.2857142857142858,0.38374734,1.514254695444057
2025-08-13,Glibenclamide 5mg,0.0,0.0,1.2857142857142858,0.06730303,2.083561494932477
2025-08-14,Glibenclamide 5mg,0.0,0.0,1.2857142857142858,0.2515965,2.652848722567823
2025-08-15,Glibenclamide 5mg,0.0,0.0,1.2857142857142858,0.7791273,1.2296488904983356
2025-08-16,Glibenclamide 5mg,0.0,0.0,1.2857142857142858,1.1671458,0.4468996871379931
2025-08-17,Glibenclamide 5mg,0.0,9.0,1.2857142857142858,4.313208,1.0873459301465411
2025-08-18,Glibenclamide 5mg,0.0,0.0,0.0,1.6217,0.47333869964015884
2025-08-19,Glibenclamide 5mg,0.0,0.0,0.0,1.4607854,1.5664748678345684
2025-08-20,Glibenclamide 5mg,0.0,0.0,0.0,1.3420794,2.1357816673229637
2025-08-21,Glibenclamide 5mg,0.0,0.0,0.0,0.69334704,2.7050688949594326
2025-08-22,Glibenclamide 5mg,0.0,0.0,0.0,0.5790143,1.2818690628873854
2025-08-23,Glibenclamide 5mg,0.0,0.0,0.0,0.7135655,0.4991198595291786
2025-08-24,Glibenclamide 5mg,0.0,0.0,0.0,0.8868671,1.1395661025348232
2025-08-25,Glibenclamide 5mg,0.0,0.0,0.0,2.1527977,0.5255588720293921
2025-08-26,Glibenclamide 5mg,0.0,0.0,0.0,2.2754247,1.6186950402201392
2025-08-27,Glibenclamide 5mg,0.0,0.0,0.0,2.2852216,2.1880018397134497
2025-08-28,Glibenclamide 5mg,0.0,0.0,0.0,2.4281287,2.757289067347722
2025-08-29,Glibenclamide 5mg,0.0,0.0,0.0,2.4448712,1.3340892352738993
2025-08-30,Glibenclamide 5mg,0.0,0.0,0.0,2.815216,0.5513400319180537
2025-08-31,Glibenclamide 5mg,0.0,0.0,0.0,2.6807566,1.191786274924732
2025-08-04,Hand Sanitizer,0.0,0.0,1.2857142857142858,0.22303353,2.0695192063173398
2025-08-05,Hand Sanitizer,0.0,0.0,1.2857142857142858,0.41390854,1.1299012014472076
2025-08-06,Hand Sanitizer,0.0,0.0,1.2857142857142858,0.6530541,0.48705459646937876
2025-08-07,Hand Sanitizer,10.0,0.0,1.2857142857142858,0.856889,1.1298880647531169
2025-08-08,Hand Sanitizer,0.0,0.0,2.7142857142857144,1.1262739,1.2727349727369988
2025-08-09,Hand Sanitizer,0.0,0.0,2.7142857142857144,1.9540976,1.5584504134207156
2025-08-10,Hand Sanitizer,0.0,9.0,2.7142857142857144,3.2309408,2.558432664135484
2025-08-11,Hand Sanitizer,0.0,0.0,1.4285714285714286,0.91069883,2.13479921986986
2025-08-12,Hand Sanitizer,0.0,0.0,1.4285714285714286,0.7869158,1.195181214999617
2025-08-13,Hand Sanitizer,0.0,0.0,1.4285714285714286,0.7507238,0.5523346100223137
2025-08-14,Hand Sanitizer,0.0,10.0,1.4285714285714286,2.2075012,1.1951680783064815
2025-08-15,Hand Sanitizer,0.0,0.0,0.0,0.5930772,1.3380149862905462
2025-08-16,Hand Sanitizer,0.0,0.0,0.0,0.9792187,1.623730426970481
2025-08-17,Hand Sanitizer,0.0,0.0,0.0,0.75818634,2.6237126776893067
2025-08-18,Hand Sanitizer,0.0,0.0,0.0,0.7949508,2.20007923342256
2025-08-19,Hand Sanitizer,0.0,0.0,0.0,0.7467721,1.260461228552299
2025-08-20,Hand Sanitizer,0.0,0.0,0.0,0.71260685,0.6176146235759168
2025-08-21,Hand Sanitizer,0.0,0.0,0.0,0.43952563,1.2604480918581336
2025-08-22,Hand Sanitizer,9.0,0.0,0.0,1.6442381,1.4032949998440933
2025-08-23,Hand Sanitizer,0.0,0.0,1.2857142857142858,0.76947033,1.68901044052497
2025-08-24,Hand Sanitizer,0.0,0.0,1.2857142857142858,0.3054763,2.688992691242534
2025-08-25,Hand Sanitizer,0.0,0.0,1.2857142857142858,0.3712842,2.2653592469750805
2025-08-26,Hand Sanitizer,0.0,0.0,1.2857142857142858,0.6255194,1.3257412421088137
2025-08-27,Hand Sanitizer,0.0,0.0,1.2857142857142858,0.6539925,0.6828946371295201
2025-08-28,Hand Sanitizer,0.0,0.0,1.2857142857142858,0.9446106,1.3257281054114984
2025-08-29,Hand Sanitizer,0.0,9.0,1.2857142857142858,3.573145,1.4685750133966273
2025-08-30,Hand Sanitizer,12.0,0.0,0.0,0.54207295,1.754290454078567
2025-08-31,Hand Sanitizer,0.0,0.0,1.7142857142857142,0.18639156,2.7542727047963567
2025-08-04,Hydroxychloroquine 200mg,0.0,0.0,0.0,1.365675,0.0
2025-08-05,Hydroxychloroquine 200mg,0.0,0.0,0.0,0.7149864,0.0
2025-08-06,Hydroxychloroquine 200mg,0.0,0.0,0.0,0.69096166,0.0
2025-08-07,Hydroxychloroquine 200mg,0.0,0.0,0.0,1.0816933,0.033072070582535584
2025-08-08,Hydroxychloroquine 200mg,7.0,0.0,0.0,1.1852607,0.0
2025-08-09,Hydroxychloroquine 200mg,0.0,0.0,1.0,3.9434245,0.0
2025-08-10,Hydroxychloroquine 200mg,8.0,0.0,1.0,0.7265212,0.0
2025-08-11,Hydroxychloroquine 200mg,9.0,0.0,2.142857142857143,3.6100376,0.0
2025-08-12,Hydroxychloroquine 200mg,0.0,0.0,3.4285714285714284,1.7918929,0.0
2025-08-13,Hydroxychloroquine 200mg,0.0,0.0,3.4285714285714284,1.1439193,0.0
2025-08-14,Hydroxychloroquine 200mg,0.0,0.0,3.4285714285714284,1.6747154,0.0
2025-08-15,Hydroxychloroquine 200mg,0.0,7.0,3.4285714285714284,2.4719577,0.0
2025-08-16,Hydroxychloroquine 200mg,0.0,0.0,2.4285714285714284,2.184082,0.0
2025-08-17,Hydroxychloroquine 200mg,0.0,8.0,2.4285714285714284,2.355856,0.0
2025-08-18,Hydroxychloroquine 200mg,8.0,9.0,1.2857142857142858,2.3015764,0.0
2025-08-19,Hydroxychloroquine 200mg,0.0,0.0,1.1428571428571428,0.33195615,0.0
2025-08-20,Hydroxychloroquine 200mg,0.0,0.0,1.1428571428571428,0.52517885,0.0
2025-08-21,Hydroxychloroquine 200mg,0.0,0.0,1.1428571428571428,0.95918065,0.0
2025-08-22,Hydroxychloroquine 200mg,6.0,0.0,1.1428571428571428,0.5995986,0.0
2025-08-23,Hydroxychloroquine 200mg,5.0,0.0,2.0,1.1394787,0.0
2025-08-24,Hydroxychloroquine 200mg,0.0,0.0,2.7142857142857144,3.1200085,0.0
2025-08-25,Hydroxychloroquine 200mg,0.0,8.0,2.7142857142857144,2.423552,0.0
2025-08-26,Hydroxychloroquine 200mg,0.0,0.0,1.5714285714285714,0.74208283,0.0
2025-08-27,Hydroxychloroquine 200mg,8.0,0.0,1.5714285714285714,0.76403105,0.0
2025-08-28,Hydroxychloroquine 200mg,0.0,0.0,2.7142857142857144,1.8296368,0.0
2025-08-29,Hydroxychloroquine 200mg,0.0,6.0,2.7142857142857144,1.5414262,0.0
2025-08-30,Hydroxychloroquine 200mg,0.0,5.0,1.8571428571428572,1.5675238,0.0
2025-08-31,Hydroxychloroquine 200mg,0.0,0.0,1.1428571428571428,1.1629658,0.0
2025-08-04,Ibuprofen 400mg,0.0,0.0,0.0,0.2601403,0.0015674707302341107
2025-08-05,Ibuprofen 400mg,0.0,0.0,0.0,0.49131882,0.31458530980592236
2025-08-06,Ibuprofen 400mg,0.0,0.0,0.0,0.46286488,0.0
2025-08-07,Ibuprofen 400mg,0.0,0.0,0.0,0.2144046,1.2432200350129947
2025-08-08,Ibuprofen 400mg,0.0,0.0,0.0,0.9506109,0.24347990504329814
2025-08-09,Ibuprofen 400mg,0.0,0.0,0.0,0.16163953,1.3148527212417975
2025-08-10,Ibuprofen 400mg,0.0,0.0,0.0,1.117957,1.0292979802698512
2025-08-11,Ibuprofen 400mg,0.0,0.0,0.0,0.65557617,0.0
2025-08-12,Ibuprofen 400mg,0.0,0.0,0.0,0.7226719,0.2705727907540714
2025-08-13,Ibuprofen 400mg,0.0,0.0,0.0,0.739179,0.0
2025-08-14,Ibuprofen 400mg,10.0,0.0,0.0,1.6893815,1.1992075159603015
2025-08-15,Ibuprofen 400mg,0.0,0.0,1.4285714285714286,2.5039935,0.19946738599152336
2025-08-16,Ibuprofen 400mg,0.0,0.0,1.4285714285714286,1.8788636,1.2708402021831304
2025-08-17,Ibuprofen 400mg,0.0,0.0,1.4285714285714286,2.1120985,0.9852854612179631
2025-08-18,Ibuprofen 400mg,0.0,0.0,1.4285714285714286,1.4164535,0.0
2025-08-19,Ibuprofen 400mg,7.0,0.0,1.4285714285714286,1.4339138,0.22656027169943316
2025-08-20,Ibuprofen 400mg,0.0,0.0,2.4285714285714284,0.80262935,0.0
2025-08-21,Ibuprofen 400mg,0.0,10.0,2.4285714285714284,1.7935691,1.1551949969070867
2025-08-22,Ibuprofen 400mg,0.0,0.0,1.0,1.2009859,0.15545486693974864
2025-08-23,Ibuprofen 400mg,0.0,0.0,1.0,1.4420934,1.22682768313396
2025-08-24,Ibuprofen 400mg,0.0,0.0,1.0,1.4596097,0.9412729421615798
2025-08-25,Ibuprofen 400mg,0.0,0.0,1.0,1.1102079,0.0
2025-08-26,Ibuprofen 400mg,0.0,7.0,1.0,3.2538464,0.18254775264998258
2025-08-27,Ibuprofen 400mg,6.0,0.0,0.0,0.8250599,0.0
2025-08-28,Ibuprofen 400mg,0.0,0.0,0.8571428571428571,1.9989856,1.1111824778543937
2025-08-29,Ibuprofen 400mg,0.0,0.0,0.8571428571428571,1.5535318,0.11144234788515583
2025-08-30,Ibuprofen 400mg,0.0,0.0,0.8571428571428571,1.9092162,1.1828151640807305
2025-08-31,Ibuprofen 400mg,0.0,0.0,0.8571428571428571,2.2560937,0.8972604231096913
2025-08-04,Insulin 30/70,0.0,0.0,1.2857142857142858,1.1266263,0.1808600329616189
2025-08-05,Insulin 30/70,0.0,0.0,1.2857142857142858,1.1268188,0.0
2025-08-06,Insulin 30/70,0.0,0.0,1.2857142857142858,1.0221989,0.35869157185554057
2025-08-07,Insulin 30/70,0.0,0.0,1.2857142857142858,0.9557328,0.0
2025-08-08,Insulin 30/70,0.0,9.0,1.2857142857142858,3.1602645,0.9298121292241461
2025-08-09,Insulin 30/70,0.0,0.0,0.0,0.9019234,0.14419301922427824
2025-08-10,Insulin 30/70,0.0,0.0,0.0,0.9419582,0.21551772704185304
2025-08-11,Insulin 30/70,0.0,0.0,0.0,0.7435027,0.08606153277301444
2025-08-12,Insulin 30/70,0.0,0.0,0.0,0.76230526,0.0
2025-08-13,Insulin 30/70,12.0,0.0,0.0,0.5618867,0.2638930716652199
2025-08-14,Insulin 30/70,0.0,0.0,1.7142857142857142,0.9629113,0.0
2025-08-15,Insulin 30/70,0.0,0.0,1.7142857142857142,1.0736783,0.8350136290347797
2025-08-16,Insulin 30/70,14.0,0.0,1.7142857142857142,1.1341835,0.04939451903846455
2025-08-17,Insulin 30/70,0.0,0.0,3.7142857142857144,0.33558005,0.12071922685191126
2025-08-18,Insulin 30/70,0.0,0.0,3.7142857142857144,0.63605344,0.0
2025-08-19,Insulin 30/70,0.0,0.0,3.7142857142857144,0.30312735,0.0
2025-08-20,Insulin 30/70,7.0,12.0,3.7142857142857144,0.0,0.16909457147635257
2025-08-21,Insulin 30/70,0.0,0.0,3.0,0.063354485,0.0
2025-08-22,Insulin 30/70,0.0,0.0,3.0,0.7747982,0.7402151288454134
2025-08-23,Insulin 30/70,0.0,14.0,3.0,0.31484246,0.0
2025-08-24,Insulin 30/70,0.0,0.0,1.0,1.0243853,0.025920726664472808
2025-08-25,Insulin 30/70,0.0,0.0,1.0,0.013070308,0.0
2025-08-26,Insulin 30/70,0.0,0.0,1.0,0.136163,0.0
2025-08-27,Insulin 30/70,0.0,7.0,1.0,0.18555036,0.07429607128748504
2025-08-28,Insulin 30/70,5.0,0.0,0.0,0.6758854,0.0
2025-08-29,Insulin 30/70,0.0,0.0,0.7142857142857143,1.5037183,0.6454166286568899
2025-08-30,Insulin 30/70,0.0,0.0,0.7142857142857143,0.4384211,0.0
2025-08-31,Insulin 30/70,0.0,0.0,0.7142857142857143,0.80935603,0.0
2025-08-04,Ivermectin 12mg,8.0,0.0,1.8571428571428572,1.5888622,0.0
2025-08-05,Ivermectin 12mg,0.0,0.0,3.0,0.05286061,0.9708747115556353
2025-08-06,Ivermectin 12mg,0.0,0.0,3.0,0.6054177,0.47093685708578487
2025-08-07,Ivermectin 12mg,0.0,8.0,3.0,1.4347321,1.6138426798697885
2025-08-08,Ivermectin 12mg,0.0,5.0,1.8571428571428572,0.8026621,0.8281920360871586
2025-08-09,Ivermectin 12mg,9.0,0.0,1.1428571428571428,0.9867752,0.7568277074222498
2025-08-10,Ivermectin 12mg,0.0,0.0,2.4285714285714284,1.7478439,0.3997530640661135
2025-08-11,Ivermectin 12mg,0.0,8.0,2.4285714285714284,1.4768306,0.0
2025-08-12,Ivermectin 12mg,0.0,0.0,1.2857142857142858,0.37476784,0.9669552748245371
2025-08-13,Ivermectin 12mg,0.0,0.0,1.2857142857142858,0.34720063,0.4670174203543098
2025-08-14,Ivermectin 12mg,6.0,0.0,1.2857142857142858,1.0370317,1.6099232431378483
2025-08-15,Ivermectin 12mg,0.0,0.0,2.142857142857143,1.1845534,0.8242725993558613
2025-08-16,Ivermectin 12mg,0.0,9.0,2.142857142857143,1.5949455,0.7529082706881469
2025-08-17,Ivermectin 12mg,0.0,0.0,0.8571428571428571,1.2146628,0.39583362733501726
2025-08-18,Ivermectin 12mg,0.0,0.0,0.8571428571428571,0.9296469,0.0
2025-08-19,Ivermectin 12mg,0.0,0.0,0.8571428571428571,0.8045993,0.9630358380920621
2025-08-20,Ivermectin 12mg,0.0,0.0,0.8571428571428571,0.7729018,0.46309798362292504
2025-08-21,Ivermectin 12mg,0.0,6.0,0.8571428571428571,1.1790708,1.6060038064054192
2025-08-22,Ivermectin 12mg,0.0,0.0,0.0,0.6702836,0.820353162624564
2025-08-23,Ivermectin 12mg,0.0,0.0,0.0,1.5039083,0.7489888339586546
2025-08-24,Ivermectin 12mg,0.0,0.0,0.0,1.053783,0.3919141906006647
2025-08-25,Ivermectin 12mg,12.0,0.0,0.0,0.5777929,0.0
2025-08-26,Ivermectin 12mg,0.0,0.0,1.7142857142857142,0.95730066,0.9591164013608708
2025-08-27,Ivermectin 12mg,0.0,0.0,1.7142857142857142,1.2352675,0.4591785468915406
2025-08-28,Ivermectin 12mg,0.0,0.0,1.7142857142857142,1.0312328,1.602084369673479
2025-08-29,Ivermectin 12mg,0.0,0.0,1.7142857142857142,1.0041765,0.8164337258905828
2025-08-30,Ivermectin 12mg,0.0,0.0,1.7142857142857142,1.0573372,0.7450693972258655
2025-08-31,Ivermectin 12mg,0.0,0.0,1.7142857142857142,0.83988434,0.3879947538695683
2025-08-04,Levocetirizine 5mg,0.0,0.0,0.5714285714285714,0.72467893,0.5279275817180182
2025-08-05,Levocetirizine 5mg,0.0,0.0,0.5714285714285714,0.94439673,0.0
2025-08-06,Levocetirizine 5mg,0.0,0.0,0.5714285714285714,0.7121318,0.0
2025-08-07,Levocetirizine 5mg,0.0,0.0,0.5714285714285714,1.1316023,0.2946472551446021
2025-08-08,Levocetirizine 5mg,0.0,4.0,0.5714285714285714,2.4386003,0.5762364714718669
2025-08-09,Levocetirizine 5mg,0.0,0.0,0.0,0.97097343,0.29443154268515365
2025-08-10,Levocetirizine 5mg,0.0,0.0,0.0,0.98527056,1.1393960201352413
2025-08-11,Levocetirizine 5mg,0.0,0.0,0.0,0.52388,0.47351787025292147
2025-08-12,Levocetirizine 5mg,10.0,0.0,0.0,0.629829,0.0
2025-08-13,Levocetirizine 5mg,0.0,0.0,1.4285714285714286,0.67969346,0.0
2025-08-14,Levocetirizine 5mg,0.0,0.0,1.4285714285714286,1.8197588,0.2402375436802398
2025-08-15,Levocetirizine 5mg,0.0,0.0,1.4285714285714286,1.2030352,0.5218267600073452
2025-08-16,Levocetirizine 5mg,0.0,0.0,1.4285714285714286,1.8333504,0.24002183121906373
2025-08-17,Levocetirizine 5mg,0.0,0.0,1.4285714285714286,1.5141605,1.0849863086708726
2025-08-18,Levocetirizine 5mg,0.0,0.0,1.4285714285714286,1.0747471,0.4191081587869879
2025-08-19,Levocetirizine 5mg,0.0,10.0,1.4285714285714286,5.489081,0.0
2025-08-20,Levocetirizine 5mg,0.0,0.0,0.0,0.9902973,0.0
2025-08-21,Levocetirizine 5mg,10.0,0.0,0.0,0.59576386,0.18582783221372517
2025-08-22,Levocetirizine 5mg,0.0,0.0,1.4285714285714286,0.48831856,0.4674170485428234
2025-08-23,Levocetirizine 5mg,0.0,0.0,1.4285714285714286,1.1193106,0.1856121197549796
2025-08-24,Levocetirizine 5mg,0.0,0.0,1.4285714285714286,1.1985667,1.0305765972068759
2025-08-25,Levocetirizine 5mg,0.0,0.0,1.4285714285714286,0.5528777,0.36469844732189083
2025-08-26,Levocetirizine 5mg,0.0,0.0,1.4285714285714286,1.7675999,0.0
2025-08-27,Levocetirizine 5mg,10.0,0.0,1.4285714285714286,1.5634189,0.0
2025-08-28,Levocetirizine 5mg,0.0,10.0,2.857142857142857,1.039689,0.1314181207493627
2025-08-29,Levocetirizine 5mg,0.0,0.0,1.4285714285714286,0.96957445,0.41300733707763165
2025-08-30,Levocetirizine 5mg,0.0,0.0,1.4285714285714286,1.6447829,0.1312024082907303
2025-08-31,Levocetirizine 5mg,0.0,0.0,1.4285714285714286,1.7398831,0.976166885742507
2025-08-04,Loperamide 2mg,0.0,0.0,0.0,0.2696694,1.4140300693782886
2025-08-05,Loperamide 2mg,0.0,0.0,0.0,0.36030185,1.7172246729622938
2025-08-06,Loperamide 2mg,0.0,0.0,0.0,0.43414903,0.36318717618343643
2025-08-07,Loperamide 2mg,0.0,0.0,0.0,0.5216624,1.076063725031847
2025-08-08,Loperamide 2mg,0.0,0.0,0.0,0.3378185,1.3612907743725913
2025-08-09,Loperamide 2mg,0.0,0.0,0.0,0.21515585,2.4305336561221957
2025-08-10,Loperamide 2mg,0.0,0.0,0.0,0.30780274,2.501954357186655
2025-08-11,Loperamide 2mg,0.0,0.0,0.0,0.45499402,1.4618857483582208
2025-08-12,Loperamide 2mg,0.0,0.0,0.0,0.5801101,1.7650803519429084
2025-08-13,Loperamide 2mg,0.0,0.0,0.0,0.12645668,0.41104285516343064
2025-08-14,Loperamide 2mg,0.0,0.0,0.0,0.59083056,1.1239194040124898
2025-08-15,Loperamide 2mg,0.0,0.0,0.0,0.5397057,1.4091464533548081
2025-08-16,Loperamide 2mg,0.0,0.0,0.0,1.0378054,2.4783893350977095
2025-08-17,Loperamide 2mg,0.0,0.0,0.0,1.4544754,2.5498100361677496
2025-08-18,Loperamide 2mg,0.0,0.0,0.0,1.497733,1.5097414273402392
2025-08-19,Loperamide 2mg,0.0,0.0,0.0,1.5315385,1.8129360309226934
2025-08-20,Loperamide 2mg,0.0,0.0,0.0,1.5311053,0.45889853414401593
2025-08-21,Loperamide 2mg,0.0,0.0,0.0,1.4055053,1.1717750829914908
2025-08-22,Loperamide 2mg,14.0,0.0,0.0,2.2136023,1.4570021323370241
2025-08-23,Loperamide 2mg,0.0,0.0,2.0,1.0226079,2.5262450140812494
2025-08-24,Loperamide 2mg,0.0,0.0,2.0,0.82884085,2.5976657151459155
2025-08-25,Loperamide 2mg,0.0,0.0,2.0,1.5725771,1.5575971063201721
2025-08-26,Loperamide 2mg,0.0,0.0,2.0,1.0985833,1.8607917099060682
2025-08-27,Loperamide 2mg,0.0,0.0,2.0,1.1023037,0.5067542131246012
2025-08-28,Loperamide 2mg,0.0,0.0,2.0,1.5052898,1.2196307619721345
2025-08-29,Loperamide 2mg,0.0,14.0,2.0,4.444237,1.504857811316417
2025-08-30,Loperamide 2mg,0.0,0.0,0.0,1.0701278,2.574100693061597
2025-08-31,Loperamide 2mg,15.0,0.0,0.0,1.362876,2.6455213941270106
2025-08-04,Losartan 50mg,0.0,0.0,0.7142857142857143,0.6857606,1.083117790642353
2025-08-05,Losartan 50mg,0.0,5.0,0.7142857142857143,0.5851128,0.0
2025-08-06,Losartan 50mg,0.0,0.0,0.0,0.5047151,1.7376232875677662
2025-08-07,Losartan 50mg,0.0,0.0,0.0,0.87931454,1.3803684168575494
2025-08-08,Losartan 50mg,6.0,0.0,0.0,0.60766304,0.0
2025-08-09,Losartan 50mg,0.0,0.0,0.8571428571428571,1.3460467,2.380934216555561
2025-08-10,Losartan 50mg,0.0,0.0,0.8571428571428571,0.75683045,1.023230138945492
2025-08-11,Losartan 50mg,0.0,0.0,0.8571428571428571,0.23811187,1.0289266207490142
2025-08-12,Losartan 50mg,0.0,0.0,0.8571428571428571,0.9259579,0.0
2025-08-13,Losartan 50mg,0.0,0.0,0.8571428571428571,1.2229943,1.6834321176816092
2025-08-14,Losartan 50mg,0.0,0.0,0.8571428571428571,1.2927942,1.3261772469663242
2025-08-15,Losartan 50mg,0.0,6.0,0.8571428571428571,2.7960923,0.0
2025-08-16,Losartan 50mg,0.0,0.0,0.0,1.3734344,2.326743046661199
2025-08-17,Losartan 50mg,0.0,0.0,0.0,1.5832223,0.9690389690534379
2025-08-18,Losartan 50mg,5.0,0.0,0.0,2.0427308,0.9747354508593613
2025-08-19,Losartan 50mg,0.0,0.0,0.7142857142857143,0.42078722,0.0
2025-08-20,Losartan 50mg,0.0,0.0,0.7142857142857143,0.4730665,1.6292409477890435
2025-08-21,Losartan 50mg,9.0,0.0,0.7142857142857143,0.46798408,1.2719860770808515
2025-08-22,Losartan 50mg,0.0,0.0,2.0,0.7857208,0.0
2025-08-23,Losartan 50mg,0.0,0.0,2.0,0.001523802,2.2725518767693855
2025-08-24,Losartan 50mg,0.0,0.0,2.0,1.1516881,0.9148477991603432
2025-08-25,Losartan 50mg,0.0,5.0,2.0,1.4370748,0.920544280966022
2025-08-26,Losartan 50mg,0.0,0.0,1.2857142857142858,0.8000229,0.0
2025-08-27,Losartan 50mg,0.0,0.0,1.2857142857142858,1.4981921,1.5750497778964774
2025-08-28,Losartan 50mg,0.0,9.0,1.2857142857142858,6.4728293,1.2177949071896264
2025-08-29,Losartan 50mg,0.0,0.0,0.0,1.2579137,0.0
2025-08-30,Losartan 50mg,0.0,0.0,0.0,1.631949,2.218360706879385
2025-08-31,Losartan 50mg,0.0,0.0,0.0,1.9015907,0.8606566292682887
2025-08-04,Metformin 500mg,0.0,0.0,0.0,0.78314143,0.0
2025-08-05,Metformin 500mg,0.0,0.0,0.0,1.0121115,0.7984298133559731
2025-08-06,Metformin 500mg,0.0,0.0,0.0,1.0086054,0.0
2025-08-07,Metformin 500mg,0.0,0.0,0.0,1.3412688,0.0
2025-08-08,Metformin 500mg,0.0,0.0,0.0,0.06044229,0.36980722166888735
2025-08-09,Metformin 500mg,0.0,0.0,0.0,0.19525829,0.0
2025-08-10,Metformin 500mg,0.0,0.0,0.0,0.25903863,0.012626681468993262
2025-08-11,Metformin 500mg,0.0,0.0,0.0,1.5073096,0.0
2025-08-12,Metformin 500mg,0.0,0.0,0.0,0.5052686,0.7525446110488568
2025-08-13,Metformin 500mg,0.0,0.0,0.0,0.4212187,0.0
2025-08-14,Metformin 500mg,0.0,0.0,0.0,1.1847858,0.0
2025-08-15,Metformin 500mg,0.0,0.0,0.0,1.0982121,0.3239220193633122
2025-08-16,Metformin 500mg,10.0,0.0,0.0,0.39143717,0.0
2025-08-17,Metformin 500mg,0.0,0.0,1.4285714285714286,1.0799015,0.0
2025-08-18,Metformin 500mg,0.0,0.0,1.4285714285714286,0.2306178,0.0
2025-08-19,Metformin 500mg,0.0,0.0,1.4285714285714286,0.28695282,0.7066594087437783
2025-08-20,Metformin 500mg,0.0,0.0,1.4285714285714286,0.6553577,0.0
2025-08-21,Metformin 500mg,0.0,0.0,1.4285714285714286,0.5368787,0.0
2025-08-22,Metformin 500mg,0.0,0.0,1.4285714285714286,0.9785413,0.27803681705773686
2025-08-23,Metformin 500mg,0.0,10.0,1.4285714285714286,3.9795537,0.0
2025-08-24,Metformin 500mg,0.0,0.0,0.0,0.7539554,0.0
2025-08-25,Metformin 500mg,0.0,0.0,0.0,0.48420188,0.0
2025-08-26,Metformin 500mg,15.0,0.0,0.0,0.5349674,0.6607742064355253
2025-08-27,Metformin 500mg,0.0,0.0,2.142857142857143,0.0,0.0
2025-08-28,Metformin 500mg,0.0,0.0,2.142857142857143,1.6279335,0.0
2025-08-29,Metformin 500mg,0.0,0.0,2.142857142857143,1.2667141,0.23215161474926754
2025-08-30,Metformin 500mg,0.0,0.0,2.142857142857143,3.5684512,0.0
2025-08-31,Metformin 500mg,0.0,0.0,2.142857142857143,1.9145639,0.0
2025-08-04,Montelukast 10mg,0.0,0.0,0.0,1.169919,0.249049838441405
2025-08-05,Montelukast 10mg,0.0,0.0,0.0,1.3169527,0.08556460549800976
2025-08-06,Montelukast 10mg,0.0,0.0,0.0,1.3151275,0.0
2025-08-07,Montelukast 10mg,0.0,0.0,0.0,1.0647024,1.7994774541636536
2025-08-08,Montelukast 10mg,0.0,0.0,0.0,1.1852607,0.0
2025-08-09,Montelukast 10mg,0.0,0.0,0.0,0.19525829,1.58525374290221
2025-08-10,Montelukast 10mg,0.0,0.0,0.0,0.25903863,0.0
2025-08-11,Montelukast 10mg,16.0,0.0,0.0,1.5073096,0.17476381295959934
2025-08-12,Montelukast 10mg,0.0,0.0,2.2857142857142856,2.8220656,0.011278580020568002
2025-08-13,Montelukast 10mg,0.0,0.0,2.2857142857142856,1.6197424,0.0
2025-08-14,Montelukast 10mg,0.0,0.0,2.2857142857142856,3.3471422,1.7251914286852053
2025-08-15,Montelukast 10mg,0.0,0.0,2.2857142857142856,1.8349873,0.0
2025-08-16,Montelukast 10mg,0.0,0.0,2.2857142857142856,2.317963,1.5109677174186011
2025-08-17,Montelukast 10mg,0.0,0.0,2.2857142857142856,2.0195687,0.0
2025-08-18,Montelukast 10mg,0.0,16.0,2.2857142857142856,3.4644768,0.10047778748661366
2025-08-19,Montelukast 10mg,0.0,0.0,0.0,1.4964654,0.0
2025-08-20,Montelukast 10mg,0.0,0.0,0.0,1.3324387,0.0
2025-08-21,Montelukast 10mg,0.0,0.0,0.0,0.98975766,1.6509054032056527
2025-08-22,Montelukast 10mg,0.0,0.0,0.0,0.90110505,0.0
2025-08-23,Montelukast 10mg,0.0,0.0,0.0,1.465356,1.4366816919418783
2025-08-24,Montelukast 10mg,0.0,0.0,0.0,1.6472043,0.0
2025-08-25,Montelukast 10mg,0.0,0.0,0.0,0.5283092,0.026191762004807828
2025-08-26,Montelukast 10mg,0.0,0.0,0.0,0.9139998,0.0
2025-08-27,Montelukast 10mg,0.0,0.0,0.0,0.88193,0.0
2025-08-28,Montelukast 10mg,0.0,0.0,0.0,0.98874956,1.576619377727204
2025-08-29,Montelukast 10mg,15.0,0.0,0.0,0.98296756,0.0
2025-08-30,Montelukast 10mg,0.0,0.0,2.142857142857143,0.7961414,1.3623956664612833
2025-08-31,Montelukast 10mg,0.0,0.0,2.142857142857143,0.92830175,0.0
2025-08-04,Multivitamin Syrup,0.0,0.0,0.0,0.50136375,0.6684326529740102
2025-08-05,Multivitamin Syrup,0.0,0.0,0.0,0.80471176,0.1939720503042815
2025-08-06,Multivitamin Syrup,0.0,0.0,0.0,0.751154,0.5512678270250408
2025-08-07,Multivitamin Syrup,0.0,0.0,0.0,0.751498,0.1940321149059036
2025-08-08,Multivitamin Syrup,0.0,0.0,0.0,0.32613963,0.7656861182690906
2025-08-09,Multivitamin Syrup,0.0,0.0,0.0,1.1157653,0.26554239400141294
2025-08-10,Multivitamin Syrup,0.0,0.0,0.0,0.32323754,1.1944685118664493
2025-08-11,Multivitamin Syrup,0.0,0.0,0.0,0.37174836,0.5989634746874127
2025-08-12,Multivitamin Syrup,0.0,0.0,0.0,0.0,0.12450287201675458
2025-08-13,Multivitamin Syrup,0.0,0.0,0.0,0.4212187,0.4817986487368622
2025-08-14,Multivitamin Syrup,0.0,0.0,0.0,1.1847858,0.12456293661886059
2025-08-15,Multivitamin Syrup,0.0,0.0,0.0,1.0982121,0.6962169399823078
2025-08-16,Multivitamin Syrup,0.0,0.0,0.0,0.39143717,0.1960732157145168
2025-08-17,Multivitamin Syrup,0.0,0.0,0.0,0.053685427,1.1249993335793262
2025-08-18,Multivitamin Syrup,0.0,0.0,0.0,1.0433866,0.5294942963982732
2025-08-19,Multivitamin Syrup,0.0,0.0,0.0,0.6713611,0.05503369373180761
2025-08-20,Multivitamin Syrup,7.0,0.0,0.0,1.5833292,0.4123294704507911
2025-08-21,Multivitamin Syrup,0.0,0.0,1.0,1.6818676,0.05509375833182756
2025-08-22,Multivitamin Syrup,0.0,0.0,1.0,0.49393684,0.6267477616955253
2025-08-23,Multivitamin Syrup,0.0,0.0,1.0,0.4015468,0.12660403742725113
2025-08-24,Multivitamin Syrup,8.0,0.0,1.0,0.28031838,1.0555301552942027
2025-08-25,Multivitamin Syrup,0.0,0.0,2.142857142857143,2.5774627,0.46002511811167535
2025-08-26,Multivitamin Syrup,5.0,0.0,2.142857142857143,1.3824718,0.0
2025-08-27,Multivitamin Syrup,0.0,7.0,2.857142857142857,1.8624266,0.3428602921647198
2025-08-28,Multivitamin Syrup,6.0,0.0,1.8571428571428572,0.95542717,0.0
2025-08-29,Multivitamin Syrup,0.0,0.0,2.7142857142857144,1.3943994,0.5572785834086567
2025-08-30,Multivitamin Syrup,0.0,0.0,2.7142857142857144,1.9310433,0.05713485914104727
2025-08-31,Multivitamin Syrup,0.0,8.0,2.7142857142857144,2.149956,0.9860609770070791
2025-08-04,N95 Mask,0.0,7.0,1.2857142857142858,2.994848,1.3035364295123588
2025-08-05,N95 Mask,0.0,0.0,0.2857142857142857,1.0696921,1.3032275154986692
2025-08-06,N95 Mask,0.0,2.0,0.2857142857142857,1.4976803,1.374667165773347
2025-08-07,N95 Mask,0.0,0.0,0.0,0.9885624,0.5174120138780324
2025-08-08,N95 Mask,4.0,0.0,0.0,0.8905619,1.160356037033307
2025-08-09,N95 Mask,0.0,0.0,0.5714285714285714,0.5424667,1.1603575847890537
2025-08-10,N95 Mask,5.0,0.0,0.5714285714285714,0.87943405,1.8747398216655426
2025-08-11,N95 Mask,0.0,0.0,1.2857142857142858,0.8384467,1.3248999300980757
2025-08-12,N95 Mask,0.0,0.0,1.2857142857142858,0.6538194,1.324591016083532
2025-08-13,N95 Mask,0.0,0.0,1.2857142857142858,0.0,1.396030666356988
2025-08-14,N95 Mask,0.0,0.0,1.2857142857142858,0.46210635,0.5387755144629013
2025-08-15,N95 Mask,0.0,4.0,1.2857142857142858,0.3387894,1.1817195376190637
2025-08-16,N95 Mask,0.0,0.0,0.7142857142857143,1.0041692,1.1817210853736126
2025-08-17,N95 Mask,0.0,5.0,0.7142857142857143,1.9355838,1.896103322250441
2025-08-18,N95 Mask,0.0,0.0,0.0,0.93428683,1.346263430681631
2025-08-19,N95 Mask,0.0,0.0,0.0,0.9259976,1.3459545166706508
2025-08-20,N95 Mask,0.0,0.0,0.0,0.7738178,1.417394166942532
2025-08-21,N95 Mask,0.0,0.0,0.0,0.47715485,0.5601390150490625
2025-08-22,N95 Mask,0.0,0.0,0.0,0.22770713,1.2030830382048199
2025-08-23,N95 Mask,0.0,0.0,0.0,0.9711541,1.2030845859587673
2025-08-24,N95 Mask,0.0,0.0,0.0,1.402702,1.9174668228369796
2025-08-25,N95 Mask,1.0,0.0,0.0,1.1591885,1.367626931267348
2025-08-26,N95 Mask,0.0,0.0,0.14285714285714285,0.28356004,1.3673180172532267
2025-08-27,N95 Mask,0.0,0.0,0.14285714285714285,0.9559221,1.4387576675280762
2025-08-28,N95 Mask,4.0,0.0,0.14285714285714285,0.81165105,0.5815025156339314
2025-08-29,N95 Mask,0.0,0.0,0.7142857142857143,0.057277434,1.224446538790365
2025-08-30,N95 Mask,1.0,0.0,0.7142857142857143,0.6996094,1.2244480865447143
2025-08-31,N95 Mask,0.0,0.0,0.8571428571428571,0.5692922,1.9388303234218782
2025-08-04,Nicotine Patch,0.0,0.0,0.7142857142857143,0.50718945,0.12836335402373344
2025-08-05,Nicotine Patch,8.0,5.0,0.7142857142857143,2.3168077,0.0
2025-08-06,Nicotine Patch,0.0,0.0,1.1428571428571428,0.85076207,0.0
2025-08-07,Nicotine Patch,0.0,0.0,1.1428571428571428,1.2597171,0.18170877247682465
2025-08-08,Nicotine Patch,0.0,0.0,1.1428571428571428,0.76393175,0.7530596130965246
2025-08-09,Nicotine Patch,0.0,0.0,1.1428571428571428,1.3686047,0.6815562752340467
2025-08-10,Nicotine Patch,0.0,0.0,1.1428571428571428,1.1284237,1.0386227582610212
2025-08-11,Nicotine Patch,5.0,0.0,1.1428571428571428,1.0059346,0.04815828374274517
2025-08-12,Nicotine Patch,0.0,8.0,1.8571428571428572,1.1036074,0.0
2025-08-13,Nicotine Patch,0.0,0.0,0.7142857142857143,0.65022737,0.0
2025-08-14,Nicotine Patch,0.0,0.0,0.7142857142857143,0.92051005,0.1015037021961222
2025-08-15,Nicotine Patch,4.0,0.0,0.7142857142857143,0.8508593,0.672854542816204
2025-08-16,Nicotine Patch,0.0,0.0,1.2857142857142858,0.30285877,0.6013512049524927
2025-08-17,Nicotine Patch,0.0,0.0,1.2857142857142858,1.2713804,0.9584176879799073
2025-08-18,Nicotine Patch,0.0,5.0,1.2857142857142858,0.92046285,0.0
2025-08-19,Nicotine Patch,8.0,0.0,0.5714285714285714,0.5857281,0.0
2025-08-20,Nicotine Patch,0.0,0.0,1.7142857142857142,0.40352508,0.0
2025-08-21,Nicotine Patch,9.0,0.0,1.7142857142857142,0.7838532,0.02129863191416495
2025-08-22,Nicotine Patch,5.0,4.0,3.0,0.27316263,0.5926494725358835
2025-08-23,Nicotine Patch,0.0,0.0,3.142857142857143,1.3217087,0.5211461346719966
2025-08-24,Nicotine Patch,0.0,0.0,3.142857142857143,2.3267062,0.8782126176994665
2025-08-25,Nicotine Patch,0.0,0.0,3.142857142857143,1.9738849,0.0
2025-08-26,Nicotine Patch,0.0,8.0,3.142857142857143,1.0786028,0.0
2025-08-27,Nicotine Patch,0.0,0.0,2.0,1.0452282,0.0
2025-08-28,Nicotine Patch,9.0,9.0,2.0,1.4527001,0.0
2025-08-29,Nicotine Patch,0.0,5.0,2.0,1.1529418,0.5124444022549565
2025-08-30,Nicotine Patch,0.0,0.0,1.2857142857142858,1.1409987,0.44094106439153724
2025-08-31,Nicotine Patch,0.0,0.0,1.2857142857142858,1.4399194,0.7980075474183523
2025-08-04,ORS Sachet,0.0,0.0,1.1428571428571428,0.41608173,0.12312914002670738
2025-08-05,ORS Sachet,0.0,0.0,1.1428571428571428,0.32286105,0.7475669990886002
2025-08-06,ORS Sachet,0.0,0.0,1.1428571428571428,0.14579661,1.6761399771357444
2025-08-07,ORS Sachet,0.0,8.0,1.1428571428571428,1.7219669,0.24721797787344452
2025-08-08,ORS Sachet,0.0,0.0,0.0,0.0029650629,0.8185939403968161
2025-08-09,ORS Sachet,0.0,0.0,0.0,0.2743821,0.5326990177273689
2025-08-10,ORS Sachet,10.0,0.0,0.0,0.29371428,0.2467818978604916
2025-08-11,ORS Sachet,0.0,0.0,1.4285714285714286,1.0123917,0.042049170085141085
2025-08-12,ORS Sachet,0.0,0.0,1.4285714285714286,0.7414223,0.6664870291463609
2025-08-13,ORS Sachet,6.0,0.0,1.4285714285714286,0.7216805,1.5950600071920908
2025-08-14,ORS Sachet,0.0,0.0,2.2857142857142856,1.7167144,0.16613800793045985
2025-08-15,ORS Sachet,0.0,0.0,2.2857142857142856,1.5773032,0.7375139704542713
2025-08-16,ORS Sachet,0.0,0.0,2.2857142857142856,1.73731,0.45161904778785467
2025-08-17,ORS Sachet,0.0,10.0,2.2857142857142856,2.1042774,0.16570192791681954
2025-08-18,ORS Sachet,0.0,0.0,0.8571428571428571,0.7105134,0.0
2025-08-19,ORS Sachet,8.0,0.0,0.8571428571428571,2.404548,0.5854070592061549
2025-08-20,ORS Sachet,8.0,6.0,2.0,0.08405911,1.5139800372495174
2025-08-21,ORS Sachet,6.0,0.0,2.2857142857142856,0.8747975,0.08505803799008971
2025-08-22,ORS Sachet,0.0,0.0,3.142857142857143,1.1764209,0.6564340005117265
2025-08-23,ORS Sachet,0.0,0.0,3.142857142857143,1.7013885,0.3705390778435851
2025-08-24,ORS Sachet,0.0,0.0,3.142857142857143,2.2369068,0.08462195797576999
2025-08-25,ORS Sachet,4.0,0.0,3.142857142857143,2.5743744,0.0
2025-08-26,ORS Sachet,0.0,8.0,3.7142857142857144,0.5694274,0.504327089257733
2025-08-27,ORS Sachet,0.0,8.0,2.5714285714285716,1.1734381,1.4329000673069439
2025-08-28,ORS Sachet,0.0,6.0,1.4285714285714286,0.6698482,0.003978068047104932
2025-08-29,ORS Sachet,0.0,0.0,0.5714285714285714,0.5654641,0.5753540305704191
2025-08-30,ORS Sachet,0.0,0.0,0.5714285714285714,0.5180738,0.2894591079014572
2025-08-31,ORS Sachet,0.0,0.0,0.5714285714285714,0.8691521,0.0035419880320976538
2025-08-04,Omeprazole 20mg,0.0,0.0,0.2857142857142857,0.0,0.7243812413855827
2025-08-05,Omeprazole 20mg,0.0,0.0,0.2857142857142857,0.78731674,0.3154059128865144
2025-08-06,Omeprazole 20mg,0.0,0.0,0.2857142857142857,0.51236856,0.02978602584041201
2025-08-07,Omeprazole 20mg,0.0,2.0,0.2857142857142857,1.3644842,0.2437449763173499
2025-08-08,Omeprazole 20mg,0.0,0.0,0.0,1.0025693,0.10086188707119667
2025-08-09,Omeprazole 20mg,6.0,0.0,0.0,0.9776757,0.10071097217721786
2025-08-10,Omeprazole 20mg,0.0,0.0,0.8571428571428571,3.2302253,0.0
2025-08-11,Omeprazole 20mg,0.0,0.0,0.8571428571428571,1.0271921,0.6520471385481418
2025-08-12,Omeprazole 20mg,4.0,0.0,0.8571428571428571,1.071198,0.24307181004903342
2025-08-13,Omeprazole 20mg,0.0,0.0,1.4285714285714286,0.61533755,0.0
2025-08-14,Omeprazole 20mg,0.0,0.0,1.4285714285714286,1.032325,0.17141087348050943
2025-08-15,Omeprazole 20mg,5.0,0.0,1.4285714285714286,1.2222596,0.028527784233221082
2025-08-16,Omeprazole 20mg,0.0,6.0,2.142857142857143,2.3700895,0.02837686934178041
2025-08-17,Omeprazole 20mg,5.0,0.0,1.2857142857142858,1.8044099,0.0
2025-08-18,Omeprazole 20mg,0.0,0.0,2.0,0.29011297,0.5797130357117328
2025-08-19,Omeprazole 20mg,0.0,4.0,2.0,0.84752536,0.1707377072099296
2025-08-20,Omeprazole 20mg,0.0,0.0,1.4285714285714286,0.5804652,0.0
2025-08-21,Omeprazole 20mg,0.0,0.0,1.4285714285714286,0.68208647,0.09907677064218115
2025-08-22,Omeprazole 20mg,0.0,5.0,1.4285714285714286,0.8025473,0.0
2025-08-23,Omeprazole 20mg,0.0,0.0,0.7142857142857143,1.1177806,0.0
2025-08-24,Omeprazole 20mg,2.0,5.0,0.7142857142857143,1.6219677,0.0
2025-08-25,Omeprazole 20mg,0.0,0.0,0.2857142857142857,0.6652602,0.5073789328742917
2025-08-26,Omeprazole 20mg,0.0,0.0,0.2857142857142857,0.75502557,0.09840360437590487
2025-08-27,Omeprazole 20mg,0.0,0.0,0.2857142857142857,0.9423298,0.0
2025-08-28,Omeprazole 20mg,0.0,0.0,0.2857142857142857,0.9802736,0.026742667805340445
2025-08-29,Omeprazole 20mg,5.0,0.0,0.2857142857142857,1.1127777,0.0
2025-08-30,Omeprazole 20mg,0.0,0.0,1.0,2.6191878,0.0
2025-08-31,Omeprazole 20mg,0.0,2.0,1.0,3.0682433,0.0
2025-08-04,Pantoprazole 40mg,4.0,6.0,2.4285714285714284,0.118122116,1.1801431650362946
2025-08-05,Pantoprazole 40mg,0.0,0.0,2.142857142857143,0.19984467,1.390968096697231
2025-08-06,Pantoprazole 40mg,0.0,0.0,2.142857142857143,0.4560543,1.819591376552913
2025-08-07,Pantoprazole 40mg,9.0,5.0,2.142857142857143,0.95005786,2.1053282418672983
2025-08-08,Pantoprazole 40mg,0.0,0.0,2.7142857142857144,2.2409577,1.7481170713258627
2025-08-09,Pantoprazole 40mg,0.0,0.0,2.7142857142857144,2.5010996,1.4623377115036587
2025-08-10,Pantoprazole 40mg,0.0,6.0,2.7142857142857144,1.8424574,1.0336782530836035
2025-08-11,Pantoprazole 40mg,0.0,4.0,1.8571428571428572,1.641273,1.261070464012727
2025-08-12,Pantoprazole 40mg,0.0,0.0,1.2857142857142858,0.63112617,1.471895395674053
2025-08-13,Pantoprazole 40mg,0.0,0.0,1.2857142857142858,0.5330774,1.9005186755301016
2025-08-14,Pantoprazole 40mg,0.0,9.0,1.2857142857142858,1.1622044,2.186255540843824
2025-08-15,Pantoprazole 40mg,0.0,0.0,0.0,1.630933,1.8290443703018657
2025-08-16,Pantoprazole 40mg,7.0,0.0,0.0,2.155911,1.5432650104815302
2025-08-17,Pantoprazole 40mg,0.0,0.0,1.0,2.001543,1.1146055520599922
2025-08-18,Pantoprazole 40mg,0.0,0.0,1.0,0.63895935,1.3419977629896445
2025-08-19,Pantoprazole 40mg,0.0,0.0,1.0,1.0281436,1.5528226946502357
2025-08-20,Pantoprazole 40mg,0.0,0.0,1.0,0.6342404,1.981445974506622
2025-08-21,Pantoprazole 40mg,0.0,0.0,1.0,1.4131134,2.267182839820362
2025-08-22,Pantoprazole 40mg,0.0,0.0,1.0,0.5539545,1.909971669277868
2025-08-23,Pantoprazole 40mg,0.0,7.0,1.0,1.5711966,1.6241923094575716
2025-08-24,Pantoprazole 40mg,0.0,0.0,0.0,0.65777093,1.1955328510361474
2025-08-25,Pantoprazole 40mg,0.0,0.0,0.0,0.30609062,1.4229250619660772
2025-08-26,Pantoprazole 40mg,0.0,0.0,0.0,0.39310485,1.6337499936261728
2025-08-27,Pantoprazole 40mg,0.0,0.0,0.0,0.19141747,2.062373273483143
2025-08-28,Pantoprazole 40mg,0.0,0.0,0.0,0.15685101,2.348110138796888
2025-08-29,Pantoprazole 40mg,0.0,0.0,0.0,0.31643403,1.9908989682542184
2025-08-30,Pantoprazole 40mg,0.0,0.0,0.0,1.3562778,1.7051196084336762
2025-08-31,Pantoprazole 40mg,0.0,0.0,0.0,0.99601895,1.2764601500125365
2025-08-04,Paracetamol 500mg,0.0,0.0,0.0,4.183285,1.9721370088717145
2025-08-05,Paracetamol 500mg,0.0,0.0,0.0,4.2317047,1.0285816913951975
2025-08-06,Paracetamol 500mg,0.0,0.0,0.0,3.5230587,1.7440591689312095
2025-08-07,Paracetamol 500mg,0.0,0.0,0.0,2.988684,0.6711186398085867
2025-08-08,Paracetamol 500mg,8.0,0.0,0.0,0.60504436,1.67274991015137
2025-08-09,Paracetamol 500mg,0.0,0.0,1.1428571428571428,0.8828954,2.0305549920318424
2025-08-10,Paracetamol 500mg,0.0,0.0,1.1428571428571428,1.2016946,2.889116428572046
2025-08-11,Paracetamol 500mg,0.0,0.0,1.1428571428571428,1.3447757,1.9563273873639182
2025-08-12,Paracetamol 500mg,0.0,0.0,1.1428571428571428,1.4069334,1.0127720698867246
2025-08-13,Paracetamol 500mg,0.0,0.0,1.1428571428571428,0.6739715,1.7282495474221977
2025-08-14,Paracetamol 500mg,0.0,0.0,1.1428571428571428,1.2479693,0.6553090183005545
2025-08-15,Paracetamol 500mg,0.0,8.0,1.1428571428571428,3.592982,1.6569402886438305
2025-08-16,Paracetamol 500mg,0.0,0.0,0.0,0.7630971,2.014745370523435
2025-08-17,Paracetamol 500mg,0.0,0.0,0.0,2.6919973,2.8733068070632695
2025-08-18,Paracetamol 500mg,3.0,0.0,0.0,1.3719032,1.9405177658528754
2025-08-19,Paracetamol 500mg,0.0,0.0,0.42857142857142855,0.44591022,0.9969624483809361
2025-08-20,Paracetamol 500mg,0.0,0.0,0.42857142857142855,0.44392526,1.7124399259147771
2025-08-21,Paracetamol 500mg,0.0,0.0,0.42857142857142855,0.43884295,0.6394993967936917
2025-08-22,Paracetamol 500mg,5.0,0.0,0.42857142857142855,0.2188556,1.6411306671362902
2025-08-23,Paracetamol 500mg,0.0,0.0,1.1428571428571428,0.0375838,1.9989357490145676
2025-08-24,Paracetamol 500mg,7.0,0.0,1.1428571428571428,1.0650334,2.8574971855576576
2025-08-25,Paracetamol 500mg,0.0,3.0,2.142857142857143,1.5030602,1.9247081443450789
2025-08-26,Paracetamol 500mg,6.0,0.0,1.7142857142857142,0.5518532,0.9811528268702384
2025-08-27,Paracetamol 500mg,0.0,0.0,2.5714285714285716,0.7242946,1.6966303044073567
2025-08-28,Paracetamol 500mg,0.0,0.0,2.5714285714285716,1.54262,0.6236897752856594
2025-08-29,Paracetamol 500mg,0.0,5.0,2.5714285714285716,1.297691,1.6253210456300127
2025-08-30,Paracetamol 500mg,0.0,0.0,1.8571428571428572,1.6312898,1.983126127508157
2025-08-31,Paracetamol 500mg,0.0,7.0,1.8571428571428572,2.155057,2.8416875640488817
2025-08-04,Prednisolone 10mg,5.0,0.0,0.14285714285714285,0.035544354,0.5999655822942636
2025-08-05,Prednisolone 10mg,0.0,1.0,0.8571428571428571,2.071327,0.1979327338503396
2025-08-06,Prednisolone 10mg,8.0,0.0,0.7142857142857143,0.6416442,0.4835391226297202
2025-08-07,Prednisolone 10mg,0.0,0.0,1.8571428571428572,0.61930573,0.4835463088285487
2025-08-08,Prednisolone 10mg,0.0,0.0,1.8571428571428572,0.49381313,0.2693537237123209
2025-08-09,Prednisolone 10mg,0.0,0.0,1.8571428571428572,0.9208167,0.7691587293009432
2025-08-10,Prednisolone 10mg,0.0,0.0,1.8571428571428572,0.913429,1.0547662579822337
2025-08-11,Prednisolone 10mg,0.0,5.0,1.8571428571428572,2.6936598,0.5977859628955521
2025-08-12,Prednisolone 10mg,0.0,0.0,1.1428571428571428,1.3152429,0.19575311445222865
2025-08-13,Prednisolone 10mg,0.0,8.0,1.1428571428571428,3.5034888,0.48135950323189824
2025-08-14,Prednisolone 10mg,6.0,0.0,0.0,1.104428,0.48136668943020866
2025-08-15,Prednisolone 10mg,0.0,0.0,0.8571428571428571,1.1362919,0.267174104314173
2025-08-16,Prednisolone 10mg,0.0,0.0,0.8571428571428571,1.831009,0.7669791099007136
2025-08-17,Prednisolone 10mg,0.0,0.0,0.8571428571428571,1.8612325,1.0525866385839637
2025-08-18,Prednisolone 10mg,0.0,0.0,0.8571428571428571,1.2893384,0.5956063434969656
2025-08-19,Prednisolone 10mg,0.0,0.0,0.8571428571428571,1.3725462,0.19357349505392973
2025-08-20,Prednisolone 10mg,0.0,0.0,0.8571428571428571,0.8226612,0.47917988383386234
2025-08-21,Prednisolone 10mg,0.0,6.0,0.8571428571428571,1.8082594,0.4791870700329475
2025-08-22,Prednisolone 10mg,0.0,0.0,0.0,0.9960665,0.26499448491602506
2025-08-23,Prednisolone 10mg,0.0,0.0,0.0,1.1129053,0.764799490502948
2025-08-24,Prednisolone 10mg,0.0,0.0,0.0,1.2347573,1.0504070191856565
2025-08-25,Prednisolone 10mg,0.0,0.0,0.0,1.1102017,0.593426724098254
2025-08-26,Prednisolone 10mg,0.0,0.0,0.0,1.0586368,0.19139387565581217
2025-08-27,Prednisolone 10mg,0.0,0.0,0.0,1.1856662,0.4770002644358263
2025-08-28,Prednisolone 10mg,5.0,0.0,0.0,1.1856765,0.4770074506346075
2025-08-29,Prednisolone 10mg,0.0,0.0,0.7142857142857143,0.43148875,0.2628148655180191
2025-08-30,Prednisolone 10mg,0.0,0.0,0.7142857142857143,1.1100701,0.7626198711052408
2025-08-31,Prednisolone 10mg,8.0,0.0,0.7142857142857143,1.0310823,1.0482273997873865
2025-08-04,Ranitidine 150mg,0.0,0.0,0.0,0.14289197,0.5369606264529243
2025-08-05,Ranitidine 150mg,10.0,0.0,0.0,0.37276366,0.44364938274760257
2025-08-06,Ranitidine 150mg,0.0,0.0,1.4285714285714286,1.7539576,0.08937876011468149
2025-08-07,Ranitidine 150mg,0.0,0.0,1.4285714285714286,1.4325687,0.7983787622835348
2025-08-08,Ranitidine 150mg,0.0,0.0,1.4285714285714286,1.2485934,0.018816882360207732
2025-08-09,Ranitidine 150mg,0.0,0.0,1.4285714285714286,1.3392079,0.37339459110139733
2025-08-10,Ranitidine 150mg,0.0,0.0,1.4285714285714286,1.3366228,0.7279844559256391
2025-08-11,Ranitidine 150mg,0.0,0.0,1.4285714285714286,1.16296,0.48208505284631586
2025-08-12,Ranitidine 150mg,0.0,10.0,1.4285714285714286,4.916035,0.38877380914186405
2025-08-13,Ranitidine 150mg,6.0,0.0,0.0,0.42587715,0.03450318650937417
2025-08-14,Ranitidine 150mg,0.0,0.0,0.8571428571428571,1.8174572,0.7435031886774748
2025-08-15,Ranitidine 150mg,5.0,0.0,0.8571428571428571,1.4802848,0.0
2025-08-16,Ranitidine 150mg,0.0,0.0,1.5714285714285714,0.9657202,0.31851901749197137
2025-08-17,Ranitidine 150mg,0.0,0.0,1.5714285714285714,1.1247835,0.6731088823204506
2025-08-18,Ranitidine 150mg,0.0,0.0,1.5714285714285714,0.7179456,0.4272094792414796
2025-08-19,Ranitidine 150mg,0.0,0.0,1.5714285714285714,1.4490098,0.33389823553492515
2025-08-20,Ranitidine 150mg,0.0,6.0,1.5714285714285714,1.0639517,0.0
2025-08-21,Ranitidine 150mg,0.0,0.0,0.7142857142857143,0.5853756,0.6886276150718544
2025-08-22,Ranitidine 150mg,0.0,5.0,0.7142857142857143,1.7809016,0.0
2025-08-23,Ranitidine 150mg,0.0,0.0,0.0,0.88122225,0.26364344388780314
2025-08-24,Ranitidine 150mg,0.0,0.0,0.0,1.1061085,0.6182333087132692
2025-08-25,Ranitidine 150mg,0.0,0.0,0.0,0.7107828,0.3723339056348713
2025-08-26,Ranitidine 150mg,10.0,0.0,0.0,0.7523533,0.2790226619311826
2025-08-27,Ranitidine 150mg,0.0,0.0,1.4285714285714286,1.838948,0.0
2025-08-28,Ranitidine 150mg,0.0,0.0,1.4285714285714286,1.7757796,0.6337520414657942
2025-08-29,Ranitidine 150mg,6.0,0.0,1.4285714285714286,2.0342066,0.0
2025-08-30,Ranitidine 150mg,3.0,0.0,2.2857142857142856,1.1039677,0.2087678702818158
2025-08-31,Ranitidine 150mg,0.0,0.0,2.7142857142857144,2.0384986,0.5633577351080803
2025-08-04,Salbutamol Inhaler,0.0,0.0,3.2857142857142856,1.310931,0.47848494763978655
2025-08-05,Salbutamol Inhaler,0.0,9.0,3.2857142857142856,2.3732836,2.0434963568212416
2025-08-06,Salbutamol Inhaler,0.0,0.0,2.0,1.2587494,2.043615136604876
2025-08-07,Salbutamol Inhaler,0.0,7.0,2.0,1.4821199,2.9742666194177536
2025-08-08,Salbutamol Inhaler,0.0,7.0,1.0,1.0103842,2.1154374422972015
2025-08-09,Salbutamol Inhaler,8.0,0.0,0.0,1.3453802,1.1850268275131826
2025-08-10,Salbutamol Inhaler,6.0,0.0,1.1428571428571428,0.59770536,0.8272525427337587
2025-08-11,Salbutamol Inhaler,0.0,0.0,2.0,2.1549263,0.5035606553218761
2025-08-12,Salbutamol Inhaler,0.0,0.0,2.0,2.1006045,2.0685720645038863
2025-08-13,Salbutamol Inhaler,9.0,0.0,2.0,1.5850139,2.06869084428643
2025-08-14,Salbutamol Inhaler,0.0,0.0,3.2857142857142856,1.0492617,2.9993423270991624
2025-08-15,Salbutamol Inhaler,0.0,0.0,3.2857142857142856,1.4055156,2.1405131499791668
2025-08-16,Salbutamol Inhaler,0.0,8.0,3.2857142857142856,1.2892315,1.21010253519484
2025-08-17,Salbutamol Inhaler,5.0,6.0,2.142857142857143,0.85567224,0.852328250416096
2025-08-18,Salbutamol Inhaler,8.0,0.0,2.0,1.1598227,0.5286363630054141
2025-08-19,Salbutamol Inhaler,0.0,0.0,3.142857142857143,0.24843295,2.0936477721863223
2025-08-20,Salbutamol Inhaler,0.0,9.0,3.142857142857143,2.6515408,2.0937665519690554
2025-08-21,Salbutamol Inhaler,0.0,0.0,1.8571428571428572,0.91485953,3.0244180347808687
2025-08-22,Salbutamol Inhaler,0.0,0.0,1.8571428571428572,0.8172605,2.165588857661132
2025-08-23,Salbutamol Inhaler,0.0,0.0,1.8571428571428572,1.1366485,1.235178242878293
2025-08-24,Salbutamol Inhaler,0.0,5.0,1.8571428571428572,2.9739785,0.8774039580960327
2025-08-25,Salbutamol Inhaler,0.0,8.0,1.1428571428571428,0.7370949,0.553712070687504
2025-08-26,Salbutamol Inhaler,0.0,0.0,0.0,1.3429128,2.1187234798656087
2025-08-27,Salbutamol Inhaler,0.0,0.0,0.0,1.0590836,2.118842259651681
2025-08-28,Salbutamol Inhaler,0.0,0.0,0.0,1.4496883,3.0494937424622766
2025-08-29,Salbutamol Inhaler,0.0,0.0,0.0,0.29059812,2.1906645653403127
2025-08-30,Salbutamol Inhaler,0.0,0.0,0.0,0.8104255,1.2602539505588686
2025-08-31,Salbutamol Inhaler,0.0,0.0,0.0,1.1021932,0.9024796657783704
2025-08-04,Surgical Gloves,8.0,0.0,1.4285714285714286,0.99455005,2.1959428167644344
2025-08-05,Surgical Gloves,0.0,0.0,2.5714285714285716,1.0156096,0.6969102610872877
2025-08-06,Surgical Gloves,0.0,0.0,2.5714285714285716,1.8428843,1.698536419618139
2025-08-07,Surgical Gloves,0.0,0.0,2.5714285714285716,1.4659069,1.4121244072097494
2025-08-08,Surgical Gloves,0.0,0.0,2.5714285714285716,1.2898506,2.199083321210147
2025-08-09,Surgical Gloves,0.0,5.0,2.5714285714285716,1.2215658,0.4815098930155155
2025-08-10,Surgical Gloves,0.0,5.0,1.8571428571428572,1.0556571,1.4115827805602192
2025-08-11,Surgical Gloves,0.0,8.0,1.1428571428571428,1.0397199,2.2134948980424456
2025-08-12,Surgical Gloves,0.0,0.0,0.0,0.37243342,0.7144623423631973
2025-08-13,Surgical Gloves,0.0,0.0,0.0,0.29885024,1.7160885008949769
2025-08-14,Surgical Gloves,0.0,0.0,0.0,0.8351051,1.429676488487577
2025-08-15,Surgical Gloves,4.0,0.0,0.0,0.56197697,2.2166354024859505
2025-08-16,Surgical Gloves,0.0,0.0,0.5714285714285714,0.49706876,0.4990619742984901
2025-08-17,Surgical Gloves,0.0,0.0,0.5714285714285714,1.0575356,1.4291348618371997
2025-08-18,Surgical Gloves,0.0,0.0,0.5714285714285714,0.41358393,2.2310469793162446
2025-08-19,Surgical Gloves,0.0,0.0,0.5714285714285714,0.9588337,0.7320144236421269
2025-08-20,Surgical Gloves,0.0,0.0,0.5714285714285714,0.8032888,1.733640582173043
2025-08-21,Surgical Gloves,0.0,0.0,0.5714285714285714,0.730114,1.4472285697630838
2025-08-22,Surgical Gloves,8.0,4.0,0.5714285714285714,1.9021701,2.234187483761754
2025-08-23,Surgical Gloves,0.0,0.0,1.1428571428571428,0.9997259,0.5166140555724235
2025-08-24,Surgical Gloves,0.0,0.0,1.1428571428571428,1.0327269,1.4466869431187526
2025-08-25,Surgical Gloves,0.0,0.0,1.1428571428571428,0.68240124,2.2485990605942563
2025-08-26,Surgical Gloves,0.0,0.0,1.1428571428571428,1.0180016,0.7495665049184621
2025-08-27,Surgical Gloves,0.0,0.0,1.1428571428571428,1.0485762,1.751192663451109
2025-08-28,Surgical Gloves,0.0,0.0,1.1428571428571428,1.3662705,1.4647806510409118
2025-08-29,Surgical Gloves,0.0,8.0,1.1428571428571428,2.9237733,2.251739565040239
2025-08-30,Surgical Gloves,0.0,0.0,0.0,0.0,0.5341661368503834
2025-08-31,Surgical Gloves,0.0,0.0,0.0,0.43448007,1.4642390243957326
2025-08-04,Tetanus Toxoid,0.0,0.0,3.0,1.2340523,2.2421718532687716
2025-08-05,Tetanus Toxoid,6.0,8.0,3.0,0.7362248,2.0066814981602166
2025-08-06,Tetanus Toxoid,0.0,0.0,2.7142857142857144,1.6184404,1.3632479029500435
2025-08-07,Tetanus Toxoid,0.0,5.0,2.7142857142857144,1.3919982,3.007298866712987
2025-08-08,Tetanus Toxoid,0.0,8.0,2.0,0.8201785,2.077929479326288
2025-08-09,Tetanus Toxoid,0.0,0.0,0.8571428571428571,1.0786918,1.4344892520345935
2025-08-10,Tetanus Toxoid,0.0,0.0,0.8571428571428571,0.9440632,1.577374314539938
2025-08-11,Tetanus Toxoid,8.0,0.0,0.8571428571428571,0.6815256,2.309810794307171
2025-08-12,Tetanus Toxoid,0.0,6.0,2.0,1.1957469,2.0743204391989676
2025-08-13,Tetanus Toxoid,0.0,0.0,1.1428571428571428,0.34093004,1.4308868439902043
2025-08-14,Tetanus Toxoid,0.0,0.0,1.1428571428571428,0.9041055,3.0749378077523533
2025-08-15,Tetanus Toxoid,0.0,0.0,1.1428571428571428,1.3763049,2.145568420364599
2025-08-16,Tetanus Toxoid,0.0,0.0,1.1428571428571428,2.1219785,1.5021281930728798
2025-08-17,Tetanus Toxoid,0.0,0.0,1.1428571428571428,2.0887637,1.64501325558019
2025-08-18,Tetanus Toxoid,0.0,8.0,1.1428571428571428,2.2896519,2.3774497353479727
2025-08-19,Tetanus Toxoid,0.0,0.0,0.0,2.2596145,2.141959380235861
2025-08-20,Tetanus Toxoid,5.0,0.0,0.0,0.39042038,1.498525785029421
2025-08-21,Tetanus Toxoid,0.0,0.0,0.7142857142857143,0.35248485,3.142576748788964
2025-08-22,Tetanus Toxoid,0.0,0.0,0.7142857142857143,0.54593414,2.213207361402909
2025-08-23,Tetanus Toxoid,0.0,0.0,0.7142857142857143,0.7778401,1.5697671341129427
2025-08-24,Tetanus Toxoid,0.0,0.0,0.7142857142857143,0.92646503,1.712652196617971
2025-08-25,Tetanus Toxoid,0.0,0.0,0.7142857142857143,0.5097794,2.445088676386372
2025-08-26,Tetanus Toxoid,0.0,0.0,0.7142857142857143,0.6664527,2.209598321279625
2025-08-27,Tetanus Toxoid,0.0,5.0,0.7142857142857143,1.3190893,1.5661647260686369
2025-08-28,Tetanus Toxoid,0.0,0.0,0.0,1.3435162,3.2102156898283303
2025-08-29,Tetanus Toxoid,7.0,0.0,0.0,0.51819986,2.2808463024399948
2025-08-30,Tetanus Toxoid,0.0,0.0,1.0,3.3860195,1.6374060751509547
2025-08-31,Tetanus Toxoid,0.0,0.0,1.0,2.3596256,1.7802911376582244
2025-08-04,Thermometer,0.0,0.0,1.0,0.8677184,1.3613987861803516
2025-08-05,Thermometer,0.0,0.0,1.0,0.99692124,1.3162109817029748
2025-08-06,Thermometer,5.0,7.0,1.0,1.5366976,1.1018730385047593
2025-08-07,Thermometer,0.0,0.0,0.7142857142857143,0.8317718,1.5301602075267962
2025-08-08,Thermometer,0.0,0.0,0.7142857142857143,0.40136474,1.4586278208911143
2025-08-09,Thermometer,0.0,0.0,0.7142857142857143,0.7648702,1.5298918988111743
2025-08-10,Thermometer,0.0,0.0,0.7142857142857143,1.1962035,1.6011559734734309
2025-08-11,Thermometer,0.0,0.0,0.7142857142857143,0.6085424,1.4134651435242969
2025-08-12,Thermometer,2.0,0.0,0.7142857142857143,0.7302777,1.3682773390471479
2025-08-13,Thermometer,0.0,5.0,1.0,2.3070204,1.1539393958490645
2025-08-14,Thermometer,0.0,0.0,0.2857142857142857,0.46742898,1.5822265648710763
2025-08-15,Thermometer,0.0,0.0,0.2857142857142857,0.20551161,1.5106941782354912
2025-08-16,Thermometer,0.0,0.0,0.2857142857142857,0.7224545,1.5819582561543528
2025-08-17,Thermometer,3.0,0.0,0.2857142857142857,0.80459845,1.6532223308178609
2025-08-18,Thermometer,0.0,0.0,0.7142857142857143,0.12469946,1.4655315008688383
2025-08-19,Thermometer,0.0,2.0,0.7142857142857143,1.2817353,1.4203436963910228
2025-08-20,Thermometer,0.0,0.0,0.42857142857142855,0.20762065,1.2060057531934296
2025-08-21,Thermometer,0.0,0.0,0.42857142857142855,0.77700156,1.6342929222145943
2025-08-22,Thermometer,0.0,0.0,0.42857142857142855,0.79601425,1.5627605355798682
2025-08-23,Thermometer,0.0,0.0,0.42857142857142855,1.079487,1.634024613499222
2025-08-24,Thermometer,0.0,3.0,0.42857142857142855,1.1496772,1.7052886881615148
2025-08-25,Thermometer,0.0,0.0,0.0,0.9281686,1.5175978582127838
2025-08-26,Thermometer,0.0,0.0,0.0,0.9222876,1.4724100537362026
2025-08-27,Thermometer,0.0,0.0,0.0,0.57524043,1.2580721105377948
2025-08-28,Thermometer,5.0,0.0,0.0,0.6560771,1.6863592795588744
2025-08-29,Thermometer,0.0,0.0,0.7142857142857143,0.884291,1.614826892923575
2025-08-30,Thermometer,0.0,0.0,0.7142857142857143,0.43290392,1.6860909708432887
2025-08-31,Thermometer,0.0,0.0,0.7142857142857143,1.1069605,1.7573550455059452
2025-08-04,Thyroxine 50mcg,0.0,0.0,0.5714285714285714,0.7594203,0.7114117637097861
2025-08-05,Thyroxine 50mcg,0.0,0.0,0.5714285714285714,0.96431965,0.3058772083836015
2025-08-06,Thyroxine 50mcg,7.0,0.0,0.5714285714285714,0.24538098,0.5202646660764201
2025-08-07,Thyroxine 50mcg,8.0,4.0,1.5714285714285714,1.525295,1.163202530795726
2025-08-08,Thyroxine 50mcg,0.0,0.0,2.142857142857143,1.3855101,0.23481026431136487
2025-08-09,Thyroxine 50mcg,0.0,0.0,2.142857142857143,1.2992389,0.7348998691811659
2025-08-10,Thyroxine 50mcg,0.0,0.0,2.142857142857143,1.505022,0.4493306431048445
2025-08-11,Thyroxine 50mcg,0.0,0.0,2.142857142857143,2.572433,0.7138149301505481
2025-08-12,Thyroxine 50mcg,0.0,0.0,2.142857142857143,1.9992408,0.30828037482567394
2025-08-13,Thyroxine 50mcg,0.0,7.0,2.142857142857143,3.0285687,0.5226678325199513
2025-08-14,Thyroxine 50mcg,0.0,8.0,1.1428571428571428,3.035465,1.1656056972374984
2025-08-15,Thyroxine 50mcg,0.0,0.0,0.0,1.2348069,0.23721343075244555
2025-08-16,Thyroxine 50mcg,0.0,0.0,0.0,1.8955932,0.7373030356214167
2025-08-17,Thyroxine 50mcg,0.0,0.0,0.0,2.039733,0.4517338095468152
2025-08-18,Thyroxine 50mcg,9.0,0.0,0.0,2.105656,0.7162180965934117
2025-08-19,Thyroxine 50mcg,0.0,0.0,1.2857142857142858,0.21848924,0.31068354126539843
2025-08-20,Thyroxine 50mcg,0.0,0.0,1.2857142857142858,0.5623892,0.5250709989613535
2025-08-21,Thyroxine 50mcg,0.0,0.0,1.2857142857142858,0.8547398,1.168008863679725
2025-08-22,Thyroxine 50mcg,0.0,0.0,1.2857142857142858,0.23737203,0.23961659719352624
2025-08-23,Thyroxine 50mcg,0.0,0.0,1.2857142857142858,0.5722991,0.7397062020634589
2025-08-24,Thyroxine 50mcg,0.0,0.0,1.2857142857142858,0.55474067,0.45413697598734676
2025-08-25,Thyroxine 50mcg,4.0,9.0,1.2857142857142858,3.423797,0.7186212630341737
2025-08-26,Thyroxine 50mcg,0.0,0.0,0.5714285714285714,0.48557472,0.31308670770969693
2025-08-27,Thyroxine 50mcg,0.0,0.0,0.5714285714285714,0.8085989,0.5274741654027557
2025-08-28,Thyroxine 50mcg,0.0,0.0,0.5714285714285714,0.8943804,1.170412030121497
2025-08-29,Thyroxine 50mcg,0.0,0.0,0.5714285714285714,1.1709795,0.2420197636351602
2025-08-30,Thyroxine 50mcg,0.0,0.0,0.5714285714285714,1.4458834,0.7421093685050097
2025-08-31,Thyroxine 50mcg,6.0,0.0,0.5714285714285714,2.070928,0.4565401424293174
2025-08-04,Vitamin C Tablets,9.0,6.0,1.8571428571428572,0.76762134,0.8114208876640907
2025-08-05,Vitamin C Tablets,0.0,0.0,2.2857142857142856,0.2386277,2.390544373795924
2025-08-06,Vitamin C Tablets,0.0,7.0,2.2857142857142856,0.73833925,1.1772222504062757
2025-08-07,Vitamin C Tablets,0.0,0.0,1.2857142857142858,0.37799284,0.8202692956942714
2025-08-08,Vitamin C Tablets,0.0,0.0,1.2857142857142858,0.28646788,0.3205777948863643
2025-08-09,Vitamin C Tablets,0.0,0.0,1.2857142857142858,0.5491916,1.0340951162153063
2025-08-10,Vitamin C Tablets,0.0,0.0,1.2857142857142858,0.5302816,0.0
2025-08-11,Vitamin C Tablets,4.0,9.0,1.2857142857142858,0.9090923,0.8071142671924061
2025-08-12,Vitamin C Tablets,0.0,0.0,0.5714285714285714,0.0,2.386237753324698
2025-08-13,Vitamin C Tablets,0.0,0.0,0.5714285714285714,0.13597956,1.1729156299342685
2025-08-14,Vitamin C Tablets,0.0,0.0,0.5714285714285714,0.5927549,0.8159626752218921
2025-08-15,Vitamin C Tablets,4.0,0.0,0.5714285714285714,0.5691573,0.3162711744148692
2025-08-16,Vitamin C Tablets,0.0,0.0,1.1428571428571428,0.80432767,1.0297884957424999
2025-08-17,Vitamin C Tablets,0.0,0.0,1.1428571428571428,1.3359958,0.0
2025-08-18,Vitamin C Tablets,0.0,4.0,1.1428571428571428,0.22207206,0.8028076467236896
2025-08-19,Vitamin C Tablets,0.0,0.0,0.5714285714285714,0.61908054,2.381931132850966
2025-08-20,Vitamin C Tablets,8.0,0.0,0.5714285714285714,0.07793987,1.1686090094607142
2025-08-21,Vitamin C Tablets,0.0,0.0,1.7142857142857142,0.6686733,0.8116560547511011
2025-08-22,Vitamin C Tablets,0.0,4.0,1.7142857142857142,0.7102548,0.31196455394337363
2025-08-23,Vitamin C Tablets,7.0,0.0,1.1428571428571428,0.9854858,1.0254818752715666
2025-08-24,Vitamin C Tablets,0.0,0.0,2.142857142857143,0.77222013,0.0
2025-08-25,Vitamin C Tablets,8.0,0.0,2.142857142857143,1.8797418,0.7985010262520049
2025-08-26,Vitamin C Tablets,0.0,0.0,3.2857142857142856,1.1158997,2.37762451238027
2025-08-27,Vitamin C Tablets,0.0,8.0,3.2857142857142856,1.3837435,1.16430238898716
2025-08-28,Vitamin C Tablets,0.0,0.0,2.142857142857143,1.7232652,0.8073494342787219
2025-08-29,Vitamin C Tablets,0.0,0.0,2.142857142857143,2.0437105,0.30765793347083936
2025-08-30,Vitamin C Tablets,0.0,7.0,2.142857142857143,1.4598528,1.0211752547984785
2025-08-31,Vitamin C Tablets,0.0,0.0,1.1428571428571428,1.3833101,0.0
2025-08-04,Volini Gel,0.0,0.0,1.1428571428571428,0.97544175,1.161110139524446
2025-08-05,Volini Gel,0.0,0.0,1.1428571428571428,0.8238439,0.31000023305734514
2025-08-06,Volini Gel,0.0,0.0,1.1428571428571428,1.4004412,1.6670256622167978
2025-08-07,Volini Gel,0.0,0.0,1.1428571428571428,1.3810405,0.6671038632675441
2025-08-08,Volini Gel,0.0,0.0,1.1428571428571428,1.2781614,0.23856323724641154
2025-08-09,Volini Gel,0.0,0.0,1.1428571428571428,1.5633125,0.0
2025-08-10,Volini Gel,7.0,8.0,1.1428571428571428,3.0139637,0.9527783208986683
2025-08-11,Volini Gel,0.0,0.0,1.0,1.9094255,1.1071382602716244
2025-08-12,Volini Gel,0.0,0.0,1.0,1.0851864,0.25602835380390815
2025-08-13,Volini Gel,0.0,0.0,1.0,0.7821268,1.6130537829635043
2025-08-14,Volini Gel,0.0,0.0,1.0,1.826782,0.6131319840138787
2025-08-15,Volini Gel,7.0,0.0,1.0,1.5023792,0.18459135799217274
2025-08-16,Volini Gel,0.0,0.0,2.0,0.7525784,0.0
2025-08-17,Volini Gel,0.0,7.0,2.0,2.332411,0.8988064416453716
2025-08-18,Volini Gel,0.0,0.0,1.0,1.1506944,1.0531663810158283
2025-08-19,Volini Gel,0.0,0.0,1.0,1.1269071,0.20205647455258602
2025-08-20,Volini Gel,0.0,0.0,1.0,1.0843387,1.5590819037110466
2025-08-21,Volini Gel,0.0,0.0,1.0,1.1008843,0.559160104764103
2025-08-22,Volini Gel,0.0,7.0,1.0,2.5190516,0.13061947873793367
2025-08-23,Volini Gel,0.0,0.0,0.0,1.0668676,0.0
2025-08-24,Volini Gel,3.0,0.0,0.0,1.1795527,0.84483456239532
2025-08-25,Volini Gel,0.0,0.0,0.42857142857142855,0.18576305,0.9991945017630065
2025-08-26,Volini Gel,0.0,0.0,0.42857142857142855,0.6929688,0.14808459529625084
2025-08-27,Volini Gel,0.0,0.0,0.42857142857142855,0.75593656,1.5051100244585889
2025-08-28,Volini Gel,5.0,0.0,0.42857142857142855,0.96521527,0.5051882255104373
2025-08-29,Volini Gel,0.0,0.0,1.1428571428571428,1.6483527,0.07664759948562716
2025-08-30,Volini Gel,0.0,0.0,1.1428571428571428,0.6814742,0.0
2025-08-31,Volini Gel,0.0,3.0,1.1428571428571428,0.7132354,0.7908626831420231
2025-08-04,Zincovit,0.0,0.0,1.0,1.4917498,1.6376906561396178
2025-08-05,Zincovit,0.0,0.0,1.0,1.261304,0.16598698921476585
2025-08-06,Zincovit,0.0,0.0,1.0,1.097373,1.7384677556399186
2025-08-07,Zincovit,0.0,0.0,1.0,1.3736804,0.451786803302038
2025-08-08,Zincovit,0.0,0.0,1.0,1.1889584,1.3094771400894663
2025-08-09,Zincovit,0.0,0.0,1.0,1.206177,0.09427522277328604
2025-08-10,Zincovit,0.0,7.0,1.0,4.0852633,2.0241512059529896
2025-08-11,Zincovit,0.0,0.0,0.0,0.2911337,1.6411117558553967
2025-08-12,Zincovit,0.0,0.0,0.0,1.7550832,0.169408088928498
2025-08-13,Zincovit,0.0,0.0,0.0,1.6338263,1.741888855353197
2025-08-14,Zincovit,0.0,0.0,0.0,1.7741593,0.4552079030167514
2025-08-15,Zincovit,0.0,0.0,0.0,1.649318,1.3128982398036066
2025-08-16,Zincovit,0.0,0.0,0.0,1.5925852,0.09769632249063287
2025-08-17,Zincovit,7.0,0.0,0.0,0.6232958,2.02757230566729
2025-08-18,Zincovit,0.0,0.0,1.0,2.9411252,1.6445328555650902
2025-08-19,Zincovit,0.0,0.0,1.0,1.2889842,0.17282918864733743
2025-08-20,Zincovit,1.0,0.0,1.0,1.0721353,1.7453099550695925
2025-08-21,Zincovit,0.0,0.0,1.1428571428571428,0.5692853,0.4586290027331442
2025-08-22,Zincovit,0.0,0.0,1.1428571428571428,0.6773105,1.3163193395177475
2025-08-23,Zincovit,0.0,0.0,1.1428571428571428,0.80901873,0.10111742220304021
2025-08-24,Zincovit,0.0,7.0,1.1428571428571428,3.072912,2.0309934053874485
2025-08-25,Zincovit,0.0,0.0,0.14285714285714285,0.72387445,1.6479539552808689
2025-08-26,Zincovit,0.0,0.0,0.14285714285714285,0.88638926,0.17625028835728163
2025-08-27,Zincovit,7.0,1.0,0.14285714285714285,3.053446,1.7487310547859878
2025-08-28,Zincovit,6.0,0.0,1.0,2.0158713,0.4620501024478577
2025-08-29,Zincovit,0.0,0.0,1.8571428571428572,0.8912982,1.3197404392340872
2025-08-30,Zincovit,0.0,0.0,1.8571428571428572,1.648346,0.10453852191991986
2025-08-31,Zincovit,4.0,0.0,1.8571428571428572,2.068046,2.034414505101749
